ISO-10303-21;
HEADER;
FILE_DESCRIPTION(('shape.step'),'2;1');
FILE_NAME('shape.step','2026-09-04',('tscircuit'),('tscircuit'),'generator','','');
FILE_SCHEMA(('AUTOMOTIVE_DESIGN { 1 0 10303 214 1 1 1 1 }'));
ENDSEC;
DATA;
#1 = APPLICATION_CONTEXT('core data for automotive mechanical design processes');
#2 = APPLICATION_PROTOCOL_DEFINITION('international standard','automotive_design',2000,#1);
#3 = PRODUCT_CONTEXT('',#1,'mechanical');
#4 = PRODUCT('shape','shape','',(#3));
#5 = PRODUCT_DEFINITION_CONTEXT('part definition',#1,'design');
#6 = PRODUCT_DEFINITION_FORMATION('','',#4);
#7 = PRODUCT_DEFINITION('design','',#6,#5);
#8 = PRODUCT_DEFINITION_SHAPE('','',#7);
#9 = (
LENGTH_UNIT()
NAMED_UNIT(*)
SI_UNIT(.MILLI.,.METRE.)
);
#10 = (
NAMED_UNIT(*)
PLANE_ANGLE_UNIT()
SI_UNIT($,.RADIAN.)
);
#11 = (
NAMED_UNIT(*)
SI_UNIT($,.STERADIAN.)
SOLID_ANGLE_UNIT()
);
#12 = UNCERTAINTY_MEASURE_WITH_UNIT(LENGTH_MEASURE(1.E-07),#9,'distance_accuracy_value','confusion accuracy');
#13 = (
GEOMETRIC_REPRESENTATION_CONTEXT(3)
GLOBAL_UNCERTAINTY_ASSIGNED_CONTEXT((#12))
GLOBAL_UNIT_ASSIGNED_CONTEXT((#9,#10,#11))
REPRESENTATION_CONTEXT('Context #1','3D
Context with
TORTURE://UNITS')
);
#14 = CARTESIAN_POINT('',(0.,0.,0.));
#15 = DIRECTION('',(0.,0.,1.));
#16 = DIRECTION('',(1.,0.,0.));
#17 = AXIS2_PLACEMENT_3D('',#14,#15,#16);
#18 = CARTESIAN_POINT('',(-11.43,-1.27,0.));
#19 = VERTEX_POINT('',#18);
#20 = CARTESIAN_POINT('',(-11.43,-1.27,5.));
#21 = VERTEX_POINT('',#20);
#22 = CARTESIAN_POINT('',(-11.43,-0.8504999999999999,5.));
#23 = VERTEX_POINT('',#22);
#24 = CARTESIAN_POINT('',(-11.43,0.8504999999999999,5.));
#25 = VERTEX_POINT('',#24);
#26 = CARTESIAN_POINT('',(-11.43,1.27,5.));
#27 = VERTEX_POINT('',#26);
#28 = CARTESIAN_POINT('',(-11.43,1.27,0.));
#29 = VERTEX_POINT('',#28);
#30 = CARTESIAN_POINT('',(-11.43,0.4724999999999999,0.));
#31 = VERTEX_POINT('',#30);
#32 = CARTESIAN_POINT('',(-11.43,-0.4724999999999999,0.));
#33 = VERTEX_POINT('',#32);
#34 = DIRECTION('',(0.,0.,1.));
#35 = VECTOR('',#34,1.);
#36 = LINE('',#18,#35);
#37 = EDGE_CURVE('',#19,#21,#36,.T.);
#38 = ORIENTED_EDGE('',*,*,#37,.T.);
#39 = DIRECTION('',(0.,-1.,0.));
#40 = VECTOR('',#39,1.);
#41 = LINE('',#22,#40);
#42 = EDGE_CURVE('',#23,#21,#41,.T.);
#43 = ORIENTED_EDGE('',*,*,#42,.F.);
#44 = DIRECTION('',(0.,1.,0.));
#45 = VECTOR('',#44,1.);
#46 = LINE('',#22,#45);
#47 = EDGE_CURVE('',#23,#25,#46,.T.);
#48 = ORIENTED_EDGE('',*,*,#47,.T.);
#49 = DIRECTION('',(0.,1.,0.));
#50 = VECTOR('',#49,1.);
#51 = LINE('',#24,#50);
#52 = EDGE_CURVE('',#25,#27,#51,.T.);
#53 = ORIENTED_EDGE('',*,*,#52,.T.);
#54 = DIRECTION('',(0.,0.,1.));
#55 = VECTOR('',#54,1.);
#56 = LINE('',#28,#55);
#57 = EDGE_CURVE('',#29,#27,#56,.T.);
#58 = ORIENTED_EDGE('',*,*,#57,.F.);
#59 = DIRECTION('',(0.,1.,0.));
#60 = VECTOR('',#59,1.);
#61 = LINE('',#30,#60);
#62 = EDGE_CURVE('',#31,#29,#61,.T.);
#63 = ORIENTED_EDGE('',*,*,#62,.F.);
#64 = DIRECTION('',(0.,1.,0.));
#65 = VECTOR('',#64,1.);
#66 = LINE('',#32,#65);
#67 = EDGE_CURVE('',#33,#31,#66,.T.);
#68 = ORIENTED_EDGE('',*,*,#67,.F.);
#69 = DIRECTION('',(0.,-1.,0.));
#70 = VECTOR('',#69,1.);
#71 = LINE('',#32,#70);
#72 = EDGE_CURVE('',#33,#19,#71,.T.);
#73 = ORIENTED_EDGE('',*,*,#72,.T.);
#74 = CARTESIAN_POINT('',(-11.43,-1.27,0.));
#75 = DIRECTION('',(-1.,0.,0.));
#76 = DIRECTION('',(0.,0.,1.));
#77 = AXIS2_PLACEMENT_3D('',#74,#75,#76);
#78 = PLANE('',#77);
#79 = EDGE_LOOP('',(#38,#43,#48,#53,#58,#63,#68,#73));
#80 = FACE_OUTER_BOUND('',#79,.T.);
#81 = ADVANCED_FACE('',(#80),#78,.T.);
#82 = CARTESIAN_POINT('',(-8.89,-1.27,0.));
#83 = VERTEX_POINT('',#82);
#84 = CARTESIAN_POINT('',(-8.89,-0.4724999999999999,0.));
#85 = VERTEX_POINT('',#84);
#86 = CARTESIAN_POINT('',(-8.89,0.4724999999999999,0.));
#87 = VERTEX_POINT('',#86);
#88 = CARTESIAN_POINT('',(-8.89,1.27,0.));
#89 = VERTEX_POINT('',#88);
#90 = CARTESIAN_POINT('',(-8.89,1.27,5.));
#91 = VERTEX_POINT('',#90);
#92 = CARTESIAN_POINT('',(-8.89,0.8504999999999999,5.));
#93 = VERTEX_POINT('',#92);
#94 = CARTESIAN_POINT('',(-8.89,-0.8504999999999999,5.));
#95 = VERTEX_POINT('',#94);
#96 = CARTESIAN_POINT('',(-8.89,-1.27,5.));
#97 = VERTEX_POINT('',#96);
#98 = DIRECTION('',(0.,-1.,0.));
#99 = VECTOR('',#98,1.);
#100 = LINE('',#84,#99);
#101 = EDGE_CURVE('',#85,#83,#100,.T.);
#102 = ORIENTED_EDGE('',*,*,#101,.F.);
#103 = DIRECTION('',(0.,1.,0.));
#104 = VECTOR('',#103,1.);
#105 = LINE('',#84,#104);
#106 = EDGE_CURVE('',#85,#87,#105,.T.);
#107 = ORIENTED_EDGE('',*,*,#106,.T.);
#108 = DIRECTION('',(0.,1.,0.));
#109 = VECTOR('',#108,1.);
#110 = LINE('',#86,#109);
#111 = EDGE_CURVE('',#87,#89,#110,.T.);
#112 = ORIENTED_EDGE('',*,*,#111,.T.);
#113 = DIRECTION('',(0.,0.,1.));
#114 = VECTOR('',#113,1.);
#115 = LINE('',#88,#114);
#116 = EDGE_CURVE('',#89,#91,#115,.T.);
#117 = ORIENTED_EDGE('',*,*,#116,.T.);
#118 = DIRECTION('',(0.,1.,0.));
#119 = VECTOR('',#118,1.);
#120 = LINE('',#92,#119);
#121 = EDGE_CURVE('',#93,#91,#120,.T.);
#122 = ORIENTED_EDGE('',*,*,#121,.F.);
#123 = DIRECTION('',(0.,1.,0.));
#124 = VECTOR('',#123,1.);
#125 = LINE('',#94,#124);
#126 = EDGE_CURVE('',#95,#93,#125,.T.);
#127 = ORIENTED_EDGE('',*,*,#126,.F.);
#128 = DIRECTION('',(0.,-1.,0.));
#129 = VECTOR('',#128,1.);
#130 = LINE('',#94,#129);
#131 = EDGE_CURVE('',#95,#97,#130,.T.);
#132 = ORIENTED_EDGE('',*,*,#131,.T.);
#133 = DIRECTION('',(0.,0.,1.));
#134 = VECTOR('',#133,1.);
#135 = LINE('',#82,#134);
#136 = EDGE_CURVE('',#83,#97,#135,.T.);
#137 = ORIENTED_EDGE('',*,*,#136,.F.);
#138 = CARTESIAN_POINT('',(-8.89,-1.27,0.));
#139 = DIRECTION('',(1.,0.,0.));
#140 = DIRECTION('',(0.,1.,0.));
#141 = AXIS2_PLACEMENT_3D('',#138,#139,#140);
#142 = PLANE('',#141);
#143 = EDGE_LOOP('',(#102,#107,#112,#117,#122,#127,#132,#137));
#144 = FACE_OUTER_BOUND('',#143,.T.);
#145 = ADVANCED_FACE('',(#144),#142,.T.);
#146 = DIRECTION('',(1.,0.,0.));
#147 = VECTOR('',#146,1.);
#148 = LINE('',#18,#147);
#149 = EDGE_CURVE('',#19,#83,#148,.T.);
#150 = ORIENTED_EDGE('',*,*,#149,.T.);
#151 = ORIENTED_EDGE('',*,*,#136,.T.);
#152 = DIRECTION('',(1.,0.,0.));
#153 = VECTOR('',#152,1.);
#154 = LINE('',#20,#153);
#155 = EDGE_CURVE('',#21,#97,#154,.T.);
#156 = ORIENTED_EDGE('',*,*,#155,.F.);
#157 = ORIENTED_EDGE('',*,*,#37,.F.);
#158 = CARTESIAN_POINT('',(-11.43,-1.27,0.));
#159 = DIRECTION('',(0.,-1.,0.));
#160 = DIRECTION('',(1.,0.,0.));
#161 = AXIS2_PLACEMENT_3D('',#158,#159,#160);
#162 = PLANE('',#161);
#163 = EDGE_LOOP('',(#150,#151,#156,#157));
#164 = FACE_OUTER_BOUND('',#163,.T.);
#165 = ADVANCED_FACE('',(#164),#162,.T.);
#166 = ORIENTED_EDGE('',*,*,#57,.T.);
#167 = DIRECTION('',(1.,0.,0.));
#168 = VECTOR('',#167,1.);
#169 = LINE('',#26,#168);
#170 = EDGE_CURVE('',#27,#91,#169,.T.);
#171 = ORIENTED_EDGE('',*,*,#170,.T.);
#172 = ORIENTED_EDGE('',*,*,#116,.F.);
#173 = DIRECTION('',(1.,0.,0.));
#174 = VECTOR('',#173,1.);
#175 = LINE('',#28,#174);
#176 = EDGE_CURVE('',#29,#89,#175,.T.);
#177 = ORIENTED_EDGE('',*,*,#176,.F.);
#178 = CARTESIAN_POINT('',(-11.43,1.27,0.));
#179 = DIRECTION('',(0.,1.,0.));
#180 = DIRECTION('',(0.,0.,1.));
#181 = AXIS2_PLACEMENT_3D('',#178,#179,#180);
#182 = PLANE('',#181);
#183 = EDGE_LOOP('',(#166,#171,#172,#177));
#184 = FACE_OUTER_BOUND('',#183,.T.);
#185 = ADVANCED_FACE('',(#184),#182,.T.);
#186 = CARTESIAN_POINT('',(-9.6875,0.4725,0.));
#187 = VERTEX_POINT('',#186);
#188 = CARTESIAN_POINT('',(-10.6325,0.4725,0.));
#189 = VERTEX_POINT('',#188);
#190 = ORIENTED_EDGE('',*,*,#111,.F.);
#191 = DIRECTION('',(-1.,0.,0.));
#192 = VECTOR('',#191,1.);
#193 = LINE('',#86,#192);
#194 = EDGE_CURVE('',#87,#187,#193,.T.);
#195 = ORIENTED_EDGE('',*,*,#194,.T.);
#196 = DIRECTION('',(1.,0.,0.));
#197 = VECTOR('',#196,1.);
#198 = LINE('',#188,#197);
#199 = EDGE_CURVE('',#189,#187,#198,.T.);
#200 = ORIENTED_EDGE('',*,*,#199,.F.);
#201 = DIRECTION('',(-1.,0.,0.));
#202 = VECTOR('',#201,1.);
#203 = LINE('',#188,#202);
#204 = EDGE_CURVE('',#189,#31,#203,.T.);
#205 = ORIENTED_EDGE('',*,*,#204,.T.);
#206 = ORIENTED_EDGE('',*,*,#62,.T.);
#207 = ORIENTED_EDGE('',*,*,#176,.T.);
#208 = CARTESIAN_POINT('',(-8.89,1.27,0.));
#209 = DIRECTION('',(0.,0.,-1.));
#210 = DIRECTION('',(0.,-1.,0.));
#211 = AXIS2_PLACEMENT_3D('',#208,#209,#210);
#212 = PLANE('',#211);
#213 = EDGE_LOOP('',(#190,#195,#200,#205,#206,#207));
#214 = FACE_OUTER_BOUND('',#213,.T.);
#215 = ADVANCED_FACE('',(#214),#212,.T.);
#216 = CARTESIAN_POINT('',(-10.6325,-0.4724999999999999,0.));
#217 = VERTEX_POINT('',#216);
#218 = DIRECTION('',(0.,1.,0.));
#219 = VECTOR('',#218,1.);
#220 = LINE('',#216,#219);
#221 = EDGE_CURVE('',#217,#189,#220,.T.);
#222 = ORIENTED_EDGE('',*,*,#221,.F.);
#223 = DIRECTION('',(-1.,0.,0.));
#224 = VECTOR('',#223,1.);
#225 = LINE('',#216,#224);
#226 = EDGE_CURVE('',#217,#33,#225,.T.);
#227 = ORIENTED_EDGE('',*,*,#226,.T.);
#228 = ORIENTED_EDGE('',*,*,#67,.T.);
#229 = ORIENTED_EDGE('',*,*,#204,.F.);
#230 = CARTESIAN_POINT('',(-10.6325,0.4724999999999999,0.));
#231 = DIRECTION('',(0.,0.,-1.));
#232 = DIRECTION('',(0.,-1.,0.));
#233 = AXIS2_PLACEMENT_3D('',#230,#231,#232);
#234 = PLANE('',#233);
#235 = EDGE_LOOP('',(#222,#227,#228,#229));
#236 = FACE_OUTER_BOUND('',#235,.T.);
#237 = ADVANCED_FACE('',(#236),#234,.T.);
#238 = CARTESIAN_POINT('',(-9.6875,-0.4724999999999999,0.));
#239 = VERTEX_POINT('',#238);
#240 = ORIENTED_EDGE('',*,*,#106,.F.);
#241 = DIRECTION('',(-1.,0.,0.));
#242 = VECTOR('',#241,1.);
#243 = LINE('',#84,#242);
#244 = EDGE_CURVE('',#85,#239,#243,.T.);
#245 = ORIENTED_EDGE('',*,*,#244,.T.);
#246 = DIRECTION('',(0.,1.,0.));
#247 = VECTOR('',#246,1.);
#248 = LINE('',#238,#247);
#249 = EDGE_CURVE('',#239,#187,#248,.T.);
#250 = ORIENTED_EDGE('',*,*,#249,.T.);
#251 = ORIENTED_EDGE('',*,*,#194,.F.);
#252 = CARTESIAN_POINT('',(-8.89,0.4724999999999999,0.));
#253 = DIRECTION('',(0.,0.,-1.));
#254 = DIRECTION('',(0.,-1.,0.));
#255 = AXIS2_PLACEMENT_3D('',#252,#253,#254);
#256 = PLANE('',#255);
#257 = EDGE_LOOP('',(#240,#245,#250,#251));
#258 = FACE_OUTER_BOUND('',#257,.T.);
#259 = ADVANCED_FACE('',(#258),#256,.T.);
#260 = ORIENTED_EDGE('',*,*,#101,.T.);
#261 = ORIENTED_EDGE('',*,*,#149,.F.);
#262 = ORIENTED_EDGE('',*,*,#72,.F.);
#263 = ORIENTED_EDGE('',*,*,#226,.F.);
#264 = DIRECTION('',(1.,0.,0.));
#265 = VECTOR('',#264,1.);
#266 = LINE('',#216,#265);
#267 = EDGE_CURVE('',#217,#239,#266,.T.);
#268 = ORIENTED_EDGE('',*,*,#267,.T.);
#269 = ORIENTED_EDGE('',*,*,#244,.F.);
#270 = CARTESIAN_POINT('',(-8.89,-0.4724999999999999,0.));
#271 = DIRECTION('',(0.,0.,-1.));
#272 = DIRECTION('',(0.,-1.,0.));
#273 = AXIS2_PLACEMENT_3D('',#270,#271,#272);
#274 = PLANE('',#273);
#275 = EDGE_LOOP('',(#260,#261,#262,#263,#268,#269));
#276 = FACE_OUTER_BOUND('',#275,.T.);
#277 = ADVANCED_FACE('',(#276),#274,.T.);
#278 = CARTESIAN_POINT('',(-11.0105,-0.8504999999999999,4.995));
#279 = VERTEX_POINT('',#278);
#280 = CARTESIAN_POINT('',(-9.3095,-0.8504999999999999,4.995));
#281 = VERTEX_POINT('',#280);
#282 = CARTESIAN_POINT('',(-9.6875,-0.4725,4.3854));
#283 = VERTEX_POINT('',#282);
#284 = CARTESIAN_POINT('',(-10.6325,-0.4725,4.3854));
#285 = VERTEX_POINT('',#284);
#286 = DIRECTION('',(1.,0.,0.));
#287 = VECTOR('',#286,1.);
#288 = LINE('',#278,#287);
#289 = EDGE_CURVE('',#279,#281,#288,.T.);
#290 = ORIENTED_EDGE('',*,*,#289,.T.);
#291 = DIRECTION('',(-0.46621205975657015,0.46621205975656993,-0.7518594487502784));
#292 = VECTOR('',#291,1.);
#293 = LINE('',#280,#292);
#294 = EDGE_CURVE('',#281,#283,#293,.T.);
#295 = ORIENTED_EDGE('',*,*,#294,.T.);
#296 = DIRECTION('',(1.,0.,0.));
#297 = VECTOR('',#296,1.);
#298 = LINE('',#284,#297);
#299 = EDGE_CURVE('',#285,#283,#298,.T.);
#300 = ORIENTED_EDGE('',*,*,#299,.F.);
#301 = DIRECTION('',(-0.46621205975657015,-0.46621205975656993,0.7518594487502784));
#302 = VECTOR('',#301,1.);
#303 = LINE('',#284,#302);
#304 = EDGE_CURVE('',#285,#279,#303,.T.);
#305 = ORIENTED_EDGE('',*,*,#304,.T.);
#306 = CARTESIAN_POINT('',(-11.0105,-0.8504999999999999,4.995));
#307 = DIRECTION('',(0.,0.849872720784639,0.5269880059983483));
#308 = DIRECTION('',(1.,0.,0.));
#309 = AXIS2_PLACEMENT_3D('',#306,#307,#308);
#310 = PLANE('',#309);
#311 = EDGE_LOOP('',(#290,#295,#300,#305));
#312 = FACE_OUTER_BOUND('',#311,.T.);
#313 = ADVANCED_FACE('',(#312),#310,.T.);
#314 = CARTESIAN_POINT('',(-10.6325,0.4725,4.3854));
#315 = VERTEX_POINT('',#314);
#316 = CARTESIAN_POINT('',(-11.0105,0.8504999999999999,4.995));
#317 = VERTEX_POINT('',#316);
#318 = DIRECTION('',(-0.46621205975657015,0.46621205975656993,0.7518594487502784));
#319 = VECTOR('',#318,1.);
#320 = LINE('',#314,#319);
#321 = EDGE_CURVE('',#315,#317,#320,.T.);
#322 = ORIENTED_EDGE('',*,*,#321,.T.);
#323 = DIRECTION('',(0.,1.,0.));
#324 = VECTOR('',#323,1.);
#325 = LINE('',#278,#324);
#326 = EDGE_CURVE('',#279,#317,#325,.T.);
#327 = ORIENTED_EDGE('',*,*,#326,.F.);
#328 = ORIENTED_EDGE('',*,*,#304,.F.);
#329 = DIRECTION('',(0.,1.,0.));
#330 = VECTOR('',#329,1.);
#331 = LINE('',#284,#330);
#332 = EDGE_CURVE('',#285,#315,#331,.T.);
#333 = ORIENTED_EDGE('',*,*,#332,.T.);
#334 = CARTESIAN_POINT('',(-10.6325,0.4725,4.3854));
#335 = DIRECTION('',(0.8498727207846386,0.,0.5269880059983487));
#336 = DIRECTION('',(-0.46621205975657015,0.46621205975656993,0.7518594487502784));
#337 = AXIS2_PLACEMENT_3D('',#334,#335,#336);
#338 = PLANE('',#337);
#339 = EDGE_LOOP('',(#322,#327,#328,#333));
#340 = FACE_OUTER_BOUND('',#339,.T.);
#341 = ADVANCED_FACE('',(#340),#338,.T.);
#342 = CARTESIAN_POINT('',(-9.3095,0.8504999999999999,4.995));
#343 = VERTEX_POINT('',#342);
#344 = CARTESIAN_POINT('',(-9.6875,0.4725,4.3854));
#345 = VERTEX_POINT('',#344);
#346 = DIRECTION('',(1.,0.,0.));
#347 = VECTOR('',#346,1.);
#348 = LINE('',#316,#347);
#349 = EDGE_CURVE('',#317,#343,#348,.T.);
#350 = ORIENTED_EDGE('',*,*,#349,.F.);
#351 = ORIENTED_EDGE('',*,*,#321,.F.);
#352 = DIRECTION('',(1.,0.,0.));
#353 = VECTOR('',#352,1.);
#354 = LINE('',#314,#353);
#355 = EDGE_CURVE('',#315,#345,#354,.T.);
#356 = ORIENTED_EDGE('',*,*,#355,.T.);
#357 = DIRECTION('',(-0.46621205975657015,-0.46621205975656993,-0.7518594487502784));
#358 = VECTOR('',#357,1.);
#359 = LINE('',#342,#358);
#360 = EDGE_CURVE('',#343,#345,#359,.T.);
#361 = ORIENTED_EDGE('',*,*,#360,.F.);
#362 = CARTESIAN_POINT('',(-9.3095,0.8504999999999999,4.995));
#363 = DIRECTION('',(0.,-0.849872720784639,0.5269880059983483));
#364 = DIRECTION('',(-1.,0.,0.));
#365 = AXIS2_PLACEMENT_3D('',#362,#363,#364);
#366 = PLANE('',#365);
#367 = EDGE_LOOP('',(#350,#351,#356,#361));
#368 = FACE_OUTER_BOUND('',#367,.T.);
#369 = ADVANCED_FACE('',(#368),#366,.T.);
#370 = ORIENTED_EDGE('',*,*,#294,.F.);
#371 = DIRECTION('',(0.,1.,0.));
#372 = VECTOR('',#371,1.);
#373 = LINE('',#280,#372);
#374 = EDGE_CURVE('',#281,#343,#373,.T.);
#375 = ORIENTED_EDGE('',*,*,#374,.T.);
#376 = ORIENTED_EDGE('',*,*,#360,.T.);
#377 = DIRECTION('',(0.,1.,0.));
#378 = VECTOR('',#377,1.);
#379 = LINE('',#282,#378);
#380 = EDGE_CURVE('',#283,#345,#379,.T.);
#381 = ORIENTED_EDGE('',*,*,#380,.F.);
#382 = CARTESIAN_POINT('',(-9.6875,-0.4725,4.3854));
#383 = DIRECTION('',(-0.8498727207846386,0.,0.5269880059983487));
#384 = DIRECTION('',(0.46621205975657015,-0.46621205975656993,0.7518594487502784));
#385 = AXIS2_PLACEMENT_3D('',#382,#383,#384);
#386 = PLANE('',#385);
#387 = EDGE_LOOP('',(#370,#375,#376,#381));
#388 = FACE_OUTER_BOUND('',#387,.T.);
#389 = ADVANCED_FACE('',(#388),#386,.T.);
#390 = CARTESIAN_POINT('',(-9.3095,-0.8504999999999999,5.));
#391 = VERTEX_POINT('',#390);
#392 = CARTESIAN_POINT('',(-11.0105,-0.8504999999999999,5.));
#393 = VERTEX_POINT('',#392);
#394 = DIRECTION('',(0.,0.,1.));
#395 = VECTOR('',#394,1.);
#396 = LINE('',#280,#395);
#397 = EDGE_CURVE('',#281,#391,#396,.T.);
#398 = ORIENTED_EDGE('',*,*,#397,.F.);
#399 = ORIENTED_EDGE('',*,*,#289,.F.);
#400 = DIRECTION('',(0.,0.,1.));
#401 = VECTOR('',#400,1.);
#402 = LINE('',#278,#401);
#403 = EDGE_CURVE('',#279,#393,#402,.T.);
#404 = ORIENTED_EDGE('',*,*,#403,.T.);
#405 = DIRECTION('',(1.,0.,0.));
#406 = VECTOR('',#405,1.);
#407 = LINE('',#392,#406);
#408 = EDGE_CURVE('',#393,#391,#407,.T.);
#409 = ORIENTED_EDGE('',*,*,#408,.T.);
#410 = CARTESIAN_POINT('',(-9.3095,-0.8504999999999999,5.));
#411 = DIRECTION('',(0.,1.,0.));
#412 = DIRECTION('',(0.,0.,-1.));
#413 = AXIS2_PLACEMENT_3D('',#410,#411,#412);
#414 = PLANE('',#413);
#415 = EDGE_LOOP('',(#398,#399,#404,#409));
#416 = FACE_OUTER_BOUND('',#415,.T.);
#417 = ADVANCED_FACE('',(#416),#414,.T.);
#418 = CARTESIAN_POINT('',(-11.0105,0.8504999999999999,5.));
#419 = VERTEX_POINT('',#418);
#420 = ORIENTED_EDGE('',*,*,#403,.F.);
#421 = ORIENTED_EDGE('',*,*,#326,.T.);
#422 = DIRECTION('',(0.,0.,1.));
#423 = VECTOR('',#422,1.);
#424 = LINE('',#316,#423);
#425 = EDGE_CURVE('',#317,#419,#424,.T.);
#426 = ORIENTED_EDGE('',*,*,#425,.T.);
#427 = DIRECTION('',(0.,1.,0.));
#428 = VECTOR('',#427,1.);
#429 = LINE('',#392,#428);
#430 = EDGE_CURVE('',#393,#419,#429,.T.);
#431 = ORIENTED_EDGE('',*,*,#430,.F.);
#432 = CARTESIAN_POINT('',(-11.0105,-0.8504999999999999,5.));
#433 = DIRECTION('',(1.,0.,0.));
#434 = DIRECTION('',(0.,0.,-1.));
#435 = AXIS2_PLACEMENT_3D('',#432,#433,#434);
#436 = PLANE('',#435);
#437 = EDGE_LOOP('',(#420,#421,#426,#431));
#438 = FACE_OUTER_BOUND('',#437,.T.);
#439 = ADVANCED_FACE('',(#438),#436,.T.);
#440 = CARTESIAN_POINT('',(-9.3095,0.8504999999999999,5.));
#441 = VERTEX_POINT('',#440);
#442 = DIRECTION('',(0.,0.,1.));
#443 = VECTOR('',#442,1.);
#444 = LINE('',#342,#443);
#445 = EDGE_CURVE('',#343,#441,#444,.T.);
#446 = ORIENTED_EDGE('',*,*,#445,.F.);
#447 = ORIENTED_EDGE('',*,*,#374,.F.);
#448 = ORIENTED_EDGE('',*,*,#397,.T.);
#449 = DIRECTION('',(0.,1.,0.));
#450 = VECTOR('',#449,1.);
#451 = LINE('',#390,#450);
#452 = EDGE_CURVE('',#391,#441,#451,.T.);
#453 = ORIENTED_EDGE('',*,*,#452,.T.);
#454 = CARTESIAN_POINT('',(-9.3095,0.8504999999999999,5.));
#455 = DIRECTION('',(-1.,0.,0.));
#456 = DIRECTION('',(0.,0.,-1.));
#457 = AXIS2_PLACEMENT_3D('',#454,#455,#456);
#458 = PLANE('',#457);
#459 = EDGE_LOOP('',(#446,#447,#448,#453));
#460 = FACE_OUTER_BOUND('',#459,.T.);
#461 = ADVANCED_FACE('',(#460),#458,.T.);
#462 = ORIENTED_EDGE('',*,*,#425,.F.);
#463 = ORIENTED_EDGE('',*,*,#349,.T.);
#464 = ORIENTED_EDGE('',*,*,#445,.T.);
#465 = DIRECTION('',(1.,0.,0.));
#466 = VECTOR('',#465,1.);
#467 = LINE('',#418,#466);
#468 = EDGE_CURVE('',#419,#441,#467,.T.);
#469 = ORIENTED_EDGE('',*,*,#468,.F.);
#470 = CARTESIAN_POINT('',(-11.0105,0.8504999999999999,5.));
#471 = DIRECTION('',(0.,-1.,0.));
#472 = DIRECTION('',(0.,0.,-1.));
#473 = AXIS2_PLACEMENT_3D('',#470,#471,#472);
#474 = PLANE('',#473);
#475 = EDGE_LOOP('',(#462,#463,#464,#469));
#476 = FACE_OUTER_BOUND('',#475,.T.);
#477 = ADVANCED_FACE('',(#476),#474,.T.);
#478 = DIRECTION('',(0.,0.,1.));
#479 = VECTOR('',#478,1.);
#480 = LINE('',#216,#479);
#481 = EDGE_CURVE('',#217,#285,#480,.T.);
#482 = ORIENTED_EDGE('',*,*,#481,.F.);
#483 = ORIENTED_EDGE('',*,*,#221,.T.);
#484 = DIRECTION('',(0.,0.,1.));
#485 = VECTOR('',#484,1.);
#486 = LINE('',#188,#485);
#487 = EDGE_CURVE('',#189,#315,#486,.T.);
#488 = ORIENTED_EDGE('',*,*,#487,.T.);
#489 = ORIENTED_EDGE('',*,*,#332,.F.);
#490 = CARTESIAN_POINT('',(-10.6325,-0.4725,4.385399999999999));
#491 = DIRECTION('',(1.,0.,0.));
#492 = DIRECTION('',(0.,0.,-1.));
#493 = AXIS2_PLACEMENT_3D('',#490,#491,#492);
#494 = PLANE('',#493);
#495 = EDGE_LOOP('',(#482,#483,#488,#489));
#496 = FACE_OUTER_BOUND('',#495,.T.);
#497 = ADVANCED_FACE('',(#496),#494,.T.);
#498 = ORIENTED_EDGE('',*,*,#380,.T.);
#499 = DIRECTION('',(0.,0.,1.));
#500 = VECTOR('',#499,1.);
#501 = LINE('',#186,#500);
#502 = EDGE_CURVE('',#187,#345,#501,.T.);
#503 = ORIENTED_EDGE('',*,*,#502,.F.);
#504 = ORIENTED_EDGE('',*,*,#249,.F.);
#505 = DIRECTION('',(0.,0.,1.));
#506 = VECTOR('',#505,1.);
#507 = LINE('',#238,#506);
#508 = EDGE_CURVE('',#239,#283,#507,.T.);
#509 = ORIENTED_EDGE('',*,*,#508,.T.);
#510 = CARTESIAN_POINT('',(-9.6875,-0.4725,4.3854000000000015));
#511 = DIRECTION('',(-1.,0.,0.));
#512 = DIRECTION('',(0.,1.,0.));
#513 = AXIS2_PLACEMENT_3D('',#510,#511,#512);
#514 = PLANE('',#513);
#515 = EDGE_LOOP('',(#498,#503,#504,#509));
#516 = FACE_OUTER_BOUND('',#515,.T.);
#517 = ADVANCED_FACE('',(#516),#514,.T.);
#518 = ORIENTED_EDGE('',*,*,#508,.F.);
#519 = ORIENTED_EDGE('',*,*,#267,.F.);
#520 = ORIENTED_EDGE('',*,*,#481,.T.);
#521 = ORIENTED_EDGE('',*,*,#299,.T.);
#522 = CARTESIAN_POINT('',(-9.6875,-0.4725,4.385400000000001));
#523 = DIRECTION('',(0.,1.,0.));
#524 = DIRECTION('',(0.,0.,-1.));
#525 = AXIS2_PLACEMENT_3D('',#522,#523,#524);
#526 = PLANE('',#525);
#527 = EDGE_LOOP('',(#518,#519,#520,#521));
#528 = FACE_OUTER_BOUND('',#527,.T.);
#529 = ADVANCED_FACE('',(#528),#526,.T.);
#530 = ORIENTED_EDGE('',*,*,#487,.F.);
#531 = ORIENTED_EDGE('',*,*,#199,.T.);
#532 = ORIENTED_EDGE('',*,*,#502,.T.);
#533 = ORIENTED_EDGE('',*,*,#355,.F.);
#534 = CARTESIAN_POINT('',(-10.6325,0.4725,4.3854000000000015));
#535 = DIRECTION('',(0.,-1.,0.));
#536 = DIRECTION('',(0.,0.,-1.));
#537 = AXIS2_PLACEMENT_3D('',#534,#535,#536);
#538 = PLANE('',#537);
#539 = EDGE_LOOP('',(#530,#531,#532,#533));
#540 = FACE_OUTER_BOUND('',#539,.T.);
#541 = ADVANCED_FACE('',(#540),#538,.T.);
#542 = ORIENTED_EDGE('',*,*,#52,.F.);
#543 = DIRECTION('',(-1.,0.,0.));
#544 = VECTOR('',#543,1.);
#545 = LINE('',#418,#544);
#546 = EDGE_CURVE('',#419,#25,#545,.T.);
#547 = ORIENTED_EDGE('',*,*,#546,.F.);
#548 = ORIENTED_EDGE('',*,*,#468,.T.);
#549 = DIRECTION('',(-1.,0.,0.));
#550 = VECTOR('',#549,1.);
#551 = LINE('',#92,#550);
#552 = EDGE_CURVE('',#93,#441,#551,.T.);
#553 = ORIENTED_EDGE('',*,*,#552,.F.);
#554 = ORIENTED_EDGE('',*,*,#121,.T.);
#555 = ORIENTED_EDGE('',*,*,#170,.F.);
#556 = CARTESIAN_POINT('',(-11.43,1.27,5.));
#557 = DIRECTION('',(0.,0.,1.));
#558 = DIRECTION('',(0.,-1.,0.));
#559 = AXIS2_PLACEMENT_3D('',#556,#557,#558);
#560 = PLANE('',#559);
#561 = EDGE_LOOP('',(#542,#547,#548,#553,#554,#555));
#562 = FACE_OUTER_BOUND('',#561,.T.);
#563 = ADVANCED_FACE('',(#562),#560,.T.);
#564 = ORIENTED_EDGE('',*,*,#452,.F.);
#565 = DIRECTION('',(-1.,0.,0.));
#566 = VECTOR('',#565,1.);
#567 = LINE('',#94,#566);
#568 = EDGE_CURVE('',#95,#391,#567,.T.);
#569 = ORIENTED_EDGE('',*,*,#568,.F.);
#570 = ORIENTED_EDGE('',*,*,#126,.T.);
#571 = ORIENTED_EDGE('',*,*,#552,.T.);
#572 = CARTESIAN_POINT('',(-9.3095,0.8504999999999999,5.));
#573 = DIRECTION('',(0.,0.,1.));
#574 = DIRECTION('',(0.,-1.,0.));
#575 = AXIS2_PLACEMENT_3D('',#572,#573,#574);
#576 = PLANE('',#575);
#577 = EDGE_LOOP('',(#564,#569,#570,#571));
#578 = FACE_OUTER_BOUND('',#577,.T.);
#579 = ADVANCED_FACE('',(#578),#576,.T.);
#580 = ORIENTED_EDGE('',*,*,#47,.F.);
#581 = DIRECTION('',(-1.,0.,0.));
#582 = VECTOR('',#581,1.);
#583 = LINE('',#392,#582);
#584 = EDGE_CURVE('',#393,#23,#583,.T.);
#585 = ORIENTED_EDGE('',*,*,#584,.F.);
#586 = ORIENTED_EDGE('',*,*,#430,.T.);
#587 = ORIENTED_EDGE('',*,*,#546,.T.);
#588 = CARTESIAN_POINT('',(-11.43,0.8504999999999999,5.));
#589 = DIRECTION('',(0.,0.,1.));
#590 = DIRECTION('',(0.,-1.,0.));
#591 = AXIS2_PLACEMENT_3D('',#588,#589,#590);
#592 = PLANE('',#591);
#593 = EDGE_LOOP('',(#580,#585,#586,#587));
#594 = FACE_OUTER_BOUND('',#593,.T.);
#595 = ADVANCED_FACE('',(#594),#592,.T.);
#596 = ORIENTED_EDGE('',*,*,#42,.T.);
#597 = ORIENTED_EDGE('',*,*,#155,.T.);
#598 = ORIENTED_EDGE('',*,*,#131,.F.);
#599 = ORIENTED_EDGE('',*,*,#568,.T.);
#600 = ORIENTED_EDGE('',*,*,#408,.F.);
#601 = ORIENTED_EDGE('',*,*,#584,.T.);
#602 = CARTESIAN_POINT('',(-11.43,-0.8504999999999999,5.));
#603 = DIRECTION('',(0.,0.,1.));
#604 = DIRECTION('',(0.,-1.,0.));
#605 = AXIS2_PLACEMENT_3D('',#602,#603,#604);
#606 = PLANE('',#605);
#607 = EDGE_LOOP('',(#596,#597,#598,#599,#600,#601));
#608 = FACE_OUTER_BOUND('',#607,.T.);
#609 = ADVANCED_FACE('',(#608),#606,.T.);
#610 = CLOSED_SHELL('',(#81,#145,#165,#185,#215,#237,#259,#277,#313,#341,#369,#389,#417,#439,#461,#477,#497,#517,#529,#541,#563,#579,#595,#609));
#611 = MANIFOLD_SOLID_BREP('',#610);
#612 = COLOUR_RGB('',0.10196078431372549,0.10196078431372549,0.10196078431372549);
#613 = FILL_AREA_STYLE_COLOUR('',#612);
#614 = FILL_AREA_STYLE('',(#613));
#615 = SURFACE_STYLE_FILL_AREA(#614);
#616 = SURFACE_SIDE_STYLE('',(#615));
#617 = SURFACE_STYLE_USAGE(.BOTH.,#616);
#618 = PRESENTATION_STYLE_ASSIGNMENT((#617));
#619 = STYLED_ITEM('',(#618),#611);
#620 = CARTESIAN_POINT('',(-9.845,-0.315,0.));
#621 = VERTEX_POINT('',#620);
#622 = CARTESIAN_POINT('',(-9.845,0.315,0.));
#623 = VERTEX_POINT('',#622);
#624 = CARTESIAN_POINT('',(-10.475,0.315,0.));
#625 = VERTEX_POINT('',#624);
#626 = CARTESIAN_POINT('',(-10.475,-0.315,0.));
#627 = VERTEX_POINT('',#626);
#628 = DIRECTION('',(0.,1.,0.));
#629 = VECTOR('',#628,1.);
#630 = LINE('',#620,#629);
#631 = EDGE_CURVE('',#621,#623,#630,.T.);
#632 = ORIENTED_EDGE('',*,*,#631,.T.);
#633 = DIRECTION('',(1.,0.,0.));
#634 = VECTOR('',#633,1.);
#635 = LINE('',#624,#634);
#636 = EDGE_CURVE('',#625,#623,#635,.T.);
#637 = ORIENTED_EDGE('',*,*,#636,.F.);
#638 = DIRECTION('',(0.,1.,0.));
#639 = VECTOR('',#638,1.);
#640 = LINE('',#626,#639);
#641 = EDGE_CURVE('',#627,#625,#640,.T.);
#642 = ORIENTED_EDGE('',*,*,#641,.F.);
#643 = DIRECTION('',(1.,0.,0.));
#644 = VECTOR('',#643,1.);
#645 = LINE('',#626,#644);
#646 = EDGE_CURVE('',#627,#621,#645,.T.);
#647 = ORIENTED_EDGE('',*,*,#646,.T.);
#648 = CARTESIAN_POINT('',(-9.845,-0.315,0.));
#649 = DIRECTION('',(0.,0.,1.));
#650 = DIRECTION('',(0.,1.,0.));
#651 = AXIS2_PLACEMENT_3D('',#648,#649,#650);
#652 = PLANE('',#651);
#653 = EDGE_LOOP('',(#632,#637,#642,#647));
#654 = FACE_OUTER_BOUND('',#653,.T.);
#655 = ADVANCED_FACE('',(#654),#652,.T.);
#656 = CARTESIAN_POINT('',(-10.475,0.315,-2.7));
#657 = VERTEX_POINT('',#656);
#658 = CARTESIAN_POINT('',(-9.845,0.315,-2.7));
#659 = VERTEX_POINT('',#658);
#660 = DIRECTION('',(0.,0.,1.));
#661 = VECTOR('',#660,1.);
#662 = LINE('',#656,#661);
#663 = EDGE_CURVE('',#657,#625,#662,.T.);
#664 = ORIENTED_EDGE('',*,*,#663,.T.);
#665 = ORIENTED_EDGE('',*,*,#636,.T.);
#666 = DIRECTION('',(0.,0.,1.));
#667 = VECTOR('',#666,1.);
#668 = LINE('',#658,#667);
#669 = EDGE_CURVE('',#659,#623,#668,.T.);
#670 = ORIENTED_EDGE('',*,*,#669,.F.);
#671 = DIRECTION('',(1.,0.,0.));
#672 = VECTOR('',#671,1.);
#673 = LINE('',#656,#672);
#674 = EDGE_CURVE('',#657,#659,#673,.T.);
#675 = ORIENTED_EDGE('',*,*,#674,.F.);
#676 = CARTESIAN_POINT('',(-10.475,0.315,-2.7));
#677 = DIRECTION('',(0.,1.,0.));
#678 = DIRECTION('',(0.,0.,1.));
#679 = AXIS2_PLACEMENT_3D('',#676,#677,#678);
#680 = PLANE('',#679);
#681 = EDGE_LOOP('',(#664,#665,#670,#675));
#682 = FACE_OUTER_BOUND('',#681,.T.);
#683 = ADVANCED_FACE('',(#682),#680,.T.);
#684 = CARTESIAN_POINT('',(-10.475,-0.315,-2.7));
#685 = VERTEX_POINT('',#684);
#686 = DIRECTION('',(0.,1.,0.));
#687 = VECTOR('',#686,1.);
#688 = LINE('',#684,#687);
#689 = EDGE_CURVE('',#685,#657,#688,.T.);
#690 = ORIENTED_EDGE('',*,*,#689,.F.);
#691 = DIRECTION('',(0.,0.,1.));
#692 = VECTOR('',#691,1.);
#693 = LINE('',#684,#692);
#694 = EDGE_CURVE('',#685,#627,#693,.T.);
#695 = ORIENTED_EDGE('',*,*,#694,.T.);
#696 = ORIENTED_EDGE('',*,*,#641,.T.);
#697 = ORIENTED_EDGE('',*,*,#663,.F.);
#698 = CARTESIAN_POINT('',(-10.475,0.315,-2.7));
#699 = DIRECTION('',(-1.,0.,0.));
#700 = DIRECTION('',(0.,-1.,0.));
#701 = AXIS2_PLACEMENT_3D('',#698,#699,#700);
#702 = PLANE('',#701);
#703 = EDGE_LOOP('',(#690,#695,#696,#697));
#704 = FACE_OUTER_BOUND('',#703,.T.);
#705 = ADVANCED_FACE('',(#704),#702,.T.);
#706 = CARTESIAN_POINT('',(-9.845,-0.315,-2.7));
#707 = VERTEX_POINT('',#706);
#708 = DIRECTION('',(0.,1.,0.));
#709 = VECTOR('',#708,1.);
#710 = LINE('',#706,#709);
#711 = EDGE_CURVE('',#707,#659,#710,.T.);
#712 = ORIENTED_EDGE('',*,*,#711,.T.);
#713 = ORIENTED_EDGE('',*,*,#669,.T.);
#714 = ORIENTED_EDGE('',*,*,#631,.F.);
#715 = DIRECTION('',(0.,0.,1.));
#716 = VECTOR('',#715,1.);
#717 = LINE('',#706,#716);
#718 = EDGE_CURVE('',#707,#621,#717,.T.);
#719 = ORIENTED_EDGE('',*,*,#718,.F.);
#720 = CARTESIAN_POINT('',(-9.845,-0.315,-2.7));
#721 = DIRECTION('',(1.,0.,0.));
#722 = DIRECTION('',(0.,1.,0.));
#723 = AXIS2_PLACEMENT_3D('',#720,#721,#722);
#724 = PLANE('',#723);
#725 = EDGE_LOOP('',(#712,#713,#714,#719));
#726 = FACE_OUTER_BOUND('',#725,.T.);
#727 = ADVANCED_FACE('',(#726),#724,.T.);
#728 = ORIENTED_EDGE('',*,*,#718,.T.);
#729 = ORIENTED_EDGE('',*,*,#646,.F.);
#730 = ORIENTED_EDGE('',*,*,#694,.F.);
#731 = DIRECTION('',(1.,0.,0.));
#732 = VECTOR('',#731,1.);
#733 = LINE('',#684,#732);
#734 = EDGE_CURVE('',#685,#707,#733,.T.);
#735 = ORIENTED_EDGE('',*,*,#734,.T.);
#736 = CARTESIAN_POINT('',(-9.845,-0.315,-2.7));
#737 = DIRECTION('',(0.,-1.,0.));
#738 = DIRECTION('',(0.,0.,1.));
#739 = AXIS2_PLACEMENT_3D('',#736,#737,#738);
#740 = PLANE('',#739);
#741 = EDGE_LOOP('',(#728,#729,#730,#735));
#742 = FACE_OUTER_BOUND('',#741,.T.);
#743 = ADVANCED_FACE('',(#742),#740,.T.);
#744 = CARTESIAN_POINT('',(-10.335,0.175,-3.));
#745 = VERTEX_POINT('',#744);
#746 = CARTESIAN_POINT('',(-9.985,0.175,-3.));
#747 = VERTEX_POINT('',#746);
#748 = DIRECTION('',(-0.3894904188522574,0.38949041885226077,0.8346223261119867));
#749 = VECTOR('',#748,1.);
#750 = LINE('',#744,#749);
#751 = EDGE_CURVE('',#745,#657,#750,.T.);
#752 = ORIENTED_EDGE('',*,*,#751,.T.);
#753 = ORIENTED_EDGE('',*,*,#674,.T.);
#754 = DIRECTION('',(-0.3894904188522574,-0.38949041885226077,-0.8346223261119867));
#755 = VECTOR('',#754,1.);
#756 = LINE('',#658,#755);
#757 = EDGE_CURVE('',#659,#747,#756,.T.);
#758 = ORIENTED_EDGE('',*,*,#757,.T.);
#759 = DIRECTION('',(1.,0.,0.));
#760 = VECTOR('',#759,1.);
#761 = LINE('',#744,#760);
#762 = EDGE_CURVE('',#745,#747,#761,.T.);
#763 = ORIENTED_EDGE('',*,*,#762,.F.);
#764 = CARTESIAN_POINT('',(-10.335,0.175,-3.));
#765 = DIRECTION('',(0.,0.9061831399952658,-0.42288546533112326));
#766 = DIRECTION('',(-0.3894904188522574,0.38949041885226077,0.8346223261119867));
#767 = AXIS2_PLACEMENT_3D('',#764,#765,#766);
#768 = PLANE('',#767);
#769 = EDGE_LOOP('',(#752,#753,#758,#763));
#770 = FACE_OUTER_BOUND('',#769,.T.);
#771 = ADVANCED_FACE('',(#770),#768,.T.);
#772 = CARTESIAN_POINT('',(-10.335,-0.175,-3.));
#773 = VERTEX_POINT('',#772);
#774 = DIRECTION('',(0.,1.,0.));
#775 = VECTOR('',#774,1.);
#776 = LINE('',#772,#775);
#777 = EDGE_CURVE('',#773,#745,#776,.T.);
#778 = ORIENTED_EDGE('',*,*,#777,.F.);
#779 = DIRECTION('',(-0.3894904188522574,-0.38949041885226077,0.8346223261119867));
#780 = VECTOR('',#779,1.);
#781 = LINE('',#772,#780);
#782 = EDGE_CURVE('',#773,#685,#781,.T.);
#783 = ORIENTED_EDGE('',*,*,#782,.T.);
#784 = ORIENTED_EDGE('',*,*,#689,.T.);
#785 = ORIENTED_EDGE('',*,*,#751,.F.);
#786 = CARTESIAN_POINT('',(-10.335,0.175,-3.));
#787 = DIRECTION('',(-0.9061831399952666,0.,-0.4228854653311212));
#788 = DIRECTION('',(0.,-1.,0.));
#789 = AXIS2_PLACEMENT_3D('',#786,#787,#788);
#790 = PLANE('',#789);
#791 = EDGE_LOOP('',(#778,#783,#784,#785));
#792 = FACE_OUTER_BOUND('',#791,.T.);
#793 = ADVANCED_FACE('',(#792),#790,.T.);
#794 = CARTESIAN_POINT('',(-9.985,-0.175,-3.));
#795 = VERTEX_POINT('',#794);
#796 = DIRECTION('',(1.,0.,0.));
#797 = VECTOR('',#796,1.);
#798 = LINE('',#772,#797);
#799 = EDGE_CURVE('',#773,#795,#798,.T.);
#800 = ORIENTED_EDGE('',*,*,#799,.F.);
#801 = ORIENTED_EDGE('',*,*,#777,.T.);
#802 = ORIENTED_EDGE('',*,*,#762,.T.);
#803 = DIRECTION('',(0.,1.,0.));
#804 = VECTOR('',#803,1.);
#805 = LINE('',#794,#804);
#806 = EDGE_CURVE('',#795,#747,#805,.T.);
#807 = ORIENTED_EDGE('',*,*,#806,.F.);
#808 = CARTESIAN_POINT('',(-9.985,-0.175,-3.));
#809 = DIRECTION('',(0.,0.,-1.));
#810 = DIRECTION('',(-1.,0.,0.));
#811 = AXIS2_PLACEMENT_3D('',#808,#809,#810);
#812 = PLANE('',#811);
#813 = EDGE_LOOP('',(#800,#801,#802,#807));
#814 = FACE_OUTER_BOUND('',#813,.T.);
#815 = ADVANCED_FACE('',(#814),#812,.T.);
#816 = ORIENTED_EDGE('',*,*,#806,.T.);
#817 = ORIENTED_EDGE('',*,*,#757,.F.);
#818 = ORIENTED_EDGE('',*,*,#711,.F.);
#819 = DIRECTION('',(-0.3894904188522574,0.38949041885226077,-0.8346223261119867));
#820 = VECTOR('',#819,1.);
#821 = LINE('',#706,#820);
#822 = EDGE_CURVE('',#707,#795,#821,.T.);
#823 = ORIENTED_EDGE('',*,*,#822,.T.);
#824 = CARTESIAN_POINT('',(-9.985,-0.175,-3.));
#825 = DIRECTION('',(0.9061831399952666,0.,-0.4228854653311212));
#826 = DIRECTION('',(0.,1.,0.));
#827 = AXIS2_PLACEMENT_3D('',#824,#825,#826);
#828 = PLANE('',#827);
#829 = EDGE_LOOP('',(#816,#817,#818,#823));
#830 = FACE_OUTER_BOUND('',#829,.T.);
#831 = ADVANCED_FACE('',(#830),#828,.T.);
#832 = ORIENTED_EDGE('',*,*,#822,.F.);
#833 = ORIENTED_EDGE('',*,*,#734,.F.);
#834 = ORIENTED_EDGE('',*,*,#782,.F.);
#835 = ORIENTED_EDGE('',*,*,#799,.T.);
#836 = CARTESIAN_POINT('',(-9.985,-0.175,-3.));
#837 = DIRECTION('',(0.,-0.9061831399952658,-0.42288546533112326));
#838 = DIRECTION('',(0.3894904188522574,-0.38949041885226077,0.8346223261119867));
#839 = AXIS2_PLACEMENT_3D('',#836,#837,#838);
#840 = PLANE('',#839);
#841 = EDGE_LOOP('',(#832,#833,#834,#835));
#842 = FACE_OUTER_BOUND('',#841,.T.);
#843 = ADVANCED_FACE('',(#842),#840,.T.);
#844 = CLOSED_SHELL('',(#655,#683,#705,#727,#743,#771,#793,#815,#831,#843));
#845 = MANIFOLD_SOLID_BREP('',#844);
#846 = CARTESIAN_POINT('',(-10.664,-0.504,0.));
#847 = VERTEX_POINT('',#846);
#848 = CARTESIAN_POINT('',(-10.664,-0.504,0.504));
#849 = VERTEX_POINT('',#848);
#850 = CARTESIAN_POINT('',(-10.664,0.504,0.504));
#851 = VERTEX_POINT('',#850);
#852 = CARTESIAN_POINT('',(-10.664,0.504,0.));
#853 = VERTEX_POINT('',#852);
#854 = DIRECTION('',(0.,0.,1.));
#855 = VECTOR('',#854,1.);
#856 = LINE('',#846,#855);
#857 = EDGE_CURVE('',#847,#849,#856,.T.);
#858 = ORIENTED_EDGE('',*,*,#857,.T.);
#859 = DIRECTION('',(0.,1.,0.));
#860 = VECTOR('',#859,1.);
#861 = LINE('',#848,#860);
#862 = EDGE_CURVE('',#849,#851,#861,.T.);
#863 = ORIENTED_EDGE('',*,*,#862,.T.);
#864 = DIRECTION('',(0.,0.,1.));
#865 = VECTOR('',#864,1.);
#866 = LINE('',#852,#865);
#867 = EDGE_CURVE('',#853,#851,#866,.T.);
#868 = ORIENTED_EDGE('',*,*,#867,.F.);
#869 = DIRECTION('',(0.,1.,0.));
#870 = VECTOR('',#869,1.);
#871 = LINE('',#846,#870);
#872 = EDGE_CURVE('',#847,#853,#871,.T.);
#873 = ORIENTED_EDGE('',*,*,#872,.F.);
#874 = CARTESIAN_POINT('',(-10.664,-0.504,0.));
#875 = DIRECTION('',(-1.,0.,0.));
#876 = DIRECTION('',(0.,0.,1.));
#877 = AXIS2_PLACEMENT_3D('',#874,#875,#876);
#878 = PLANE('',#877);
#879 = EDGE_LOOP('',(#858,#863,#868,#873));
#880 = FACE_OUTER_BOUND('',#879,.T.);
#881 = ADVANCED_FACE('',(#880),#878,.T.);
#882 = CARTESIAN_POINT('',(-9.656,-0.504,0.));
#883 = VERTEX_POINT('',#882);
#884 = CARTESIAN_POINT('',(-9.656,0.504,0.));
#885 = VERTEX_POINT('',#884);
#886 = CARTESIAN_POINT('',(-9.656,0.504,0.504));
#887 = VERTEX_POINT('',#886);
#888 = CARTESIAN_POINT('',(-9.656,-0.504,0.504));
#889 = VERTEX_POINT('',#888);
#890 = DIRECTION('',(0.,1.,0.));
#891 = VECTOR('',#890,1.);
#892 = LINE('',#882,#891);
#893 = EDGE_CURVE('',#883,#885,#892,.T.);
#894 = ORIENTED_EDGE('',*,*,#893,.T.);
#895 = DIRECTION('',(0.,0.,1.));
#896 = VECTOR('',#895,1.);
#897 = LINE('',#884,#896);
#898 = EDGE_CURVE('',#885,#887,#897,.T.);
#899 = ORIENTED_EDGE('',*,*,#898,.T.);
#900 = DIRECTION('',(0.,1.,0.));
#901 = VECTOR('',#900,1.);
#902 = LINE('',#888,#901);
#903 = EDGE_CURVE('',#889,#887,#902,.T.);
#904 = ORIENTED_EDGE('',*,*,#903,.F.);
#905 = DIRECTION('',(0.,0.,1.));
#906 = VECTOR('',#905,1.);
#907 = LINE('',#882,#906);
#908 = EDGE_CURVE('',#883,#889,#907,.T.);
#909 = ORIENTED_EDGE('',*,*,#908,.F.);
#910 = CARTESIAN_POINT('',(-9.656,-0.504,0.));
#911 = DIRECTION('',(1.,0.,0.));
#912 = DIRECTION('',(0.,1.,0.));
#913 = AXIS2_PLACEMENT_3D('',#910,#911,#912);
#914 = PLANE('',#913);
#915 = EDGE_LOOP('',(#894,#899,#904,#909));
#916 = FACE_OUTER_BOUND('',#915,.T.);
#917 = ADVANCED_FACE('',(#916),#914,.T.);
#918 = DIRECTION('',(1.,0.,0.));
#919 = VECTOR('',#918,1.);
#920 = LINE('',#846,#919);
#921 = EDGE_CURVE('',#847,#883,#920,.T.);
#922 = ORIENTED_EDGE('',*,*,#921,.T.);
#923 = ORIENTED_EDGE('',*,*,#908,.T.);
#924 = DIRECTION('',(1.,0.,0.));
#925 = VECTOR('',#924,1.);
#926 = LINE('',#848,#925);
#927 = EDGE_CURVE('',#849,#889,#926,.T.);
#928 = ORIENTED_EDGE('',*,*,#927,.F.);
#929 = ORIENTED_EDGE('',*,*,#857,.F.);
#930 = CARTESIAN_POINT('',(-10.664,-0.504,0.));
#931 = DIRECTION('',(0.,-1.,0.));
#932 = DIRECTION('',(1.,0.,0.));
#933 = AXIS2_PLACEMENT_3D('',#930,#931,#932);
#934 = PLANE('',#933);
#935 = EDGE_LOOP('',(#922,#923,#928,#929));
#936 = FACE_OUTER_BOUND('',#935,.T.);
#937 = ADVANCED_FACE('',(#936),#934,.T.);
#938 = ORIENTED_EDGE('',*,*,#867,.T.);
#939 = DIRECTION('',(1.,0.,0.));
#940 = VECTOR('',#939,1.);
#941 = LINE('',#850,#940);
#942 = EDGE_CURVE('',#851,#887,#941,.T.);
#943 = ORIENTED_EDGE('',*,*,#942,.T.);
#944 = ORIENTED_EDGE('',*,*,#898,.F.);
#945 = DIRECTION('',(1.,0.,0.));
#946 = VECTOR('',#945,1.);
#947 = LINE('',#852,#946);
#948 = EDGE_CURVE('',#853,#885,#947,.T.);
#949 = ORIENTED_EDGE('',*,*,#948,.F.);
#950 = CARTESIAN_POINT('',(-10.664,0.504,0.));
#951 = DIRECTION('',(0.,1.,0.));
#952 = DIRECTION('',(0.,0.,1.));
#953 = AXIS2_PLACEMENT_3D('',#950,#951,#952);
#954 = PLANE('',#953);
#955 = EDGE_LOOP('',(#938,#943,#944,#949));
#956 = FACE_OUTER_BOUND('',#955,.T.);
#957 = ADVANCED_FACE('',(#956),#954,.T.);
#958 = ORIENTED_EDGE('',*,*,#872,.T.);
#959 = ORIENTED_EDGE('',*,*,#948,.T.);
#960 = ORIENTED_EDGE('',*,*,#893,.F.);
#961 = ORIENTED_EDGE('',*,*,#921,.F.);
#962 = CARTESIAN_POINT('',(-10.664,-0.504,0.));
#963 = DIRECTION('',(0.,0.,-1.));
#964 = DIRECTION('',(0.,1.,0.));
#965 = AXIS2_PLACEMENT_3D('',#962,#963,#964);
#966 = PLANE('',#965);
#967 = EDGE_LOOP('',(#958,#959,#960,#961));
#968 = FACE_OUTER_BOUND('',#967,.T.);
#969 = ADVANCED_FACE('',(#968),#966,.T.);
#970 = ORIENTED_EDGE('',*,*,#927,.T.);
#971 = ORIENTED_EDGE('',*,*,#903,.T.);
#972 = ORIENTED_EDGE('',*,*,#942,.F.);
#973 = ORIENTED_EDGE('',*,*,#862,.F.);
#974 = CARTESIAN_POINT('',(-10.664,-0.504,0.504));
#975 = DIRECTION('',(0.,0.,1.));
#976 = DIRECTION('',(1.,0.,0.));
#977 = AXIS2_PLACEMENT_3D('',#974,#975,#976);
#978 = PLANE('',#977);
#979 = EDGE_LOOP('',(#970,#971,#972,#973));
#980 = FACE_OUTER_BOUND('',#979,.T.);
#981 = ADVANCED_FACE('',(#980),#978,.T.);
#982 = CLOSED_SHELL('',(#881,#917,#937,#957,#969,#981));
#983 = MANIFOLD_SOLID_BREP('',#982);
#984 = CARTESIAN_POINT('',(-8.89,-1.27,0.));
#985 = VERTEX_POINT('',#984);
#986 = CARTESIAN_POINT('',(-8.89,-1.27,5.));
#987 = VERTEX_POINT('',#986);
#988 = CARTESIAN_POINT('',(-8.89,-0.8504999999999999,5.));
#989 = VERTEX_POINT('',#988);
#990 = CARTESIAN_POINT('',(-8.89,0.8504999999999999,5.));
#991 = VERTEX_POINT('',#990);
#992 = CARTESIAN_POINT('',(-8.89,1.27,5.));
#993 = VERTEX_POINT('',#992);
#994 = CARTESIAN_POINT('',(-8.89,1.27,0.));
#995 = VERTEX_POINT('',#994);
#996 = CARTESIAN_POINT('',(-8.89,0.4724999999999999,0.));
#997 = VERTEX_POINT('',#996);
#998 = CARTESIAN_POINT('',(-8.89,-0.4724999999999999,0.));
#999 = VERTEX_POINT('',#998);
#1000 = DIRECTION('',(0.,0.,1.));
#1001 = VECTOR('',#1000,1.);
#1002 = LINE('',#984,#1001);
#1003 = EDGE_CURVE('',#985,#987,#1002,.T.);
#1004 = ORIENTED_EDGE('',*,*,#1003,.T.);
#1005 = DIRECTION('',(0.,-1.,0.));
#1006 = VECTOR('',#1005,1.);
#1007 = LINE('',#988,#1006);
#1008 = EDGE_CURVE('',#989,#987,#1007,.T.);
#1009 = ORIENTED_EDGE('',*,*,#1008,.F.);
#1010 = DIRECTION('',(0.,1.,0.));
#1011 = VECTOR('',#1010,1.);
#1012 = LINE('',#988,#1011);
#1013 = EDGE_CURVE('',#989,#991,#1012,.T.);
#1014 = ORIENTED_EDGE('',*,*,#1013,.T.);
#1015 = DIRECTION('',(0.,1.,0.));
#1016 = VECTOR('',#1015,1.);
#1017 = LINE('',#990,#1016);
#1018 = EDGE_CURVE('',#991,#993,#1017,.T.);
#1019 = ORIENTED_EDGE('',*,*,#1018,.T.);
#1020 = DIRECTION('',(0.,0.,1.));
#1021 = VECTOR('',#1020,1.);
#1022 = LINE('',#994,#1021);
#1023 = EDGE_CURVE('',#995,#993,#1022,.T.);
#1024 = ORIENTED_EDGE('',*,*,#1023,.F.);
#1025 = DIRECTION('',(0.,1.,0.));
#1026 = VECTOR('',#1025,1.);
#1027 = LINE('',#996,#1026);
#1028 = EDGE_CURVE('',#997,#995,#1027,.T.);
#1029 = ORIENTED_EDGE('',*,*,#1028,.F.);
#1030 = DIRECTION('',(0.,1.,0.));
#1031 = VECTOR('',#1030,1.);
#1032 = LINE('',#998,#1031);
#1033 = EDGE_CURVE('',#999,#997,#1032,.T.);
#1034 = ORIENTED_EDGE('',*,*,#1033,.F.);
#1035 = DIRECTION('',(0.,-1.,0.));
#1036 = VECTOR('',#1035,1.);
#1037 = LINE('',#998,#1036);
#1038 = EDGE_CURVE('',#999,#985,#1037,.T.);
#1039 = ORIENTED_EDGE('',*,*,#1038,.T.);
#1040 = CARTESIAN_POINT('',(-8.89,-1.27,0.));
#1041 = DIRECTION('',(-1.,0.,0.));
#1042 = DIRECTION('',(0.,0.,1.));
#1043 = AXIS2_PLACEMENT_3D('',#1040,#1041,#1042);
#1044 = PLANE('',#1043);
#1045 = EDGE_LOOP('',(#1004,#1009,#1014,#1019,#1024,#1029,#1034,#1039));
#1046 = FACE_OUTER_BOUND('',#1045,.T.);
#1047 = ADVANCED_FACE('',(#1046),#1044,.T.);
#1048 = CARTESIAN_POINT('',(-6.35,-1.27,0.));
#1049 = VERTEX_POINT('',#1048);
#1050 = CARTESIAN_POINT('',(-6.35,-0.4724999999999999,0.));
#1051 = VERTEX_POINT('',#1050);
#1052 = CARTESIAN_POINT('',(-6.35,0.4724999999999999,0.));
#1053 = VERTEX_POINT('',#1052);
#1054 = CARTESIAN_POINT('',(-6.35,1.27,0.));
#1055 = VERTEX_POINT('',#1054);
#1056 = CARTESIAN_POINT('',(-6.35,1.27,5.));
#1057 = VERTEX_POINT('',#1056);
#1058 = CARTESIAN_POINT('',(-6.35,0.8504999999999999,5.));
#1059 = VERTEX_POINT('',#1058);
#1060 = CARTESIAN_POINT('',(-6.35,-0.8504999999999999,5.));
#1061 = VERTEX_POINT('',#1060);
#1062 = CARTESIAN_POINT('',(-6.35,-1.27,5.));
#1063 = VERTEX_POINT('',#1062);
#1064 = DIRECTION('',(0.,-1.,0.));
#1065 = VECTOR('',#1064,1.);
#1066 = LINE('',#1050,#1065);
#1067 = EDGE_CURVE('',#1051,#1049,#1066,.T.);
#1068 = ORIENTED_EDGE('',*,*,#1067,.F.);
#1069 = DIRECTION('',(0.,1.,0.));
#1070 = VECTOR('',#1069,1.);
#1071 = LINE('',#1050,#1070);
#1072 = EDGE_CURVE('',#1051,#1053,#1071,.T.);
#1073 = ORIENTED_EDGE('',*,*,#1072,.T.);
#1074 = DIRECTION('',(0.,1.,0.));
#1075 = VECTOR('',#1074,1.);
#1076 = LINE('',#1052,#1075);
#1077 = EDGE_CURVE('',#1053,#1055,#1076,.T.);
#1078 = ORIENTED_EDGE('',*,*,#1077,.T.);
#1079 = DIRECTION('',(0.,0.,1.));
#1080 = VECTOR('',#1079,1.);
#1081 = LINE('',#1054,#1080);
#1082 = EDGE_CURVE('',#1055,#1057,#1081,.T.);
#1083 = ORIENTED_EDGE('',*,*,#1082,.T.);
#1084 = DIRECTION('',(0.,1.,0.));
#1085 = VECTOR('',#1084,1.);
#1086 = LINE('',#1058,#1085);
#1087 = EDGE_CURVE('',#1059,#1057,#1086,.T.);
#1088 = ORIENTED_EDGE('',*,*,#1087,.F.);
#1089 = DIRECTION('',(0.,1.,0.));
#1090 = VECTOR('',#1089,1.);
#1091 = LINE('',#1060,#1090);
#1092 = EDGE_CURVE('',#1061,#1059,#1091,.T.);
#1093 = ORIENTED_EDGE('',*,*,#1092,.F.);
#1094 = DIRECTION('',(0.,-1.,0.));
#1095 = VECTOR('',#1094,1.);
#1096 = LINE('',#1060,#1095);
#1097 = EDGE_CURVE('',#1061,#1063,#1096,.T.);
#1098 = ORIENTED_EDGE('',*,*,#1097,.T.);
#1099 = DIRECTION('',(0.,0.,1.));
#1100 = VECTOR('',#1099,1.);
#1101 = LINE('',#1048,#1100);
#1102 = EDGE_CURVE('',#1049,#1063,#1101,.T.);
#1103 = ORIENTED_EDGE('',*,*,#1102,.F.);
#1104 = CARTESIAN_POINT('',(-6.35,-1.27,0.));
#1105 = DIRECTION('',(1.,0.,0.));
#1106 = DIRECTION('',(0.,1.,0.));
#1107 = AXIS2_PLACEMENT_3D('',#1104,#1105,#1106);
#1108 = PLANE('',#1107);
#1109 = EDGE_LOOP('',(#1068,#1073,#1078,#1083,#1088,#1093,#1098,#1103));
#1110 = FACE_OUTER_BOUND('',#1109,.T.);
#1111 = ADVANCED_FACE('',(#1110),#1108,.T.);
#1112 = DIRECTION('',(-1.,0.,0.));
#1113 = VECTOR('',#1112,1.);
#1114 = LINE('',#1048,#1113);
#1115 = EDGE_CURVE('',#1049,#985,#1114,.T.);
#1116 = ORIENTED_EDGE('',*,*,#1115,.F.);
#1117 = ORIENTED_EDGE('',*,*,#1102,.T.);
#1118 = DIRECTION('',(-1.,0.,0.));
#1119 = VECTOR('',#1118,1.);
#1120 = LINE('',#1062,#1119);
#1121 = EDGE_CURVE('',#1063,#987,#1120,.T.);
#1122 = ORIENTED_EDGE('',*,*,#1121,.T.);
#1123 = ORIENTED_EDGE('',*,*,#1003,.F.);
#1124 = CARTESIAN_POINT('',(-8.89,-1.27,0.));
#1125 = DIRECTION('',(0.,-1.,0.));
#1126 = DIRECTION('',(1.,0.,0.));
#1127 = AXIS2_PLACEMENT_3D('',#1124,#1125,#1126);
#1128 = PLANE('',#1127);
#1129 = EDGE_LOOP('',(#1116,#1117,#1122,#1123));
#1130 = FACE_OUTER_BOUND('',#1129,.T.);
#1131 = ADVANCED_FACE('',(#1130),#1128,.T.);
#1132 = ORIENTED_EDGE('',*,*,#1023,.T.);
#1133 = DIRECTION('',(-1.,0.,0.));
#1134 = VECTOR('',#1133,1.);
#1135 = LINE('',#1056,#1134);
#1136 = EDGE_CURVE('',#1057,#993,#1135,.T.);
#1137 = ORIENTED_EDGE('',*,*,#1136,.F.);
#1138 = ORIENTED_EDGE('',*,*,#1082,.F.);
#1139 = DIRECTION('',(-1.,0.,0.));
#1140 = VECTOR('',#1139,1.);
#1141 = LINE('',#1054,#1140);
#1142 = EDGE_CURVE('',#1055,#995,#1141,.T.);
#1143 = ORIENTED_EDGE('',*,*,#1142,.T.);
#1144 = CARTESIAN_POINT('',(-8.89,1.27,0.));
#1145 = DIRECTION('',(0.,1.,0.));
#1146 = DIRECTION('',(0.,0.,1.));
#1147 = AXIS2_PLACEMENT_3D('',#1144,#1145,#1146);
#1148 = PLANE('',#1147);
#1149 = EDGE_LOOP('',(#1132,#1137,#1138,#1143));
#1150 = FACE_OUTER_BOUND('',#1149,.T.);
#1151 = ADVANCED_FACE('',(#1150),#1148,.T.);
#1152 = CARTESIAN_POINT('',(-7.1475,0.4725,0.));
#1153 = VERTEX_POINT('',#1152);
#1154 = CARTESIAN_POINT('',(-8.0925,0.4725,0.));
#1155 = VERTEX_POINT('',#1154);
#1156 = ORIENTED_EDGE('',*,*,#1077,.F.);
#1157 = DIRECTION('',(-1.,0.,0.));
#1158 = VECTOR('',#1157,1.);
#1159 = LINE('',#1052,#1158);
#1160 = EDGE_CURVE('',#1053,#1153,#1159,.T.);
#1161 = ORIENTED_EDGE('',*,*,#1160,.T.);
#1162 = DIRECTION('',(-1.,0.,0.));
#1163 = VECTOR('',#1162,1.);
#1164 = LINE('',#1152,#1163);
#1165 = EDGE_CURVE('',#1153,#1155,#1164,.T.);
#1166 = ORIENTED_EDGE('',*,*,#1165,.T.);
#1167 = DIRECTION('',(-1.,0.,0.));
#1168 = VECTOR('',#1167,1.);
#1169 = LINE('',#1154,#1168);
#1170 = EDGE_CURVE('',#1155,#997,#1169,.T.);
#1171 = ORIENTED_EDGE('',*,*,#1170,.T.);
#1172 = ORIENTED_EDGE('',*,*,#1028,.T.);
#1173 = ORIENTED_EDGE('',*,*,#1142,.F.);
#1174 = CARTESIAN_POINT('',(-6.35,1.27,0.));
#1175 = DIRECTION('',(0.,0.,-1.));
#1176 = DIRECTION('',(0.,-1.,0.));
#1177 = AXIS2_PLACEMENT_3D('',#1174,#1175,#1176);
#1178 = PLANE('',#1177);
#1179 = EDGE_LOOP('',(#1156,#1161,#1166,#1171,#1172,#1173));
#1180 = FACE_OUTER_BOUND('',#1179,.T.);
#1181 = ADVANCED_FACE('',(#1180),#1178,.T.);
#1182 = CARTESIAN_POINT('',(-8.0925,-0.4724999999999999,0.));
#1183 = VERTEX_POINT('',#1182);
#1184 = DIRECTION('',(0.,1.,0.));
#1185 = VECTOR('',#1184,1.);
#1186 = LINE('',#1182,#1185);
#1187 = EDGE_CURVE('',#1183,#1155,#1186,.T.);
#1188 = ORIENTED_EDGE('',*,*,#1187,.F.);
#1189 = DIRECTION('',(-1.,0.,0.));
#1190 = VECTOR('',#1189,1.);
#1191 = LINE('',#1182,#1190);
#1192 = EDGE_CURVE('',#1183,#999,#1191,.T.);
#1193 = ORIENTED_EDGE('',*,*,#1192,.T.);
#1194 = ORIENTED_EDGE('',*,*,#1033,.T.);
#1195 = ORIENTED_EDGE('',*,*,#1170,.F.);
#1196 = CARTESIAN_POINT('',(-8.0925,0.4724999999999999,0.));
#1197 = DIRECTION('',(0.,0.,-1.));
#1198 = DIRECTION('',(0.,-1.,0.));
#1199 = AXIS2_PLACEMENT_3D('',#1196,#1197,#1198);
#1200 = PLANE('',#1199);
#1201 = EDGE_LOOP('',(#1188,#1193,#1194,#1195));
#1202 = FACE_OUTER_BOUND('',#1201,.T.);
#1203 = ADVANCED_FACE('',(#1202),#1200,.T.);
#1204 = CARTESIAN_POINT('',(-7.1475,-0.4724999999999999,0.));
#1205 = VERTEX_POINT('',#1204);
#1206 = ORIENTED_EDGE('',*,*,#1072,.F.);
#1207 = DIRECTION('',(-1.,0.,0.));
#1208 = VECTOR('',#1207,1.);
#1209 = LINE('',#1050,#1208);
#1210 = EDGE_CURVE('',#1051,#1205,#1209,.T.);
#1211 = ORIENTED_EDGE('',*,*,#1210,.T.);
#1212 = DIRECTION('',(0.,1.,0.));
#1213 = VECTOR('',#1212,1.);
#1214 = LINE('',#1204,#1213);
#1215 = EDGE_CURVE('',#1205,#1153,#1214,.T.);
#1216 = ORIENTED_EDGE('',*,*,#1215,.T.);
#1217 = ORIENTED_EDGE('',*,*,#1160,.F.);
#1218 = CARTESIAN_POINT('',(-6.35,0.4724999999999999,0.));
#1219 = DIRECTION('',(0.,0.,-1.));
#1220 = DIRECTION('',(0.,-1.,0.));
#1221 = AXIS2_PLACEMENT_3D('',#1218,#1219,#1220);
#1222 = PLANE('',#1221);
#1223 = EDGE_LOOP('',(#1206,#1211,#1216,#1217));
#1224 = FACE_OUTER_BOUND('',#1223,.T.);
#1225 = ADVANCED_FACE('',(#1224),#1222,.T.);
#1226 = ORIENTED_EDGE('',*,*,#1067,.T.);
#1227 = ORIENTED_EDGE('',*,*,#1115,.T.);
#1228 = ORIENTED_EDGE('',*,*,#1038,.F.);
#1229 = ORIENTED_EDGE('',*,*,#1192,.F.);
#1230 = DIRECTION('',(-1.,0.,0.));
#1231 = VECTOR('',#1230,1.);
#1232 = LINE('',#1204,#1231);
#1233 = EDGE_CURVE('',#1205,#1183,#1232,.T.);
#1234 = ORIENTED_EDGE('',*,*,#1233,.F.);
#1235 = ORIENTED_EDGE('',*,*,#1210,.F.);
#1236 = CARTESIAN_POINT('',(-6.35,-0.4724999999999999,0.));
#1237 = DIRECTION('',(0.,0.,-1.));
#1238 = DIRECTION('',(0.,-1.,0.));
#1239 = AXIS2_PLACEMENT_3D('',#1236,#1237,#1238);
#1240 = PLANE('',#1239);
#1241 = EDGE_LOOP('',(#1226,#1227,#1228,#1229,#1234,#1235));
#1242 = FACE_OUTER_BOUND('',#1241,.T.);
#1243 = ADVANCED_FACE('',(#1242),#1240,.T.);
#1244 = CARTESIAN_POINT('',(-6.7695,0.8504999999999999,4.995));
#1245 = VERTEX_POINT('',#1244);
#1246 = CARTESIAN_POINT('',(-8.4705,0.8504999999999999,4.995));
#1247 = VERTEX_POINT('',#1246);
#1248 = CARTESIAN_POINT('',(-8.0925,0.4725,4.3854));
#1249 = VERTEX_POINT('',#1248);
#1250 = CARTESIAN_POINT('',(-7.1475,0.4725,4.3854));
#1251 = VERTEX_POINT('',#1250);
#1252 = DIRECTION('',(-1.,0.,0.));
#1253 = VECTOR('',#1252,1.);
#1254 = LINE('',#1244,#1253);
#1255 = EDGE_CURVE('',#1245,#1247,#1254,.T.);
#1256 = ORIENTED_EDGE('',*,*,#1255,.T.);
#1257 = DIRECTION('',(-0.46621205975657015,0.46621205975656993,0.7518594487502784));
#1258 = VECTOR('',#1257,1.);
#1259 = LINE('',#1248,#1258);
#1260 = EDGE_CURVE('',#1249,#1247,#1259,.T.);
#1261 = ORIENTED_EDGE('',*,*,#1260,.F.);
#1262 = DIRECTION('',(-1.,0.,0.));
#1263 = VECTOR('',#1262,1.);
#1264 = LINE('',#1250,#1263);
#1265 = EDGE_CURVE('',#1251,#1249,#1264,.T.);
#1266 = ORIENTED_EDGE('',*,*,#1265,.F.);
#1267 = DIRECTION('',(-0.46621205975657015,-0.46621205975656993,-0.7518594487502784));
#1268 = VECTOR('',#1267,1.);
#1269 = LINE('',#1244,#1268);
#1270 = EDGE_CURVE('',#1245,#1251,#1269,.T.);
#1271 = ORIENTED_EDGE('',*,*,#1270,.F.);
#1272 = CARTESIAN_POINT('',(-6.7695,0.8504999999999999,4.995));
#1273 = DIRECTION('',(0.,-0.8498727207846388,0.5269880059983483));
#1274 = DIRECTION('',(-1.,0.,0.));
#1275 = AXIS2_PLACEMENT_3D('',#1272,#1273,#1274);
#1276 = PLANE('',#1275);
#1277 = EDGE_LOOP('',(#1256,#1261,#1266,#1271));
#1278 = FACE_OUTER_BOUND('',#1277,.T.);
#1279 = ADVANCED_FACE('',(#1278),#1276,.T.);
#1280 = CARTESIAN_POINT('',(-8.4705,-0.8504999999999999,4.995));
#1281 = VERTEX_POINT('',#1280);
#1282 = CARTESIAN_POINT('',(-8.0925,-0.4725,4.3854));
#1283 = VERTEX_POINT('',#1282);
#1284 = ORIENTED_EDGE('',*,*,#1260,.T.);
#1285 = DIRECTION('',(0.,1.,0.));
#1286 = VECTOR('',#1285,1.);
#1287 = LINE('',#1280,#1286);
#1288 = EDGE_CURVE('',#1281,#1247,#1287,.T.);
#1289 = ORIENTED_EDGE('',*,*,#1288,.F.);
#1290 = DIRECTION('',(-0.46621205975657015,-0.46621205975656993,0.7518594487502784));
#1291 = VECTOR('',#1290,1.);
#1292 = LINE('',#1282,#1291);
#1293 = EDGE_CURVE('',#1283,#1281,#1292,.T.);
#1294 = ORIENTED_EDGE('',*,*,#1293,.F.);
#1295 = DIRECTION('',(0.,1.,0.));
#1296 = VECTOR('',#1295,1.);
#1297 = LINE('',#1282,#1296);
#1298 = EDGE_CURVE('',#1283,#1249,#1297,.T.);
#1299 = ORIENTED_EDGE('',*,*,#1298,.T.);
#1300 = CARTESIAN_POINT('',(-8.0925,0.4725,4.3854));
#1301 = DIRECTION('',(0.8498727207846386,0.,0.5269880059983487));
#1302 = DIRECTION('',(-0.46621205975657015,0.46621205975656993,0.7518594487502784));
#1303 = AXIS2_PLACEMENT_3D('',#1300,#1301,#1302);
#1304 = PLANE('',#1303);
#1305 = EDGE_LOOP('',(#1284,#1289,#1294,#1299));
#1306 = FACE_OUTER_BOUND('',#1305,.T.);
#1307 = ADVANCED_FACE('',(#1306),#1304,.T.);
#1308 = CARTESIAN_POINT('',(-7.1475,-0.4725,4.3854));
#1309 = VERTEX_POINT('',#1308);
#1310 = CARTESIAN_POINT('',(-6.7695,-0.8504999999999999,4.995));
#1311 = VERTEX_POINT('',#1310);
#1312 = ORIENTED_EDGE('',*,*,#1270,.T.);
#1313 = DIRECTION('',(0.,1.,0.));
#1314 = VECTOR('',#1313,1.);
#1315 = LINE('',#1308,#1314);
#1316 = EDGE_CURVE('',#1309,#1251,#1315,.T.);
#1317 = ORIENTED_EDGE('',*,*,#1316,.F.);
#1318 = DIRECTION('',(-0.46621205975657015,0.46621205975656993,-0.7518594487502784));
#1319 = VECTOR('',#1318,1.);
#1320 = LINE('',#1310,#1319);
#1321 = EDGE_CURVE('',#1311,#1309,#1320,.T.);
#1322 = ORIENTED_EDGE('',*,*,#1321,.F.);
#1323 = DIRECTION('',(0.,1.,0.));
#1324 = VECTOR('',#1323,1.);
#1325 = LINE('',#1310,#1324);
#1326 = EDGE_CURVE('',#1311,#1245,#1325,.T.);
#1327 = ORIENTED_EDGE('',*,*,#1326,.T.);
#1328 = CARTESIAN_POINT('',(-6.7695,0.8504999999999999,4.995));
#1329 = DIRECTION('',(-0.8498727207846386,0.,0.5269880059983487));
#1330 = DIRECTION('',(-0.46621205975657015,-0.46621205975656993,-0.7518594487502784));
#1331 = AXIS2_PLACEMENT_3D('',#1328,#1329,#1330);
#1332 = PLANE('',#1331);
#1333 = EDGE_LOOP('',(#1312,#1317,#1322,#1327));
#1334 = FACE_OUTER_BOUND('',#1333,.T.);
#1335 = ADVANCED_FACE('',(#1334),#1332,.T.);
#1336 = DIRECTION('',(-1.,0.,0.));
#1337 = VECTOR('',#1336,1.);
#1338 = LINE('',#1308,#1337);
#1339 = EDGE_CURVE('',#1309,#1283,#1338,.T.);
#1340 = ORIENTED_EDGE('',*,*,#1339,.T.);
#1341 = ORIENTED_EDGE('',*,*,#1293,.T.);
#1342 = DIRECTION('',(-1.,0.,0.));
#1343 = VECTOR('',#1342,1.);
#1344 = LINE('',#1310,#1343);
#1345 = EDGE_CURVE('',#1311,#1281,#1344,.T.);
#1346 = ORIENTED_EDGE('',*,*,#1345,.F.);
#1347 = ORIENTED_EDGE('',*,*,#1321,.T.);
#1348 = CARTESIAN_POINT('',(-7.1475,-0.4725,4.3854));
#1349 = DIRECTION('',(0.,0.8498727207846388,0.5269880059983483));
#1350 = DIRECTION('',(-1.,0.,0.));
#1351 = AXIS2_PLACEMENT_3D('',#1348,#1349,#1350);
#1352 = PLANE('',#1351);
#1353 = EDGE_LOOP('',(#1340,#1341,#1346,#1347));
#1354 = FACE_OUTER_BOUND('',#1353,.T.);
#1355 = ADVANCED_FACE('',(#1354),#1352,.T.);
#1356 = CARTESIAN_POINT('',(-8.4705,-0.8504999999999999,5.));
#1357 = VERTEX_POINT('',#1356);
#1358 = CARTESIAN_POINT('',(-6.7695,-0.8504999999999999,5.));
#1359 = VERTEX_POINT('',#1358);
#1360 = DIRECTION('',(0.,0.,1.));
#1361 = VECTOR('',#1360,1.);
#1362 = LINE('',#1280,#1361);
#1363 = EDGE_CURVE('',#1281,#1357,#1362,.T.);
#1364 = ORIENTED_EDGE('',*,*,#1363,.T.);
#1365 = DIRECTION('',(-1.,0.,0.));
#1366 = VECTOR('',#1365,1.);
#1367 = LINE('',#1358,#1366);
#1368 = EDGE_CURVE('',#1359,#1357,#1367,.T.);
#1369 = ORIENTED_EDGE('',*,*,#1368,.F.);
#1370 = DIRECTION('',(0.,0.,1.));
#1371 = VECTOR('',#1370,1.);
#1372 = LINE('',#1310,#1371);
#1373 = EDGE_CURVE('',#1311,#1359,#1372,.T.);
#1374 = ORIENTED_EDGE('',*,*,#1373,.F.);
#1375 = ORIENTED_EDGE('',*,*,#1345,.T.);
#1376 = CARTESIAN_POINT('',(-8.4705,-0.8504999999999999,4.995));
#1377 = DIRECTION('',(0.,1.,0.));
#1378 = DIRECTION('',(0.,0.,1.));
#1379 = AXIS2_PLACEMENT_3D('',#1376,#1377,#1378);
#1380 = PLANE('',#1379);
#1381 = EDGE_LOOP('',(#1364,#1369,#1374,#1375));
#1382 = FACE_OUTER_BOUND('',#1381,.T.);
#1383 = ADVANCED_FACE('',(#1382),#1380,.T.);
#1384 = CARTESIAN_POINT('',(-8.4705,0.8504999999999999,5.));
#1385 = VERTEX_POINT('',#1384);
#1386 = CARTESIAN_POINT('',(-6.7695,0.8504999999999999,5.));
#1387 = VERTEX_POINT('',#1386);
#1388 = DIRECTION('',(0.,0.,1.));
#1389 = VECTOR('',#1388,1.);
#1390 = LINE('',#1246,#1389);
#1391 = EDGE_CURVE('',#1247,#1385,#1390,.T.);
#1392 = ORIENTED_EDGE('',*,*,#1391,.F.);
#1393 = ORIENTED_EDGE('',*,*,#1255,.F.);
#1394 = DIRECTION('',(0.,0.,1.));
#1395 = VECTOR('',#1394,1.);
#1396 = LINE('',#1244,#1395);
#1397 = EDGE_CURVE('',#1245,#1387,#1396,.T.);
#1398 = ORIENTED_EDGE('',*,*,#1397,.T.);
#1399 = DIRECTION('',(-1.,0.,0.));
#1400 = VECTOR('',#1399,1.);
#1401 = LINE('',#1386,#1400);
#1402 = EDGE_CURVE('',#1387,#1385,#1401,.T.);
#1403 = ORIENTED_EDGE('',*,*,#1402,.T.);
#1404 = CARTESIAN_POINT('',(-8.4705,0.8504999999999999,5.));
#1405 = DIRECTION('',(0.,-1.,0.));
#1406 = DIRECTION('',(0.,0.,-1.));
#1407 = AXIS2_PLACEMENT_3D('',#1404,#1405,#1406);
#1408 = PLANE('',#1407);
#1409 = EDGE_LOOP('',(#1392,#1393,#1398,#1403));
#1410 = FACE_OUTER_BOUND('',#1409,.T.);
#1411 = ADVANCED_FACE('',(#1410),#1408,.T.);
#1412 = ORIENTED_EDGE('',*,*,#1363,.F.);
#1413 = ORIENTED_EDGE('',*,*,#1288,.T.);
#1414 = ORIENTED_EDGE('',*,*,#1391,.T.);
#1415 = DIRECTION('',(0.,1.,0.));
#1416 = VECTOR('',#1415,1.);
#1417 = LINE('',#1356,#1416);
#1418 = EDGE_CURVE('',#1357,#1385,#1417,.T.);
#1419 = ORIENTED_EDGE('',*,*,#1418,.F.);
#1420 = CARTESIAN_POINT('',(-8.4705,-0.8504999999999999,5.));
#1421 = DIRECTION('',(1.,0.,0.));
#1422 = DIRECTION('',(0.,0.,-1.));
#1423 = AXIS2_PLACEMENT_3D('',#1420,#1421,#1422);
#1424 = PLANE('',#1423);
#1425 = EDGE_LOOP('',(#1412,#1413,#1414,#1419));
#1426 = FACE_OUTER_BOUND('',#1425,.T.);
#1427 = ADVANCED_FACE('',(#1426),#1424,.T.);
#1428 = ORIENTED_EDGE('',*,*,#1397,.F.);
#1429 = ORIENTED_EDGE('',*,*,#1326,.F.);
#1430 = ORIENTED_EDGE('',*,*,#1373,.T.);
#1431 = DIRECTION('',(0.,1.,0.));
#1432 = VECTOR('',#1431,1.);
#1433 = LINE('',#1358,#1432);
#1434 = EDGE_CURVE('',#1359,#1387,#1433,.T.);
#1435 = ORIENTED_EDGE('',*,*,#1434,.T.);
#1436 = CARTESIAN_POINT('',(-6.7695,0.8504999999999999,5.));
#1437 = DIRECTION('',(-1.,0.,0.));
#1438 = DIRECTION('',(0.,0.,-1.));
#1439 = AXIS2_PLACEMENT_3D('',#1436,#1437,#1438);
#1440 = PLANE('',#1439);
#1441 = EDGE_LOOP('',(#1428,#1429,#1430,#1435));
#1442 = FACE_OUTER_BOUND('',#1441,.T.);
#1443 = ADVANCED_FACE('',(#1442),#1440,.T.);
#1444 = DIRECTION('',(0.,0.,1.));
#1445 = VECTOR('',#1444,1.);
#1446 = LINE('',#1182,#1445);
#1447 = EDGE_CURVE('',#1183,#1283,#1446,.T.);
#1448 = ORIENTED_EDGE('',*,*,#1447,.F.);
#1449 = ORIENTED_EDGE('',*,*,#1187,.T.);
#1450 = DIRECTION('',(0.,0.,1.));
#1451 = VECTOR('',#1450,1.);
#1452 = LINE('',#1154,#1451);
#1453 = EDGE_CURVE('',#1155,#1249,#1452,.T.);
#1454 = ORIENTED_EDGE('',*,*,#1453,.T.);
#1455 = ORIENTED_EDGE('',*,*,#1298,.F.);
#1456 = CARTESIAN_POINT('',(-8.0925,-0.4725,4.385399999999999));
#1457 = DIRECTION('',(1.,0.,0.));
#1458 = DIRECTION('',(0.,0.,-1.));
#1459 = AXIS2_PLACEMENT_3D('',#1456,#1457,#1458);
#1460 = PLANE('',#1459);
#1461 = EDGE_LOOP('',(#1448,#1449,#1454,#1455));
#1462 = FACE_OUTER_BOUND('',#1461,.T.);
#1463 = ADVANCED_FACE('',(#1462),#1460,.T.);
#1464 = ORIENTED_EDGE('',*,*,#1316,.T.);
#1465 = DIRECTION('',(0.,0.,1.));
#1466 = VECTOR('',#1465,1.);
#1467 = LINE('',#1152,#1466);
#1468 = EDGE_CURVE('',#1153,#1251,#1467,.T.);
#1469 = ORIENTED_EDGE('',*,*,#1468,.F.);
#1470 = ORIENTED_EDGE('',*,*,#1215,.F.);
#1471 = DIRECTION('',(0.,0.,1.));
#1472 = VECTOR('',#1471,1.);
#1473 = LINE('',#1204,#1472);
#1474 = EDGE_CURVE('',#1205,#1309,#1473,.T.);
#1475 = ORIENTED_EDGE('',*,*,#1474,.T.);
#1476 = CARTESIAN_POINT('',(-7.1475,-0.4725,4.385399999999999));
#1477 = DIRECTION('',(-1.,0.,0.));
#1478 = DIRECTION('',(0.,1.,0.));
#1479 = AXIS2_PLACEMENT_3D('',#1476,#1477,#1478);
#1480 = PLANE('',#1479);
#1481 = EDGE_LOOP('',(#1464,#1469,#1470,#1475));
#1482 = FACE_OUTER_BOUND('',#1481,.T.);
#1483 = ADVANCED_FACE('',(#1482),#1480,.T.);
#1484 = ORIENTED_EDGE('',*,*,#1474,.F.);
#1485 = ORIENTED_EDGE('',*,*,#1233,.T.);
#1486 = ORIENTED_EDGE('',*,*,#1447,.T.);
#1487 = ORIENTED_EDGE('',*,*,#1339,.F.);
#1488 = CARTESIAN_POINT('',(-7.1475,-0.4725,4.385399999999999));
#1489 = DIRECTION('',(0.,1.,0.));
#1490 = DIRECTION('',(0.,0.,-1.));
#1491 = AXIS2_PLACEMENT_3D('',#1488,#1489,#1490);
#1492 = PLANE('',#1491);
#1493 = EDGE_LOOP('',(#1484,#1485,#1486,#1487));
#1494 = FACE_OUTER_BOUND('',#1493,.T.);
#1495 = ADVANCED_FACE('',(#1494),#1492,.T.);
#1496 = ORIENTED_EDGE('',*,*,#1453,.F.);
#1497 = ORIENTED_EDGE('',*,*,#1165,.F.);
#1498 = ORIENTED_EDGE('',*,*,#1468,.T.);
#1499 = ORIENTED_EDGE('',*,*,#1265,.T.);
#1500 = CARTESIAN_POINT('',(-8.0925,0.4725,4.385399999999999));
#1501 = DIRECTION('',(0.,-1.,0.));
#1502 = DIRECTION('',(0.,0.,-1.));
#1503 = AXIS2_PLACEMENT_3D('',#1500,#1501,#1502);
#1504 = PLANE('',#1503);
#1505 = EDGE_LOOP('',(#1496,#1497,#1498,#1499));
#1506 = FACE_OUTER_BOUND('',#1505,.T.);
#1507 = ADVANCED_FACE('',(#1506),#1504,.T.);
#1508 = ORIENTED_EDGE('',*,*,#1018,.F.);
#1509 = DIRECTION('',(-1.,0.,0.));
#1510 = VECTOR('',#1509,1.);
#1511 = LINE('',#1384,#1510);
#1512 = EDGE_CURVE('',#1385,#991,#1511,.T.);
#1513 = ORIENTED_EDGE('',*,*,#1512,.F.);
#1514 = ORIENTED_EDGE('',*,*,#1402,.F.);
#1515 = DIRECTION('',(-1.,0.,0.));
#1516 = VECTOR('',#1515,1.);
#1517 = LINE('',#1058,#1516);
#1518 = EDGE_CURVE('',#1059,#1387,#1517,.T.);
#1519 = ORIENTED_EDGE('',*,*,#1518,.F.);
#1520 = ORIENTED_EDGE('',*,*,#1087,.T.);
#1521 = ORIENTED_EDGE('',*,*,#1136,.T.);
#1522 = CARTESIAN_POINT('',(-8.89,1.27,5.));
#1523 = DIRECTION('',(0.,0.,1.));
#1524 = DIRECTION('',(0.,-1.,0.));
#1525 = AXIS2_PLACEMENT_3D('',#1522,#1523,#1524);
#1526 = PLANE('',#1525);
#1527 = EDGE_LOOP('',(#1508,#1513,#1514,#1519,#1520,#1521));
#1528 = FACE_OUTER_BOUND('',#1527,.T.);
#1529 = ADVANCED_FACE('',(#1528),#1526,.T.);
#1530 = ORIENTED_EDGE('',*,*,#1434,.F.);
#1531 = DIRECTION('',(-1.,0.,0.));
#1532 = VECTOR('',#1531,1.);
#1533 = LINE('',#1060,#1532);
#1534 = EDGE_CURVE('',#1061,#1359,#1533,.T.);
#1535 = ORIENTED_EDGE('',*,*,#1534,.F.);
#1536 = ORIENTED_EDGE('',*,*,#1092,.T.);
#1537 = ORIENTED_EDGE('',*,*,#1518,.T.);
#1538 = CARTESIAN_POINT('',(-6.7695,0.8504999999999999,5.));
#1539 = DIRECTION('',(0.,0.,1.));
#1540 = DIRECTION('',(0.,-1.,0.));
#1541 = AXIS2_PLACEMENT_3D('',#1538,#1539,#1540);
#1542 = PLANE('',#1541);
#1543 = EDGE_LOOP('',(#1530,#1535,#1536,#1537));
#1544 = FACE_OUTER_BOUND('',#1543,.T.);
#1545 = ADVANCED_FACE('',(#1544),#1542,.T.);
#1546 = ORIENTED_EDGE('',*,*,#1013,.F.);
#1547 = DIRECTION('',(-1.,0.,0.));
#1548 = VECTOR('',#1547,1.);
#1549 = LINE('',#1356,#1548);
#1550 = EDGE_CURVE('',#1357,#989,#1549,.T.);
#1551 = ORIENTED_EDGE('',*,*,#1550,.F.);
#1552 = ORIENTED_EDGE('',*,*,#1418,.T.);
#1553 = ORIENTED_EDGE('',*,*,#1512,.T.);
#1554 = CARTESIAN_POINT('',(-8.89,0.8504999999999999,5.));
#1555 = DIRECTION('',(0.,0.,1.));
#1556 = DIRECTION('',(0.,-1.,0.));
#1557 = AXIS2_PLACEMENT_3D('',#1554,#1555,#1556);
#1558 = PLANE('',#1557);
#1559 = EDGE_LOOP('',(#1546,#1551,#1552,#1553));
#1560 = FACE_OUTER_BOUND('',#1559,.T.);
#1561 = ADVANCED_FACE('',(#1560),#1558,.T.);
#1562 = ORIENTED_EDGE('',*,*,#1008,.T.);
#1563 = ORIENTED_EDGE('',*,*,#1121,.F.);
#1564 = ORIENTED_EDGE('',*,*,#1097,.F.);
#1565 = ORIENTED_EDGE('',*,*,#1534,.T.);
#1566 = ORIENTED_EDGE('',*,*,#1368,.T.);
#1567 = ORIENTED_EDGE('',*,*,#1550,.T.);
#1568 = CARTESIAN_POINT('',(-8.89,-0.8504999999999999,5.));
#1569 = DIRECTION('',(0.,0.,1.));
#1570 = DIRECTION('',(0.,-1.,0.));
#1571 = AXIS2_PLACEMENT_3D('',#1568,#1569,#1570);
#1572 = PLANE('',#1571);
#1573 = EDGE_LOOP('',(#1562,#1563,#1564,#1565,#1566,#1567));
#1574 = FACE_OUTER_BOUND('',#1573,.T.);
#1575 = ADVANCED_FACE('',(#1574),#1572,.T.);
#1576 = CLOSED_SHELL('',(#1047,#1111,#1131,#1151,#1181,#1203,#1225,#1243,#1279,#1307,#1335,#1355,#1383,#1411,#1427,#1443,#1463,#1483,#1495,#1507,#1529,#1545,#1561,#1575));
#1577 = MANIFOLD_SOLID_BREP('',#1576);
#1578 = COLOUR_RGB('',0.10196078431372549,0.10196078431372549,0.10196078431372549);
#1579 = FILL_AREA_STYLE_COLOUR('',#1578);
#1580 = FILL_AREA_STYLE('',(#1579));
#1581 = SURFACE_STYLE_FILL_AREA(#1580);
#1582 = SURFACE_SIDE_STYLE('',(#1581));
#1583 = SURFACE_STYLE_USAGE(.BOTH.,#1582);
#1584 = PRESENTATION_STYLE_ASSIGNMENT((#1583));
#1585 = STYLED_ITEM('',(#1584),#1577);
#1586 = CARTESIAN_POINT('',(-7.305,-0.315,0.));
#1587 = VERTEX_POINT('',#1586);
#1588 = CARTESIAN_POINT('',(-7.305,0.315,0.));
#1589 = VERTEX_POINT('',#1588);
#1590 = CARTESIAN_POINT('',(-7.9350000000000005,0.315,0.));
#1591 = VERTEX_POINT('',#1590);
#1592 = CARTESIAN_POINT('',(-7.9350000000000005,-0.315,0.));
#1593 = VERTEX_POINT('',#1592);
#1594 = DIRECTION('',(0.,1.,0.));
#1595 = VECTOR('',#1594,1.);
#1596 = LINE('',#1586,#1595);
#1597 = EDGE_CURVE('',#1587,#1589,#1596,.T.);
#1598 = ORIENTED_EDGE('',*,*,#1597,.T.);
#1599 = DIRECTION('',(-1.,0.,0.));
#1600 = VECTOR('',#1599,1.);
#1601 = LINE('',#1588,#1600);
#1602 = EDGE_CURVE('',#1589,#1591,#1601,.T.);
#1603 = ORIENTED_EDGE('',*,*,#1602,.T.);
#1604 = DIRECTION('',(0.,1.,0.));
#1605 = VECTOR('',#1604,1.);
#1606 = LINE('',#1592,#1605);
#1607 = EDGE_CURVE('',#1593,#1591,#1606,.T.);
#1608 = ORIENTED_EDGE('',*,*,#1607,.F.);
#1609 = DIRECTION('',(-1.,0.,0.));
#1610 = VECTOR('',#1609,1.);
#1611 = LINE('',#1586,#1610);
#1612 = EDGE_CURVE('',#1587,#1593,#1611,.T.);
#1613 = ORIENTED_EDGE('',*,*,#1612,.F.);
#1614 = CARTESIAN_POINT('',(-7.305,-0.315,0.));
#1615 = DIRECTION('',(0.,0.,1.));
#1616 = DIRECTION('',(0.,1.,0.));
#1617 = AXIS2_PLACEMENT_3D('',#1614,#1615,#1616);
#1618 = PLANE('',#1617);
#1619 = EDGE_LOOP('',(#1598,#1603,#1608,#1613));
#1620 = FACE_OUTER_BOUND('',#1619,.T.);
#1621 = ADVANCED_FACE('',(#1620),#1618,.T.);
#1622 = CARTESIAN_POINT('',(-7.9350000000000005,0.315,-2.7));
#1623 = VERTEX_POINT('',#1622);
#1624 = CARTESIAN_POINT('',(-7.305,0.315,-2.7));
#1625 = VERTEX_POINT('',#1624);
#1626 = DIRECTION('',(0.,0.,1.));
#1627 = VECTOR('',#1626,1.);
#1628 = LINE('',#1622,#1627);
#1629 = EDGE_CURVE('',#1623,#1591,#1628,.T.);
#1630 = ORIENTED_EDGE('',*,*,#1629,.T.);
#1631 = ORIENTED_EDGE('',*,*,#1602,.F.);
#1632 = DIRECTION('',(0.,0.,1.));
#1633 = VECTOR('',#1632,1.);
#1634 = LINE('',#1624,#1633);
#1635 = EDGE_CURVE('',#1625,#1589,#1634,.T.);
#1636 = ORIENTED_EDGE('',*,*,#1635,.F.);
#1637 = DIRECTION('',(-1.,0.,0.));
#1638 = VECTOR('',#1637,1.);
#1639 = LINE('',#1624,#1638);
#1640 = EDGE_CURVE('',#1625,#1623,#1639,.T.);
#1641 = ORIENTED_EDGE('',*,*,#1640,.T.);
#1642 = CARTESIAN_POINT('',(-7.9350000000000005,0.315,-2.7));
#1643 = DIRECTION('',(0.,1.,0.));
#1644 = DIRECTION('',(0.,0.,1.));
#1645 = AXIS2_PLACEMENT_3D('',#1642,#1643,#1644);
#1646 = PLANE('',#1645);
#1647 = EDGE_LOOP('',(#1630,#1631,#1636,#1641));
#1648 = FACE_OUTER_BOUND('',#1647,.T.);
#1649 = ADVANCED_FACE('',(#1648),#1646,.T.);
#1650 = CARTESIAN_POINT('',(-7.9350000000000005,-0.315,-2.7));
#1651 = VERTEX_POINT('',#1650);
#1652 = DIRECTION('',(0.,1.,0.));
#1653 = VECTOR('',#1652,1.);
#1654 = LINE('',#1650,#1653);
#1655 = EDGE_CURVE('',#1651,#1623,#1654,.T.);
#1656 = ORIENTED_EDGE('',*,*,#1655,.F.);
#1657 = DIRECTION('',(0.,0.,1.));
#1658 = VECTOR('',#1657,1.);
#1659 = LINE('',#1650,#1658);
#1660 = EDGE_CURVE('',#1651,#1593,#1659,.T.);
#1661 = ORIENTED_EDGE('',*,*,#1660,.T.);
#1662 = ORIENTED_EDGE('',*,*,#1607,.T.);
#1663 = ORIENTED_EDGE('',*,*,#1629,.F.);
#1664 = CARTESIAN_POINT('',(-7.9350000000000005,0.315,-2.7));
#1665 = DIRECTION('',(-1.,0.,0.));
#1666 = DIRECTION('',(0.,-1.,0.));
#1667 = AXIS2_PLACEMENT_3D('',#1664,#1665,#1666);
#1668 = PLANE('',#1667);
#1669 = EDGE_LOOP('',(#1656,#1661,#1662,#1663));
#1670 = FACE_OUTER_BOUND('',#1669,.T.);
#1671 = ADVANCED_FACE('',(#1670),#1668,.T.);
#1672 = CARTESIAN_POINT('',(-7.305,-0.315,-2.7));
#1673 = VERTEX_POINT('',#1672);
#1674 = DIRECTION('',(0.,1.,0.));
#1675 = VECTOR('',#1674,1.);
#1676 = LINE('',#1672,#1675);
#1677 = EDGE_CURVE('',#1673,#1625,#1676,.T.);
#1678 = ORIENTED_EDGE('',*,*,#1677,.T.);
#1679 = ORIENTED_EDGE('',*,*,#1635,.T.);
#1680 = ORIENTED_EDGE('',*,*,#1597,.F.);
#1681 = DIRECTION('',(0.,0.,1.));
#1682 = VECTOR('',#1681,1.);
#1683 = LINE('',#1672,#1682);
#1684 = EDGE_CURVE('',#1673,#1587,#1683,.T.);
#1685 = ORIENTED_EDGE('',*,*,#1684,.F.);
#1686 = CARTESIAN_POINT('',(-7.305,-0.315,-2.7));
#1687 = DIRECTION('',(1.,0.,0.));
#1688 = DIRECTION('',(0.,1.,0.));
#1689 = AXIS2_PLACEMENT_3D('',#1686,#1687,#1688);
#1690 = PLANE('',#1689);
#1691 = EDGE_LOOP('',(#1678,#1679,#1680,#1685));
#1692 = FACE_OUTER_BOUND('',#1691,.T.);
#1693 = ADVANCED_FACE('',(#1692),#1690,.T.);
#1694 = ORIENTED_EDGE('',*,*,#1684,.T.);
#1695 = ORIENTED_EDGE('',*,*,#1612,.T.);
#1696 = ORIENTED_EDGE('',*,*,#1660,.F.);
#1697 = DIRECTION('',(-1.,0.,0.));
#1698 = VECTOR('',#1697,1.);
#1699 = LINE('',#1672,#1698);
#1700 = EDGE_CURVE('',#1673,#1651,#1699,.T.);
#1701 = ORIENTED_EDGE('',*,*,#1700,.F.);
#1702 = CARTESIAN_POINT('',(-7.305,-0.315,-2.7));
#1703 = DIRECTION('',(0.,-1.,0.));
#1704 = DIRECTION('',(0.,0.,1.));
#1705 = AXIS2_PLACEMENT_3D('',#1702,#1703,#1704);
#1706 = PLANE('',#1705);
#1707 = EDGE_LOOP('',(#1694,#1695,#1696,#1701));
#1708 = FACE_OUTER_BOUND('',#1707,.T.);
#1709 = ADVANCED_FACE('',(#1708),#1706,.T.);
#1710 = CARTESIAN_POINT('',(-7.795,0.175,-3.));
#1711 = VERTEX_POINT('',#1710);
#1712 = CARTESIAN_POINT('',(-7.445,0.175,-3.));
#1713 = VERTEX_POINT('',#1712);
#1714 = DIRECTION('',(-0.38949041885226154,0.38949041885226,0.8346223261119851));
#1715 = VECTOR('',#1714,1.);
#1716 = LINE('',#1710,#1715);
#1717 = EDGE_CURVE('',#1711,#1623,#1716,.T.);
#1718 = ORIENTED_EDGE('',*,*,#1717,.T.);
#1719 = ORIENTED_EDGE('',*,*,#1640,.F.);
#1720 = DIRECTION('',(-0.38949041885226154,-0.38949041885226,-0.8346223261119851));
#1721 = VECTOR('',#1720,1.);
#1722 = LINE('',#1624,#1721);
#1723 = EDGE_CURVE('',#1625,#1713,#1722,.T.);
#1724 = ORIENTED_EDGE('',*,*,#1723,.T.);
#1725 = DIRECTION('',(-1.,0.,0.));
#1726 = VECTOR('',#1725,1.);
#1727 = LINE('',#1712,#1726);
#1728 = EDGE_CURVE('',#1713,#1711,#1727,.T.);
#1729 = ORIENTED_EDGE('',*,*,#1728,.T.);
#1730 = CARTESIAN_POINT('',(-7.795,0.175,-3.));
#1731 = DIRECTION('',(0.,0.9061831399952658,-0.4228854653311235));
#1732 = DIRECTION('',(-0.38949041885226154,0.38949041885226,0.8346223261119851));
#1733 = AXIS2_PLACEMENT_3D('',#1730,#1731,#1732);
#1734 = PLANE('',#1733);
#1735 = EDGE_LOOP('',(#1718,#1719,#1724,#1729));
#1736 = FACE_OUTER_BOUND('',#1735,.T.);
#1737 = ADVANCED_FACE('',(#1736),#1734,.T.);
#1738 = CARTESIAN_POINT('',(-7.795,-0.175,-3.));
#1739 = VERTEX_POINT('',#1738);
#1740 = DIRECTION('',(0.,1.,0.));
#1741 = VECTOR('',#1740,1.);
#1742 = LINE('',#1738,#1741);
#1743 = EDGE_CURVE('',#1739,#1711,#1742,.T.);
#1744 = ORIENTED_EDGE('',*,*,#1743,.F.);
#1745 = DIRECTION('',(-0.38949041885226154,-0.38949041885226,0.8346223261119851));
#1746 = VECTOR('',#1745,1.);
#1747 = LINE('',#1738,#1746);
#1748 = EDGE_CURVE('',#1739,#1651,#1747,.T.);
#1749 = ORIENTED_EDGE('',*,*,#1748,.T.);
#1750 = ORIENTED_EDGE('',*,*,#1655,.T.);
#1751 = ORIENTED_EDGE('',*,*,#1717,.F.);
#1752 = CARTESIAN_POINT('',(-7.795,0.175,-3.));
#1753 = DIRECTION('',(-0.9061831399952646,0.,-0.4228854653311256));
#1754 = DIRECTION('',(0.,-1.,0.));
#1755 = AXIS2_PLACEMENT_3D('',#1752,#1753,#1754);
#1756 = PLANE('',#1755);
#1757 = EDGE_LOOP('',(#1744,#1749,#1750,#1751));
#1758 = FACE_OUTER_BOUND('',#1757,.T.);
#1759 = ADVANCED_FACE('',(#1758),#1756,.T.);
#1760 = CARTESIAN_POINT('',(-7.445,-0.175,-3.));
#1761 = VERTEX_POINT('',#1760);
#1762 = DIRECTION('',(-1.,0.,0.));
#1763 = VECTOR('',#1762,1.);
#1764 = LINE('',#1760,#1763);
#1765 = EDGE_CURVE('',#1761,#1739,#1764,.T.);
#1766 = ORIENTED_EDGE('',*,*,#1765,.T.);
#1767 = ORIENTED_EDGE('',*,*,#1743,.T.);
#1768 = ORIENTED_EDGE('',*,*,#1728,.F.);
#1769 = DIRECTION('',(0.,1.,0.));
#1770 = VECTOR('',#1769,1.);
#1771 = LINE('',#1760,#1770);
#1772 = EDGE_CURVE('',#1761,#1713,#1771,.T.);
#1773 = ORIENTED_EDGE('',*,*,#1772,.F.);
#1774 = CARTESIAN_POINT('',(-7.445,-0.175,-3.));
#1775 = DIRECTION('',(0.,0.,-1.));
#1776 = DIRECTION('',(-1.,0.,0.));
#1777 = AXIS2_PLACEMENT_3D('',#1774,#1775,#1776);
#1778 = PLANE('',#1777);
#1779 = EDGE_LOOP('',(#1766,#1767,#1768,#1773));
#1780 = FACE_OUTER_BOUND('',#1779,.T.);
#1781 = ADVANCED_FACE('',(#1780),#1778,.T.);
#1782 = ORIENTED_EDGE('',*,*,#1772,.T.);
#1783 = ORIENTED_EDGE('',*,*,#1723,.F.);
#1784 = ORIENTED_EDGE('',*,*,#1677,.F.);
#1785 = DIRECTION('',(-0.38949041885226154,0.38949041885226,-0.8346223261119851));
#1786 = VECTOR('',#1785,1.);
#1787 = LINE('',#1672,#1786);
#1788 = EDGE_CURVE('',#1673,#1761,#1787,.T.);
#1789 = ORIENTED_EDGE('',*,*,#1788,.T.);
#1790 = CARTESIAN_POINT('',(-7.445,-0.175,-3.));
#1791 = DIRECTION('',(0.9061831399952646,0.,-0.4228854653311256));
#1792 = DIRECTION('',(0.,1.,0.));
#1793 = AXIS2_PLACEMENT_3D('',#1790,#1791,#1792);
#1794 = PLANE('',#1793);
#1795 = EDGE_LOOP('',(#1782,#1783,#1784,#1789));
#1796 = FACE_OUTER_BOUND('',#1795,.T.);
#1797 = ADVANCED_FACE('',(#1796),#1794,.T.);
#1798 = ORIENTED_EDGE('',*,*,#1788,.F.);
#1799 = ORIENTED_EDGE('',*,*,#1700,.T.);
#1800 = ORIENTED_EDGE('',*,*,#1748,.F.);
#1801 = ORIENTED_EDGE('',*,*,#1765,.F.);
#1802 = CARTESIAN_POINT('',(-7.445,-0.175,-3.));
#1803 = DIRECTION('',(0.,-0.9061831399952658,-0.4228854653311235));
#1804 = DIRECTION('',(0.38949041885226154,-0.38949041885226,0.8346223261119851));
#1805 = AXIS2_PLACEMENT_3D('',#1802,#1803,#1804);
#1806 = PLANE('',#1805);
#1807 = EDGE_LOOP('',(#1798,#1799,#1800,#1801));
#1808 = FACE_OUTER_BOUND('',#1807,.T.);
#1809 = ADVANCED_FACE('',(#1808),#1806,.T.);
#1810 = CLOSED_SHELL('',(#1621,#1649,#1671,#1693,#1709,#1737,#1759,#1781,#1797,#1809));
#1811 = MANIFOLD_SOLID_BREP('',#1810);
#1812 = CARTESIAN_POINT('',(-8.124,-0.504,0.));
#1813 = VERTEX_POINT('',#1812);
#1814 = CARTESIAN_POINT('',(-8.124,-0.504,0.504));
#1815 = VERTEX_POINT('',#1814);
#1816 = CARTESIAN_POINT('',(-8.124,0.504,0.504));
#1817 = VERTEX_POINT('',#1816);
#1818 = CARTESIAN_POINT('',(-8.124,0.504,0.));
#1819 = VERTEX_POINT('',#1818);
#1820 = DIRECTION('',(0.,0.,1.));
#1821 = VECTOR('',#1820,1.);
#1822 = LINE('',#1812,#1821);
#1823 = EDGE_CURVE('',#1813,#1815,#1822,.T.);
#1824 = ORIENTED_EDGE('',*,*,#1823,.T.);
#1825 = DIRECTION('',(0.,1.,0.));
#1826 = VECTOR('',#1825,1.);
#1827 = LINE('',#1814,#1826);
#1828 = EDGE_CURVE('',#1815,#1817,#1827,.T.);
#1829 = ORIENTED_EDGE('',*,*,#1828,.T.);
#1830 = DIRECTION('',(0.,0.,1.));
#1831 = VECTOR('',#1830,1.);
#1832 = LINE('',#1818,#1831);
#1833 = EDGE_CURVE('',#1819,#1817,#1832,.T.);
#1834 = ORIENTED_EDGE('',*,*,#1833,.F.);
#1835 = DIRECTION('',(0.,1.,0.));
#1836 = VECTOR('',#1835,1.);
#1837 = LINE('',#1812,#1836);
#1838 = EDGE_CURVE('',#1813,#1819,#1837,.T.);
#1839 = ORIENTED_EDGE('',*,*,#1838,.F.);
#1840 = CARTESIAN_POINT('',(-8.124,-0.504,0.));
#1841 = DIRECTION('',(-1.,0.,0.));
#1842 = DIRECTION('',(0.,0.,1.));
#1843 = AXIS2_PLACEMENT_3D('',#1840,#1841,#1842);
#1844 = PLANE('',#1843);
#1845 = EDGE_LOOP('',(#1824,#1829,#1834,#1839));
#1846 = FACE_OUTER_BOUND('',#1845,.T.);
#1847 = ADVANCED_FACE('',(#1846),#1844,.T.);
#1848 = CARTESIAN_POINT('',(-7.116,-0.504,0.));
#1849 = VERTEX_POINT('',#1848);
#1850 = CARTESIAN_POINT('',(-7.116,0.504,0.));
#1851 = VERTEX_POINT('',#1850);
#1852 = CARTESIAN_POINT('',(-7.116,0.504,0.504));
#1853 = VERTEX_POINT('',#1852);
#1854 = CARTESIAN_POINT('',(-7.116,-0.504,0.504));
#1855 = VERTEX_POINT('',#1854);
#1856 = DIRECTION('',(0.,1.,0.));
#1857 = VECTOR('',#1856,1.);
#1858 = LINE('',#1848,#1857);
#1859 = EDGE_CURVE('',#1849,#1851,#1858,.T.);
#1860 = ORIENTED_EDGE('',*,*,#1859,.T.);
#1861 = DIRECTION('',(0.,0.,1.));
#1862 = VECTOR('',#1861,1.);
#1863 = LINE('',#1850,#1862);
#1864 = EDGE_CURVE('',#1851,#1853,#1863,.T.);
#1865 = ORIENTED_EDGE('',*,*,#1864,.T.);
#1866 = DIRECTION('',(0.,1.,0.));
#1867 = VECTOR('',#1866,1.);
#1868 = LINE('',#1854,#1867);
#1869 = EDGE_CURVE('',#1855,#1853,#1868,.T.);
#1870 = ORIENTED_EDGE('',*,*,#1869,.F.);
#1871 = DIRECTION('',(0.,0.,1.));
#1872 = VECTOR('',#1871,1.);
#1873 = LINE('',#1848,#1872);
#1874 = EDGE_CURVE('',#1849,#1855,#1873,.T.);
#1875 = ORIENTED_EDGE('',*,*,#1874,.F.);
#1876 = CARTESIAN_POINT('',(-7.116,-0.504,0.));
#1877 = DIRECTION('',(1.,0.,0.));
#1878 = DIRECTION('',(0.,1.,0.));
#1879 = AXIS2_PLACEMENT_3D('',#1876,#1877,#1878);
#1880 = PLANE('',#1879);
#1881 = EDGE_LOOP('',(#1860,#1865,#1870,#1875));
#1882 = FACE_OUTER_BOUND('',#1881,.T.);
#1883 = ADVANCED_FACE('',(#1882),#1880,.T.);
#1884 = DIRECTION('',(-1.,0.,0.));
#1885 = VECTOR('',#1884,1.);
#1886 = LINE('',#1848,#1885);
#1887 = EDGE_CURVE('',#1849,#1813,#1886,.T.);
#1888 = ORIENTED_EDGE('',*,*,#1887,.F.);
#1889 = ORIENTED_EDGE('',*,*,#1874,.T.);
#1890 = DIRECTION('',(-1.,0.,0.));
#1891 = VECTOR('',#1890,1.);
#1892 = LINE('',#1854,#1891);
#1893 = EDGE_CURVE('',#1855,#1815,#1892,.T.);
#1894 = ORIENTED_EDGE('',*,*,#1893,.T.);
#1895 = ORIENTED_EDGE('',*,*,#1823,.F.);
#1896 = CARTESIAN_POINT('',(-8.124,-0.504,0.));
#1897 = DIRECTION('',(0.,-1.,0.));
#1898 = DIRECTION('',(1.,0.,0.));
#1899 = AXIS2_PLACEMENT_3D('',#1896,#1897,#1898);
#1900 = PLANE('',#1899);
#1901 = EDGE_LOOP('',(#1888,#1889,#1894,#1895));
#1902 = FACE_OUTER_BOUND('',#1901,.T.);
#1903 = ADVANCED_FACE('',(#1902),#1900,.T.);
#1904 = ORIENTED_EDGE('',*,*,#1833,.T.);
#1905 = DIRECTION('',(-1.,0.,0.));
#1906 = VECTOR('',#1905,1.);
#1907 = LINE('',#1852,#1906);
#1908 = EDGE_CURVE('',#1853,#1817,#1907,.T.);
#1909 = ORIENTED_EDGE('',*,*,#1908,.F.);
#1910 = ORIENTED_EDGE('',*,*,#1864,.F.);
#1911 = DIRECTION('',(-1.,0.,0.));
#1912 = VECTOR('',#1911,1.);
#1913 = LINE('',#1850,#1912);
#1914 = EDGE_CURVE('',#1851,#1819,#1913,.T.);
#1915 = ORIENTED_EDGE('',*,*,#1914,.T.);
#1916 = CARTESIAN_POINT('',(-8.124,0.504,0.));
#1917 = DIRECTION('',(0.,1.,0.));
#1918 = DIRECTION('',(0.,0.,1.));
#1919 = AXIS2_PLACEMENT_3D('',#1916,#1917,#1918);
#1920 = PLANE('',#1919);
#1921 = EDGE_LOOP('',(#1904,#1909,#1910,#1915));
#1922 = FACE_OUTER_BOUND('',#1921,.T.);
#1923 = ADVANCED_FACE('',(#1922),#1920,.T.);
#1924 = ORIENTED_EDGE('',*,*,#1838,.T.);
#1925 = ORIENTED_EDGE('',*,*,#1914,.F.);
#1926 = ORIENTED_EDGE('',*,*,#1859,.F.);
#1927 = ORIENTED_EDGE('',*,*,#1887,.T.);
#1928 = CARTESIAN_POINT('',(-8.124,-0.504,0.));
#1929 = DIRECTION('',(0.,0.,-1.));
#1930 = DIRECTION('',(0.,1.,0.));
#1931 = AXIS2_PLACEMENT_3D('',#1928,#1929,#1930);
#1932 = PLANE('',#1931);
#1933 = EDGE_LOOP('',(#1924,#1925,#1926,#1927));
#1934 = FACE_OUTER_BOUND('',#1933,.T.);
#1935 = ADVANCED_FACE('',(#1934),#1932,.T.);
#1936 = ORIENTED_EDGE('',*,*,#1893,.F.);
#1937 = ORIENTED_EDGE('',*,*,#1869,.T.);
#1938 = ORIENTED_EDGE('',*,*,#1908,.T.);
#1939 = ORIENTED_EDGE('',*,*,#1828,.F.);
#1940 = CARTESIAN_POINT('',(-8.124,-0.504,0.504));
#1941 = DIRECTION('',(0.,0.,1.));
#1942 = DIRECTION('',(1.,0.,0.));
#1943 = AXIS2_PLACEMENT_3D('',#1940,#1941,#1942);
#1944 = PLANE('',#1943);
#1945 = EDGE_LOOP('',(#1936,#1937,#1938,#1939));
#1946 = FACE_OUTER_BOUND('',#1945,.T.);
#1947 = ADVANCED_FACE('',(#1946),#1944,.T.);
#1948 = CLOSED_SHELL('',(#1847,#1883,#1903,#1923,#1935,#1947));
#1949 = MANIFOLD_SOLID_BREP('',#1948);
#1950 = CARTESIAN_POINT('',(-6.35,-1.27,0.));
#1951 = VERTEX_POINT('',#1950);
#1952 = CARTESIAN_POINT('',(-6.35,-1.27,5.));
#1953 = VERTEX_POINT('',#1952);
#1954 = CARTESIAN_POINT('',(-6.35,-0.8504999999999999,5.));
#1955 = VERTEX_POINT('',#1954);
#1956 = CARTESIAN_POINT('',(-6.35,0.8504999999999999,5.));
#1957 = VERTEX_POINT('',#1956);
#1958 = CARTESIAN_POINT('',(-6.35,1.27,5.));
#1959 = VERTEX_POINT('',#1958);
#1960 = CARTESIAN_POINT('',(-6.35,1.27,0.));
#1961 = VERTEX_POINT('',#1960);
#1962 = CARTESIAN_POINT('',(-6.35,0.4724999999999999,0.));
#1963 = VERTEX_POINT('',#1962);
#1964 = CARTESIAN_POINT('',(-6.35,-0.4724999999999999,0.));
#1965 = VERTEX_POINT('',#1964);
#1966 = DIRECTION('',(0.,0.,1.));
#1967 = VECTOR('',#1966,1.);
#1968 = LINE('',#1950,#1967);
#1969 = EDGE_CURVE('',#1951,#1953,#1968,.T.);
#1970 = ORIENTED_EDGE('',*,*,#1969,.T.);
#1971 = DIRECTION('',(0.,-1.,0.));
#1972 = VECTOR('',#1971,1.);
#1973 = LINE('',#1954,#1972);
#1974 = EDGE_CURVE('',#1955,#1953,#1973,.T.);
#1975 = ORIENTED_EDGE('',*,*,#1974,.F.);
#1976 = DIRECTION('',(0.,1.,0.));
#1977 = VECTOR('',#1976,1.);
#1978 = LINE('',#1954,#1977);
#1979 = EDGE_CURVE('',#1955,#1957,#1978,.T.);
#1980 = ORIENTED_EDGE('',*,*,#1979,.T.);
#1981 = DIRECTION('',(0.,1.,0.));
#1982 = VECTOR('',#1981,1.);
#1983 = LINE('',#1956,#1982);
#1984 = EDGE_CURVE('',#1957,#1959,#1983,.T.);
#1985 = ORIENTED_EDGE('',*,*,#1984,.T.);
#1986 = DIRECTION('',(0.,0.,1.));
#1987 = VECTOR('',#1986,1.);
#1988 = LINE('',#1960,#1987);
#1989 = EDGE_CURVE('',#1961,#1959,#1988,.T.);
#1990 = ORIENTED_EDGE('',*,*,#1989,.F.);
#1991 = DIRECTION('',(0.,1.,0.));
#1992 = VECTOR('',#1991,1.);
#1993 = LINE('',#1962,#1992);
#1994 = EDGE_CURVE('',#1963,#1961,#1993,.T.);
#1995 = ORIENTED_EDGE('',*,*,#1994,.F.);
#1996 = DIRECTION('',(0.,1.,0.));
#1997 = VECTOR('',#1996,1.);
#1998 = LINE('',#1964,#1997);
#1999 = EDGE_CURVE('',#1965,#1963,#1998,.T.);
#2000 = ORIENTED_EDGE('',*,*,#1999,.F.);
#2001 = DIRECTION('',(0.,-1.,0.));
#2002 = VECTOR('',#2001,1.);
#2003 = LINE('',#1964,#2002);
#2004 = EDGE_CURVE('',#1965,#1951,#2003,.T.);
#2005 = ORIENTED_EDGE('',*,*,#2004,.T.);
#2006 = CARTESIAN_POINT('',(-6.35,-1.27,0.));
#2007 = DIRECTION('',(-1.,0.,0.));
#2008 = DIRECTION('',(0.,0.,1.));
#2009 = AXIS2_PLACEMENT_3D('',#2006,#2007,#2008);
#2010 = PLANE('',#2009);
#2011 = EDGE_LOOP('',(#1970,#1975,#1980,#1985,#1990,#1995,#2000,#2005));
#2012 = FACE_OUTER_BOUND('',#2011,.T.);
#2013 = ADVANCED_FACE('',(#2012),#2010,.T.);
#2014 = CARTESIAN_POINT('',(-3.81,-1.27,0.));
#2015 = VERTEX_POINT('',#2014);
#2016 = CARTESIAN_POINT('',(-3.81,-0.4724999999999999,0.));
#2017 = VERTEX_POINT('',#2016);
#2018 = CARTESIAN_POINT('',(-3.81,0.4724999999999999,0.));
#2019 = VERTEX_POINT('',#2018);
#2020 = CARTESIAN_POINT('',(-3.81,1.27,0.));
#2021 = VERTEX_POINT('',#2020);
#2022 = CARTESIAN_POINT('',(-3.81,1.27,5.));
#2023 = VERTEX_POINT('',#2022);
#2024 = CARTESIAN_POINT('',(-3.81,0.8504999999999999,5.));
#2025 = VERTEX_POINT('',#2024);
#2026 = CARTESIAN_POINT('',(-3.81,-0.8504999999999999,5.));
#2027 = VERTEX_POINT('',#2026);
#2028 = CARTESIAN_POINT('',(-3.81,-1.27,5.));
#2029 = VERTEX_POINT('',#2028);
#2030 = DIRECTION('',(0.,-1.,0.));
#2031 = VECTOR('',#2030,1.);
#2032 = LINE('',#2016,#2031);
#2033 = EDGE_CURVE('',#2017,#2015,#2032,.T.);
#2034 = ORIENTED_EDGE('',*,*,#2033,.F.);
#2035 = DIRECTION('',(0.,1.,0.));
#2036 = VECTOR('',#2035,1.);
#2037 = LINE('',#2016,#2036);
#2038 = EDGE_CURVE('',#2017,#2019,#2037,.T.);
#2039 = ORIENTED_EDGE('',*,*,#2038,.T.);
#2040 = DIRECTION('',(0.,1.,0.));
#2041 = VECTOR('',#2040,1.);
#2042 = LINE('',#2018,#2041);
#2043 = EDGE_CURVE('',#2019,#2021,#2042,.T.);
#2044 = ORIENTED_EDGE('',*,*,#2043,.T.);
#2045 = DIRECTION('',(0.,0.,1.));
#2046 = VECTOR('',#2045,1.);
#2047 = LINE('',#2020,#2046);
#2048 = EDGE_CURVE('',#2021,#2023,#2047,.T.);
#2049 = ORIENTED_EDGE('',*,*,#2048,.T.);
#2050 = DIRECTION('',(0.,1.,0.));
#2051 = VECTOR('',#2050,1.);
#2052 = LINE('',#2024,#2051);
#2053 = EDGE_CURVE('',#2025,#2023,#2052,.T.);
#2054 = ORIENTED_EDGE('',*,*,#2053,.F.);
#2055 = DIRECTION('',(0.,1.,0.));
#2056 = VECTOR('',#2055,1.);
#2057 = LINE('',#2026,#2056);
#2058 = EDGE_CURVE('',#2027,#2025,#2057,.T.);
#2059 = ORIENTED_EDGE('',*,*,#2058,.F.);
#2060 = DIRECTION('',(0.,-1.,0.));
#2061 = VECTOR('',#2060,1.);
#2062 = LINE('',#2026,#2061);
#2063 = EDGE_CURVE('',#2027,#2029,#2062,.T.);
#2064 = ORIENTED_EDGE('',*,*,#2063,.T.);
#2065 = DIRECTION('',(0.,0.,1.));
#2066 = VECTOR('',#2065,1.);
#2067 = LINE('',#2014,#2066);
#2068 = EDGE_CURVE('',#2015,#2029,#2067,.T.);
#2069 = ORIENTED_EDGE('',*,*,#2068,.F.);
#2070 = CARTESIAN_POINT('',(-3.81,-1.27,0.));
#2071 = DIRECTION('',(1.,0.,0.));
#2072 = DIRECTION('',(0.,1.,0.));
#2073 = AXIS2_PLACEMENT_3D('',#2070,#2071,#2072);
#2074 = PLANE('',#2073);
#2075 = EDGE_LOOP('',(#2034,#2039,#2044,#2049,#2054,#2059,#2064,#2069));
#2076 = FACE_OUTER_BOUND('',#2075,.T.);
#2077 = ADVANCED_FACE('',(#2076),#2074,.T.);
#2078 = DIRECTION('',(-1.,0.,0.));
#2079 = VECTOR('',#2078,1.);
#2080 = LINE('',#2014,#2079);
#2081 = EDGE_CURVE('',#2015,#1951,#2080,.T.);
#2082 = ORIENTED_EDGE('',*,*,#2081,.F.);
#2083 = ORIENTED_EDGE('',*,*,#2068,.T.);
#2084 = DIRECTION('',(-1.,0.,0.));
#2085 = VECTOR('',#2084,1.);
#2086 = LINE('',#2028,#2085);
#2087 = EDGE_CURVE('',#2029,#1953,#2086,.T.);
#2088 = ORIENTED_EDGE('',*,*,#2087,.T.);
#2089 = ORIENTED_EDGE('',*,*,#1969,.F.);
#2090 = CARTESIAN_POINT('',(-6.35,-1.27,0.));
#2091 = DIRECTION('',(0.,-1.,0.));
#2092 = DIRECTION('',(1.,0.,0.));
#2093 = AXIS2_PLACEMENT_3D('',#2090,#2091,#2092);
#2094 = PLANE('',#2093);
#2095 = EDGE_LOOP('',(#2082,#2083,#2088,#2089));
#2096 = FACE_OUTER_BOUND('',#2095,.T.);
#2097 = ADVANCED_FACE('',(#2096),#2094,.T.);
#2098 = ORIENTED_EDGE('',*,*,#1989,.T.);
#2099 = DIRECTION('',(-1.,0.,0.));
#2100 = VECTOR('',#2099,1.);
#2101 = LINE('',#2022,#2100);
#2102 = EDGE_CURVE('',#2023,#1959,#2101,.T.);
#2103 = ORIENTED_EDGE('',*,*,#2102,.F.);
#2104 = ORIENTED_EDGE('',*,*,#2048,.F.);
#2105 = DIRECTION('',(-1.,0.,0.));
#2106 = VECTOR('',#2105,1.);
#2107 = LINE('',#2020,#2106);
#2108 = EDGE_CURVE('',#2021,#1961,#2107,.T.);
#2109 = ORIENTED_EDGE('',*,*,#2108,.T.);
#2110 = CARTESIAN_POINT('',(-6.35,1.27,0.));
#2111 = DIRECTION('',(0.,1.,0.));
#2112 = DIRECTION('',(0.,0.,1.));
#2113 = AXIS2_PLACEMENT_3D('',#2110,#2111,#2112);
#2114 = PLANE('',#2113);
#2115 = EDGE_LOOP('',(#2098,#2103,#2104,#2109));
#2116 = FACE_OUTER_BOUND('',#2115,.T.);
#2117 = ADVANCED_FACE('',(#2116),#2114,.T.);
#2118 = CARTESIAN_POINT('',(-4.6075,0.4725,0.));
#2119 = VERTEX_POINT('',#2118);
#2120 = CARTESIAN_POINT('',(-5.5525,0.4725,0.));
#2121 = VERTEX_POINT('',#2120);
#2122 = ORIENTED_EDGE('',*,*,#2043,.F.);
#2123 = DIRECTION('',(-1.,0.,0.));
#2124 = VECTOR('',#2123,1.);
#2125 = LINE('',#2018,#2124);
#2126 = EDGE_CURVE('',#2019,#2119,#2125,.T.);
#2127 = ORIENTED_EDGE('',*,*,#2126,.T.);
#2128 = DIRECTION('',(-1.,0.,0.));
#2129 = VECTOR('',#2128,1.);
#2130 = LINE('',#2118,#2129);
#2131 = EDGE_CURVE('',#2119,#2121,#2130,.T.);
#2132 = ORIENTED_EDGE('',*,*,#2131,.T.);
#2133 = DIRECTION('',(-1.,0.,0.));
#2134 = VECTOR('',#2133,1.);
#2135 = LINE('',#2120,#2134);
#2136 = EDGE_CURVE('',#2121,#1963,#2135,.T.);
#2137 = ORIENTED_EDGE('',*,*,#2136,.T.);
#2138 = ORIENTED_EDGE('',*,*,#1994,.T.);
#2139 = ORIENTED_EDGE('',*,*,#2108,.F.);
#2140 = CARTESIAN_POINT('',(-3.81,1.27,0.));
#2141 = DIRECTION('',(0.,0.,-1.));
#2142 = DIRECTION('',(0.,-1.,0.));
#2143 = AXIS2_PLACEMENT_3D('',#2140,#2141,#2142);
#2144 = PLANE('',#2143);
#2145 = EDGE_LOOP('',(#2122,#2127,#2132,#2137,#2138,#2139));
#2146 = FACE_OUTER_BOUND('',#2145,.T.);
#2147 = ADVANCED_FACE('',(#2146),#2144,.T.);
#2148 = CARTESIAN_POINT('',(-5.5525,-0.4724999999999999,0.));
#2149 = VERTEX_POINT('',#2148);
#2150 = DIRECTION('',(0.,1.,0.));
#2151 = VECTOR('',#2150,1.);
#2152 = LINE('',#2148,#2151);
#2153 = EDGE_CURVE('',#2149,#2121,#2152,.T.);
#2154 = ORIENTED_EDGE('',*,*,#2153,.F.);
#2155 = DIRECTION('',(-1.,0.,0.));
#2156 = VECTOR('',#2155,1.);
#2157 = LINE('',#2148,#2156);
#2158 = EDGE_CURVE('',#2149,#1965,#2157,.T.);
#2159 = ORIENTED_EDGE('',*,*,#2158,.T.);
#2160 = ORIENTED_EDGE('',*,*,#1999,.T.);
#2161 = ORIENTED_EDGE('',*,*,#2136,.F.);
#2162 = CARTESIAN_POINT('',(-5.5525,0.4724999999999999,0.));
#2163 = DIRECTION('',(0.,0.,-1.));
#2164 = DIRECTION('',(0.,-1.,0.));
#2165 = AXIS2_PLACEMENT_3D('',#2162,#2163,#2164);
#2166 = PLANE('',#2165);
#2167 = EDGE_LOOP('',(#2154,#2159,#2160,#2161));
#2168 = FACE_OUTER_BOUND('',#2167,.T.);
#2169 = ADVANCED_FACE('',(#2168),#2166,.T.);
#2170 = CARTESIAN_POINT('',(-4.6075,-0.4724999999999999,0.));
#2171 = VERTEX_POINT('',#2170);
#2172 = ORIENTED_EDGE('',*,*,#2038,.F.);
#2173 = DIRECTION('',(-1.,0.,0.));
#2174 = VECTOR('',#2173,1.);
#2175 = LINE('',#2016,#2174);
#2176 = EDGE_CURVE('',#2017,#2171,#2175,.T.);
#2177 = ORIENTED_EDGE('',*,*,#2176,.T.);
#2178 = DIRECTION('',(0.,1.,0.));
#2179 = VECTOR('',#2178,1.);
#2180 = LINE('',#2170,#2179);
#2181 = EDGE_CURVE('',#2171,#2119,#2180,.T.);
#2182 = ORIENTED_EDGE('',*,*,#2181,.T.);
#2183 = ORIENTED_EDGE('',*,*,#2126,.F.);
#2184 = CARTESIAN_POINT('',(-3.81,0.4724999999999999,0.));
#2185 = DIRECTION('',(0.,0.,-1.));
#2186 = DIRECTION('',(0.,-1.,0.));
#2187 = AXIS2_PLACEMENT_3D('',#2184,#2185,#2186);
#2188 = PLANE('',#2187);
#2189 = EDGE_LOOP('',(#2172,#2177,#2182,#2183));
#2190 = FACE_OUTER_BOUND('',#2189,.T.);
#2191 = ADVANCED_FACE('',(#2190),#2188,.T.);
#2192 = ORIENTED_EDGE('',*,*,#2033,.T.);
#2193 = ORIENTED_EDGE('',*,*,#2081,.T.);
#2194 = ORIENTED_EDGE('',*,*,#2004,.F.);
#2195 = ORIENTED_EDGE('',*,*,#2158,.F.);
#2196 = DIRECTION('',(-1.,0.,0.));
#2197 = VECTOR('',#2196,1.);
#2198 = LINE('',#2170,#2197);
#2199 = EDGE_CURVE('',#2171,#2149,#2198,.T.);
#2200 = ORIENTED_EDGE('',*,*,#2199,.F.);
#2201 = ORIENTED_EDGE('',*,*,#2176,.F.);
#2202 = CARTESIAN_POINT('',(-3.81,-0.4724999999999999,0.));
#2203 = DIRECTION('',(0.,0.,-1.));
#2204 = DIRECTION('',(0.,-1.,0.));
#2205 = AXIS2_PLACEMENT_3D('',#2202,#2203,#2204);
#2206 = PLANE('',#2205);
#2207 = EDGE_LOOP('',(#2192,#2193,#2194,#2195,#2200,#2201));
#2208 = FACE_OUTER_BOUND('',#2207,.T.);
#2209 = ADVANCED_FACE('',(#2208),#2206,.T.);
#2210 = CARTESIAN_POINT('',(-5.9305,-0.8504999999999999,4.995));
#2211 = VERTEX_POINT('',#2210);
#2212 = CARTESIAN_POINT('',(-4.2295,-0.8504999999999999,4.995));
#2213 = VERTEX_POINT('',#2212);
#2214 = CARTESIAN_POINT('',(-4.6075,-0.4725,4.3854));
#2215 = VERTEX_POINT('',#2214);
#2216 = CARTESIAN_POINT('',(-5.5525,-0.4725,4.3854));
#2217 = VERTEX_POINT('',#2216);
#2218 = DIRECTION('',(-1.,0.,0.));
#2219 = VECTOR('',#2218,1.);
#2220 = LINE('',#2212,#2219);
#2221 = EDGE_CURVE('',#2213,#2211,#2220,.T.);
#2222 = ORIENTED_EDGE('',*,*,#2221,.F.);
#2223 = DIRECTION('',(-0.46621205975657015,0.46621205975656993,-0.7518594487502784));
#2224 = VECTOR('',#2223,1.);
#2225 = LINE('',#2212,#2224);
#2226 = EDGE_CURVE('',#2213,#2215,#2225,.T.);
#2227 = ORIENTED_EDGE('',*,*,#2226,.T.);
#2228 = DIRECTION('',(-1.,0.,0.));
#2229 = VECTOR('',#2228,1.);
#2230 = LINE('',#2214,#2229);
#2231 = EDGE_CURVE('',#2215,#2217,#2230,.T.);
#2232 = ORIENTED_EDGE('',*,*,#2231,.T.);
#2233 = DIRECTION('',(-0.46621205975657015,-0.46621205975656993,0.7518594487502784));
#2234 = VECTOR('',#2233,1.);
#2235 = LINE('',#2216,#2234);
#2236 = EDGE_CURVE('',#2217,#2211,#2235,.T.);
#2237 = ORIENTED_EDGE('',*,*,#2236,.T.);
#2238 = CARTESIAN_POINT('',(-5.9305,-0.8504999999999999,4.995));
#2239 = DIRECTION('',(0.,0.8498727207846388,0.5269880059983485));
#2240 = DIRECTION('',(1.,0.,0.));
#2241 = AXIS2_PLACEMENT_3D('',#2238,#2239,#2240);
#2242 = PLANE('',#2241);
#2243 = EDGE_LOOP('',(#2222,#2227,#2232,#2237));
#2244 = FACE_OUTER_BOUND('',#2243,.T.);
#2245 = ADVANCED_FACE('',(#2244),#2242,.T.);
#2246 = CARTESIAN_POINT('',(-5.5525,0.4725,4.3854));
#2247 = VERTEX_POINT('',#2246);
#2248 = CARTESIAN_POINT('',(-5.9305,0.8504999999999999,4.995));
#2249 = VERTEX_POINT('',#2248);
#2250 = DIRECTION('',(-0.46621205975657015,0.46621205975656993,0.7518594487502784));
#2251 = VECTOR('',#2250,1.);
#2252 = LINE('',#2246,#2251);
#2253 = EDGE_CURVE('',#2247,#2249,#2252,.T.);
#2254 = ORIENTED_EDGE('',*,*,#2253,.T.);
#2255 = DIRECTION('',(0.,1.,0.));
#2256 = VECTOR('',#2255,1.);
#2257 = LINE('',#2210,#2256);
#2258 = EDGE_CURVE('',#2211,#2249,#2257,.T.);
#2259 = ORIENTED_EDGE('',*,*,#2258,.F.);
#2260 = ORIENTED_EDGE('',*,*,#2236,.F.);
#2261 = DIRECTION('',(0.,1.,0.));
#2262 = VECTOR('',#2261,1.);
#2263 = LINE('',#2216,#2262);
#2264 = EDGE_CURVE('',#2217,#2247,#2263,.T.);
#2265 = ORIENTED_EDGE('',*,*,#2264,.T.);
#2266 = CARTESIAN_POINT('',(-5.5525,0.4725,4.3854));
#2267 = DIRECTION('',(0.8498727207846386,0.,0.5269880059983487));
#2268 = DIRECTION('',(-0.46621205975657015,0.46621205975656993,0.7518594487502784));
#2269 = AXIS2_PLACEMENT_3D('',#2266,#2267,#2268);
#2270 = PLANE('',#2269);
#2271 = EDGE_LOOP('',(#2254,#2259,#2260,#2265));
#2272 = FACE_OUTER_BOUND('',#2271,.T.);
#2273 = ADVANCED_FACE('',(#2272),#2270,.T.);
#2274 = CARTESIAN_POINT('',(-4.2295,0.8504999999999999,4.995));
#2275 = VERTEX_POINT('',#2274);
#2276 = CARTESIAN_POINT('',(-4.6075,0.4725,4.3854));
#2277 = VERTEX_POINT('',#2276);
#2278 = DIRECTION('',(-1.,0.,0.));
#2279 = VECTOR('',#2278,1.);
#2280 = LINE('',#2274,#2279);
#2281 = EDGE_CURVE('',#2275,#2249,#2280,.T.);
#2282 = ORIENTED_EDGE('',*,*,#2281,.T.);
#2283 = ORIENTED_EDGE('',*,*,#2253,.F.);
#2284 = DIRECTION('',(-1.,0.,0.));
#2285 = VECTOR('',#2284,1.);
#2286 = LINE('',#2276,#2285);
#2287 = EDGE_CURVE('',#2277,#2247,#2286,.T.);
#2288 = ORIENTED_EDGE('',*,*,#2287,.F.);
#2289 = DIRECTION('',(-0.46621205975657015,-0.46621205975656993,-0.7518594487502784));
#2290 = VECTOR('',#2289,1.);
#2291 = LINE('',#2274,#2290);
#2292 = EDGE_CURVE('',#2275,#2277,#2291,.T.);
#2293 = ORIENTED_EDGE('',*,*,#2292,.F.);
#2294 = CARTESIAN_POINT('',(-4.2295,0.8504999999999999,4.995));
#2295 = DIRECTION('',(0.,-0.8498727207846388,0.5269880059983485));
#2296 = DIRECTION('',(-1.,0.,0.));
#2297 = AXIS2_PLACEMENT_3D('',#2294,#2295,#2296);
#2298 = PLANE('',#2297);
#2299 = EDGE_LOOP('',(#2282,#2283,#2288,#2293));
#2300 = FACE_OUTER_BOUND('',#2299,.T.);
#2301 = ADVANCED_FACE('',(#2300),#2298,.T.);
#2302 = ORIENTED_EDGE('',*,*,#2226,.F.);
#2303 = DIRECTION('',(0.,1.,0.));
#2304 = VECTOR('',#2303,1.);
#2305 = LINE('',#2212,#2304);
#2306 = EDGE_CURVE('',#2213,#2275,#2305,.T.);
#2307 = ORIENTED_EDGE('',*,*,#2306,.T.);
#2308 = ORIENTED_EDGE('',*,*,#2292,.T.);
#2309 = DIRECTION('',(0.,1.,0.));
#2310 = VECTOR('',#2309,1.);
#2311 = LINE('',#2214,#2310);
#2312 = EDGE_CURVE('',#2215,#2277,#2311,.T.);
#2313 = ORIENTED_EDGE('',*,*,#2312,.F.);
#2314 = CARTESIAN_POINT('',(-4.6075,-0.4725,4.3854));
#2315 = DIRECTION('',(-0.8498727207846386,0.,0.5269880059983487));
#2316 = DIRECTION('',(0.46621205975657015,-0.46621205975656993,0.7518594487502784));
#2317 = AXIS2_PLACEMENT_3D('',#2314,#2315,#2316);
#2318 = PLANE('',#2317);
#2319 = EDGE_LOOP('',(#2302,#2307,#2308,#2313));
#2320 = FACE_OUTER_BOUND('',#2319,.T.);
#2321 = ADVANCED_FACE('',(#2320),#2318,.T.);
#2322 = CARTESIAN_POINT('',(-4.2295,-0.8504999999999999,5.));
#2323 = VERTEX_POINT('',#2322);
#2324 = CARTESIAN_POINT('',(-5.9305,-0.8504999999999999,5.));
#2325 = VERTEX_POINT('',#2324);
#2326 = DIRECTION('',(0.,0.,1.));
#2327 = VECTOR('',#2326,1.);
#2328 = LINE('',#2212,#2327);
#2329 = EDGE_CURVE('',#2213,#2323,#2328,.T.);
#2330 = ORIENTED_EDGE('',*,*,#2329,.F.);
#2331 = ORIENTED_EDGE('',*,*,#2221,.T.);
#2332 = DIRECTION('',(0.,0.,1.));
#2333 = VECTOR('',#2332,1.);
#2334 = LINE('',#2210,#2333);
#2335 = EDGE_CURVE('',#2211,#2325,#2334,.T.);
#2336 = ORIENTED_EDGE('',*,*,#2335,.T.);
#2337 = DIRECTION('',(-1.,0.,0.));
#2338 = VECTOR('',#2337,1.);
#2339 = LINE('',#2322,#2338);
#2340 = EDGE_CURVE('',#2323,#2325,#2339,.T.);
#2341 = ORIENTED_EDGE('',*,*,#2340,.F.);
#2342 = CARTESIAN_POINT('',(-4.2295,-0.8504999999999999,5.));
#2343 = DIRECTION('',(0.,1.,0.));
#2344 = DIRECTION('',(0.,0.,-1.));
#2345 = AXIS2_PLACEMENT_3D('',#2342,#2343,#2344);
#2346 = PLANE('',#2345);
#2347 = EDGE_LOOP('',(#2330,#2331,#2336,#2341));
#2348 = FACE_OUTER_BOUND('',#2347,.T.);
#2349 = ADVANCED_FACE('',(#2348),#2346,.T.);
#2350 = CARTESIAN_POINT('',(-5.9305,0.8504999999999999,5.));
#2351 = VERTEX_POINT('',#2350);
#2352 = ORIENTED_EDGE('',*,*,#2335,.F.);
#2353 = ORIENTED_EDGE('',*,*,#2258,.T.);
#2354 = DIRECTION('',(0.,0.,1.));
#2355 = VECTOR('',#2354,1.);
#2356 = LINE('',#2248,#2355);
#2357 = EDGE_CURVE('',#2249,#2351,#2356,.T.);
#2358 = ORIENTED_EDGE('',*,*,#2357,.T.);
#2359 = DIRECTION('',(0.,1.,0.));
#2360 = VECTOR('',#2359,1.);
#2361 = LINE('',#2324,#2360);
#2362 = EDGE_CURVE('',#2325,#2351,#2361,.T.);
#2363 = ORIENTED_EDGE('',*,*,#2362,.F.);
#2364 = CARTESIAN_POINT('',(-5.9305,-0.8504999999999999,5.));
#2365 = DIRECTION('',(1.,0.,0.));
#2366 = DIRECTION('',(0.,0.,-1.));
#2367 = AXIS2_PLACEMENT_3D('',#2364,#2365,#2366);
#2368 = PLANE('',#2367);
#2369 = EDGE_LOOP('',(#2352,#2353,#2358,#2363));
#2370 = FACE_OUTER_BOUND('',#2369,.T.);
#2371 = ADVANCED_FACE('',(#2370),#2368,.T.);
#2372 = CARTESIAN_POINT('',(-4.2295,0.8504999999999999,5.));
#2373 = VERTEX_POINT('',#2372);
#2374 = DIRECTION('',(0.,0.,1.));
#2375 = VECTOR('',#2374,1.);
#2376 = LINE('',#2274,#2375);
#2377 = EDGE_CURVE('',#2275,#2373,#2376,.T.);
#2378 = ORIENTED_EDGE('',*,*,#2377,.F.);
#2379 = ORIENTED_EDGE('',*,*,#2306,.F.);
#2380 = ORIENTED_EDGE('',*,*,#2329,.T.);
#2381 = DIRECTION('',(0.,1.,0.));
#2382 = VECTOR('',#2381,1.);
#2383 = LINE('',#2322,#2382);
#2384 = EDGE_CURVE('',#2323,#2373,#2383,.T.);
#2385 = ORIENTED_EDGE('',*,*,#2384,.T.);
#2386 = CARTESIAN_POINT('',(-4.2295,0.8504999999999999,5.));
#2387 = DIRECTION('',(-1.,0.,0.));
#2388 = DIRECTION('',(0.,0.,-1.));
#2389 = AXIS2_PLACEMENT_3D('',#2386,#2387,#2388);
#2390 = PLANE('',#2389);
#2391 = EDGE_LOOP('',(#2378,#2379,#2380,#2385));
#2392 = FACE_OUTER_BOUND('',#2391,.T.);
#2393 = ADVANCED_FACE('',(#2392),#2390,.T.);
#2394 = ORIENTED_EDGE('',*,*,#2357,.F.);
#2395 = ORIENTED_EDGE('',*,*,#2281,.F.);
#2396 = ORIENTED_EDGE('',*,*,#2377,.T.);
#2397 = DIRECTION('',(-1.,0.,0.));
#2398 = VECTOR('',#2397,1.);
#2399 = LINE('',#2372,#2398);
#2400 = EDGE_CURVE('',#2373,#2351,#2399,.T.);
#2401 = ORIENTED_EDGE('',*,*,#2400,.T.);
#2402 = CARTESIAN_POINT('',(-5.9305,0.8504999999999999,5.));
#2403 = DIRECTION('',(0.,-1.,0.));
#2404 = DIRECTION('',(0.,0.,-1.));
#2405 = AXIS2_PLACEMENT_3D('',#2402,#2403,#2404);
#2406 = PLANE('',#2405);
#2407 = EDGE_LOOP('',(#2394,#2395,#2396,#2401));
#2408 = FACE_OUTER_BOUND('',#2407,.T.);
#2409 = ADVANCED_FACE('',(#2408),#2406,.T.);
#2410 = DIRECTION('',(0.,0.,1.));
#2411 = VECTOR('',#2410,1.);
#2412 = LINE('',#2148,#2411);
#2413 = EDGE_CURVE('',#2149,#2217,#2412,.T.);
#2414 = ORIENTED_EDGE('',*,*,#2413,.F.);
#2415 = ORIENTED_EDGE('',*,*,#2153,.T.);
#2416 = DIRECTION('',(0.,0.,1.));
#2417 = VECTOR('',#2416,1.);
#2418 = LINE('',#2120,#2417);
#2419 = EDGE_CURVE('',#2121,#2247,#2418,.T.);
#2420 = ORIENTED_EDGE('',*,*,#2419,.T.);
#2421 = ORIENTED_EDGE('',*,*,#2264,.F.);
#2422 = CARTESIAN_POINT('',(-5.5525,-0.4725,4.385399999999999));
#2423 = DIRECTION('',(1.,0.,0.));
#2424 = DIRECTION('',(0.,0.,-1.));
#2425 = AXIS2_PLACEMENT_3D('',#2422,#2423,#2424);
#2426 = PLANE('',#2425);
#2427 = EDGE_LOOP('',(#2414,#2415,#2420,#2421));
#2428 = FACE_OUTER_BOUND('',#2427,.T.);
#2429 = ADVANCED_FACE('',(#2428),#2426,.T.);
#2430 = ORIENTED_EDGE('',*,*,#2312,.T.);
#2431 = DIRECTION('',(0.,0.,1.));
#2432 = VECTOR('',#2431,1.);
#2433 = LINE('',#2118,#2432);
#2434 = EDGE_CURVE('',#2119,#2277,#2433,.T.);
#2435 = ORIENTED_EDGE('',*,*,#2434,.F.);
#2436 = ORIENTED_EDGE('',*,*,#2181,.F.);
#2437 = DIRECTION('',(0.,0.,1.));
#2438 = VECTOR('',#2437,1.);
#2439 = LINE('',#2170,#2438);
#2440 = EDGE_CURVE('',#2171,#2215,#2439,.T.);
#2441 = ORIENTED_EDGE('',*,*,#2440,.T.);
#2442 = CARTESIAN_POINT('',(-4.6075,-0.4725,4.385400000000001));
#2443 = DIRECTION('',(-1.,0.,0.));
#2444 = DIRECTION('',(0.,1.,0.));
#2445 = AXIS2_PLACEMENT_3D('',#2442,#2443,#2444);
#2446 = PLANE('',#2445);
#2447 = EDGE_LOOP('',(#2430,#2435,#2436,#2441));
#2448 = FACE_OUTER_BOUND('',#2447,.T.);
#2449 = ADVANCED_FACE('',(#2448),#2446,.T.);
#2450 = ORIENTED_EDGE('',*,*,#2440,.F.);
#2451 = ORIENTED_EDGE('',*,*,#2199,.T.);
#2452 = ORIENTED_EDGE('',*,*,#2413,.T.);
#2453 = ORIENTED_EDGE('',*,*,#2231,.F.);
#2454 = CARTESIAN_POINT('',(-4.6075,-0.4725,4.385399999999999));
#2455 = DIRECTION('',(0.,1.,0.));
#2456 = DIRECTION('',(0.,0.,-1.));
#2457 = AXIS2_PLACEMENT_3D('',#2454,#2455,#2456);
#2458 = PLANE('',#2457);
#2459 = EDGE_LOOP('',(#2450,#2451,#2452,#2453));
#2460 = FACE_OUTER_BOUND('',#2459,.T.);
#2461 = ADVANCED_FACE('',(#2460),#2458,.T.);
#2462 = ORIENTED_EDGE('',*,*,#2419,.F.);
#2463 = ORIENTED_EDGE('',*,*,#2131,.F.);
#2464 = ORIENTED_EDGE('',*,*,#2434,.T.);
#2465 = ORIENTED_EDGE('',*,*,#2287,.T.);
#2466 = CARTESIAN_POINT('',(-5.5525,0.4725,4.385400000000001));
#2467 = DIRECTION('',(0.,-1.,0.));
#2468 = DIRECTION('',(0.,0.,-1.));
#2469 = AXIS2_PLACEMENT_3D('',#2466,#2467,#2468);
#2470 = PLANE('',#2469);
#2471 = EDGE_LOOP('',(#2462,#2463,#2464,#2465));
#2472 = FACE_OUTER_BOUND('',#2471,.T.);
#2473 = ADVANCED_FACE('',(#2472),#2470,.T.);
#2474 = ORIENTED_EDGE('',*,*,#1984,.F.);
#2475 = DIRECTION('',(-1.,0.,0.));
#2476 = VECTOR('',#2475,1.);
#2477 = LINE('',#2350,#2476);
#2478 = EDGE_CURVE('',#2351,#1957,#2477,.T.);
#2479 = ORIENTED_EDGE('',*,*,#2478,.F.);
#2480 = ORIENTED_EDGE('',*,*,#2400,.F.);
#2481 = DIRECTION('',(-1.,0.,0.));
#2482 = VECTOR('',#2481,1.);
#2483 = LINE('',#2024,#2482);
#2484 = EDGE_CURVE('',#2025,#2373,#2483,.T.);
#2485 = ORIENTED_EDGE('',*,*,#2484,.F.);
#2486 = ORIENTED_EDGE('',*,*,#2053,.T.);
#2487 = ORIENTED_EDGE('',*,*,#2102,.T.);
#2488 = CARTESIAN_POINT('',(-6.35,1.27,5.));
#2489 = DIRECTION('',(0.,0.,1.));
#2490 = DIRECTION('',(0.,-1.,0.));
#2491 = AXIS2_PLACEMENT_3D('',#2488,#2489,#2490);
#2492 = PLANE('',#2491);
#2493 = EDGE_LOOP('',(#2474,#2479,#2480,#2485,#2486,#2487));
#2494 = FACE_OUTER_BOUND('',#2493,.T.);
#2495 = ADVANCED_FACE('',(#2494),#2492,.T.);
#2496 = ORIENTED_EDGE('',*,*,#2384,.F.);
#2497 = DIRECTION('',(-1.,0.,0.));
#2498 = VECTOR('',#2497,1.);
#2499 = LINE('',#2026,#2498);
#2500 = EDGE_CURVE('',#2027,#2323,#2499,.T.);
#2501 = ORIENTED_EDGE('',*,*,#2500,.F.);
#2502 = ORIENTED_EDGE('',*,*,#2058,.T.);
#2503 = ORIENTED_EDGE('',*,*,#2484,.T.);
#2504 = CARTESIAN_POINT('',(-4.2295,0.8504999999999999,5.));
#2505 = DIRECTION('',(0.,0.,1.));
#2506 = DIRECTION('',(0.,-1.,0.));
#2507 = AXIS2_PLACEMENT_3D('',#2504,#2505,#2506);
#2508 = PLANE('',#2507);
#2509 = EDGE_LOOP('',(#2496,#2501,#2502,#2503));
#2510 = FACE_OUTER_BOUND('',#2509,.T.);
#2511 = ADVANCED_FACE('',(#2510),#2508,.T.);
#2512 = ORIENTED_EDGE('',*,*,#1979,.F.);
#2513 = DIRECTION('',(-1.,0.,0.));
#2514 = VECTOR('',#2513,1.);
#2515 = LINE('',#2324,#2514);
#2516 = EDGE_CURVE('',#2325,#1955,#2515,.T.);
#2517 = ORIENTED_EDGE('',*,*,#2516,.F.);
#2518 = ORIENTED_EDGE('',*,*,#2362,.T.);
#2519 = ORIENTED_EDGE('',*,*,#2478,.T.);
#2520 = CARTESIAN_POINT('',(-6.35,0.8504999999999999,5.));
#2521 = DIRECTION('',(0.,0.,1.));
#2522 = DIRECTION('',(0.,-1.,0.));
#2523 = AXIS2_PLACEMENT_3D('',#2520,#2521,#2522);
#2524 = PLANE('',#2523);
#2525 = EDGE_LOOP('',(#2512,#2517,#2518,#2519));
#2526 = FACE_OUTER_BOUND('',#2525,.T.);
#2527 = ADVANCED_FACE('',(#2526),#2524,.T.);
#2528 = ORIENTED_EDGE('',*,*,#1974,.T.);
#2529 = ORIENTED_EDGE('',*,*,#2087,.F.);
#2530 = ORIENTED_EDGE('',*,*,#2063,.F.);
#2531 = ORIENTED_EDGE('',*,*,#2500,.T.);
#2532 = ORIENTED_EDGE('',*,*,#2340,.T.);
#2533 = ORIENTED_EDGE('',*,*,#2516,.T.);
#2534 = CARTESIAN_POINT('',(-6.35,-0.8504999999999999,5.));
#2535 = DIRECTION('',(0.,0.,1.));
#2536 = DIRECTION('',(0.,-1.,0.));
#2537 = AXIS2_PLACEMENT_3D('',#2534,#2535,#2536);
#2538 = PLANE('',#2537);
#2539 = EDGE_LOOP('',(#2528,#2529,#2530,#2531,#2532,#2533));
#2540 = FACE_OUTER_BOUND('',#2539,.T.);
#2541 = ADVANCED_FACE('',(#2540),#2538,.T.);
#2542 = CLOSED_SHELL('',(#2013,#2077,#2097,#2117,#2147,#2169,#2191,#2209,#2245,#2273,#2301,#2321,#2349,#2371,#2393,#2409,#2429,#2449,#2461,#2473,#2495,#2511,#2527,#2541));
#2543 = MANIFOLD_SOLID_BREP('',#2542);
#2544 = COLOUR_RGB('',0.10196078431372549,0.10196078431372549,0.10196078431372549);
#2545 = FILL_AREA_STYLE_COLOUR('',#2544);
#2546 = FILL_AREA_STYLE('',(#2545));
#2547 = SURFACE_STYLE_FILL_AREA(#2546);
#2548 = SURFACE_SIDE_STYLE('',(#2547));
#2549 = SURFACE_STYLE_USAGE(.BOTH.,#2548);
#2550 = PRESENTATION_STYLE_ASSIGNMENT((#2549));
#2551 = STYLED_ITEM('',(#2550),#2543);
#2552 = CARTESIAN_POINT('',(-4.765,-0.315,-2.7));
#2553 = VERTEX_POINT('',#2552);
#2554 = CARTESIAN_POINT('',(-4.765,0.315,-2.7));
#2555 = VERTEX_POINT('',#2554);
#2556 = CARTESIAN_POINT('',(-4.765,0.315,0.));
#2557 = VERTEX_POINT('',#2556);
#2558 = CARTESIAN_POINT('',(-4.765,-0.315,0.));
#2559 = VERTEX_POINT('',#2558);
#2560 = DIRECTION('',(0.,1.,0.));
#2561 = VECTOR('',#2560,1.);
#2562 = LINE('',#2552,#2561);
#2563 = EDGE_CURVE('',#2553,#2555,#2562,.T.);
#2564 = ORIENTED_EDGE('',*,*,#2563,.T.);
#2565 = DIRECTION('',(0.,0.,1.));
#2566 = VECTOR('',#2565,1.);
#2567 = LINE('',#2554,#2566);
#2568 = EDGE_CURVE('',#2555,#2557,#2567,.T.);
#2569 = ORIENTED_EDGE('',*,*,#2568,.T.);
#2570 = DIRECTION('',(0.,1.,0.));
#2571 = VECTOR('',#2570,1.);
#2572 = LINE('',#2558,#2571);
#2573 = EDGE_CURVE('',#2559,#2557,#2572,.T.);
#2574 = ORIENTED_EDGE('',*,*,#2573,.F.);
#2575 = DIRECTION('',(0.,0.,1.));
#2576 = VECTOR('',#2575,1.);
#2577 = LINE('',#2552,#2576);
#2578 = EDGE_CURVE('',#2553,#2559,#2577,.T.);
#2579 = ORIENTED_EDGE('',*,*,#2578,.F.);
#2580 = CARTESIAN_POINT('',(-4.765,-0.315,-2.7));
#2581 = DIRECTION('',(1.,0.,0.));
#2582 = DIRECTION('',(0.,1.,0.));
#2583 = AXIS2_PLACEMENT_3D('',#2580,#2581,#2582);
#2584 = PLANE('',#2583);
#2585 = EDGE_LOOP('',(#2564,#2569,#2574,#2579));
#2586 = FACE_OUTER_BOUND('',#2585,.T.);
#2587 = ADVANCED_FACE('',(#2586),#2584,.T.);
#2588 = CARTESIAN_POINT('',(-5.3950000000000005,-0.315,0.));
#2589 = VERTEX_POINT('',#2588);
#2590 = CARTESIAN_POINT('',(-5.3950000000000005,-0.315,-2.7));
#2591 = VERTEX_POINT('',#2590);
#2592 = ORIENTED_EDGE('',*,*,#2578,.T.);
#2593 = DIRECTION('',(-1.,0.,0.));
#2594 = VECTOR('',#2593,1.);
#2595 = LINE('',#2558,#2594);
#2596 = EDGE_CURVE('',#2559,#2589,#2595,.T.);
#2597 = ORIENTED_EDGE('',*,*,#2596,.T.);
#2598 = DIRECTION('',(0.,0.,1.));
#2599 = VECTOR('',#2598,1.);
#2600 = LINE('',#2590,#2599);
#2601 = EDGE_CURVE('',#2591,#2589,#2600,.T.);
#2602 = ORIENTED_EDGE('',*,*,#2601,.F.);
#2603 = DIRECTION('',(-1.,0.,0.));
#2604 = VECTOR('',#2603,1.);
#2605 = LINE('',#2552,#2604);
#2606 = EDGE_CURVE('',#2553,#2591,#2605,.T.);
#2607 = ORIENTED_EDGE('',*,*,#2606,.F.);
#2608 = CARTESIAN_POINT('',(-4.765,-0.315,-2.7));
#2609 = DIRECTION('',(0.,-1.,0.));
#2610 = DIRECTION('',(0.,0.,1.));
#2611 = AXIS2_PLACEMENT_3D('',#2608,#2609,#2610);
#2612 = PLANE('',#2611);
#2613 = EDGE_LOOP('',(#2592,#2597,#2602,#2607));
#2614 = FACE_OUTER_BOUND('',#2613,.T.);
#2615 = ADVANCED_FACE('',(#2614),#2612,.T.);
#2616 = CARTESIAN_POINT('',(-5.255,0.175,-3.));
#2617 = VERTEX_POINT('',#2616);
#2618 = CARTESIAN_POINT('',(-5.255,-0.175,-3.));
#2619 = VERTEX_POINT('',#2618);
#2620 = CARTESIAN_POINT('',(-5.3950000000000005,0.315,-2.7));
#2621 = VERTEX_POINT('',#2620);
#2622 = DIRECTION('',(0.,1.,0.));
#2623 = VECTOR('',#2622,1.);
#2624 = LINE('',#2618,#2623);
#2625 = EDGE_CURVE('',#2619,#2617,#2624,.T.);
#2626 = ORIENTED_EDGE('',*,*,#2625,.F.);
#2627 = DIRECTION('',(-0.38949041885226154,-0.38949041885226,0.8346223261119851));
#2628 = VECTOR('',#2627,1.);
#2629 = LINE('',#2618,#2628);
#2630 = EDGE_CURVE('',#2619,#2591,#2629,.T.);
#2631 = ORIENTED_EDGE('',*,*,#2630,.T.);
#2632 = DIRECTION('',(0.,1.,0.));
#2633 = VECTOR('',#2632,1.);
#2634 = LINE('',#2590,#2633);
#2635 = EDGE_CURVE('',#2591,#2621,#2634,.T.);
#2636 = ORIENTED_EDGE('',*,*,#2635,.T.);
#2637 = DIRECTION('',(-0.38949041885226154,0.38949041885226,0.8346223261119851));
#2638 = VECTOR('',#2637,1.);
#2639 = LINE('',#2616,#2638);
#2640 = EDGE_CURVE('',#2617,#2621,#2639,.T.);
#2641 = ORIENTED_EDGE('',*,*,#2640,.F.);
#2642 = CARTESIAN_POINT('',(-5.255,0.175,-3.));
#2643 = DIRECTION('',(-0.9061831399952646,0.,-0.4228854653311256));
#2644 = DIRECTION('',(0.,-1.,0.));
#2645 = AXIS2_PLACEMENT_3D('',#2642,#2643,#2644);
#2646 = PLANE('',#2645);
#2647 = EDGE_LOOP('',(#2626,#2631,#2636,#2641));
#2648 = FACE_OUTER_BOUND('',#2647,.T.);
#2649 = ADVANCED_FACE('',(#2648),#2646,.T.);
#2650 = CARTESIAN_POINT('',(-5.3950000000000005,0.315,0.));
#2651 = VERTEX_POINT('',#2650);
#2652 = DIRECTION('',(-1.,0.,0.));
#2653 = VECTOR('',#2652,1.);
#2654 = LINE('',#2556,#2653);
#2655 = EDGE_CURVE('',#2557,#2651,#2654,.T.);
#2656 = ORIENTED_EDGE('',*,*,#2655,.F.);
#2657 = ORIENTED_EDGE('',*,*,#2568,.F.);
#2658 = DIRECTION('',(-1.,0.,0.));
#2659 = VECTOR('',#2658,1.);
#2660 = LINE('',#2554,#2659);
#2661 = EDGE_CURVE('',#2555,#2621,#2660,.T.);
#2662 = ORIENTED_EDGE('',*,*,#2661,.T.);
#2663 = DIRECTION('',(0.,0.,1.));
#2664 = VECTOR('',#2663,1.);
#2665 = LINE('',#2620,#2664);
#2666 = EDGE_CURVE('',#2621,#2651,#2665,.T.);
#2667 = ORIENTED_EDGE('',*,*,#2666,.T.);
#2668 = CARTESIAN_POINT('',(-5.3950000000000005,0.315,0.));
#2669 = DIRECTION('',(0.,1.,0.));
#2670 = DIRECTION('',(1.,0.,0.));
#2671 = AXIS2_PLACEMENT_3D('',#2668,#2669,#2670);
#2672 = PLANE('',#2671);
#2673 = EDGE_LOOP('',(#2656,#2657,#2662,#2667));
#2674 = FACE_OUTER_BOUND('',#2673,.T.);
#2675 = ADVANCED_FACE('',(#2674),#2672,.T.);
#2676 = ORIENTED_EDGE('',*,*,#2666,.F.);
#2677 = ORIENTED_EDGE('',*,*,#2635,.F.);
#2678 = ORIENTED_EDGE('',*,*,#2601,.T.);
#2679 = DIRECTION('',(0.,1.,0.));
#2680 = VECTOR('',#2679,1.);
#2681 = LINE('',#2588,#2680);
#2682 = EDGE_CURVE('',#2589,#2651,#2681,.T.);
#2683 = ORIENTED_EDGE('',*,*,#2682,.T.);
#2684 = CARTESIAN_POINT('',(-5.3950000000000005,0.315,0.));
#2685 = DIRECTION('',(-1.,0.,0.));
#2686 = DIRECTION('',(0.,0.,-1.));
#2687 = AXIS2_PLACEMENT_3D('',#2684,#2685,#2686);
#2688 = PLANE('',#2687);
#2689 = EDGE_LOOP('',(#2676,#2677,#2678,#2683));
#2690 = FACE_OUTER_BOUND('',#2689,.T.);
#2691 = ADVANCED_FACE('',(#2690),#2688,.T.);
#2692 = ORIENTED_EDGE('',*,*,#2682,.F.);
#2693 = ORIENTED_EDGE('',*,*,#2596,.F.);
#2694 = ORIENTED_EDGE('',*,*,#2573,.T.);
#2695 = ORIENTED_EDGE('',*,*,#2655,.T.);
#2696 = CARTESIAN_POINT('',(-5.3950000000000005,0.315,0.));
#2697 = DIRECTION('',(0.,0.,1.));
#2698 = DIRECTION('',(0.,-1.,0.));
#2699 = AXIS2_PLACEMENT_3D('',#2696,#2697,#2698);
#2700 = PLANE('',#2699);
#2701 = EDGE_LOOP('',(#2692,#2693,#2694,#2695));
#2702 = FACE_OUTER_BOUND('',#2701,.T.);
#2703 = ADVANCED_FACE('',(#2702),#2700,.T.);
#2704 = CARTESIAN_POINT('',(-4.905,-0.175,-3.));
#2705 = VERTEX_POINT('',#2704);
#2706 = DIRECTION('',(-0.38949041885226154,0.38949041885226,-0.8346223261119851));
#2707 = VECTOR('',#2706,1.);
#2708 = LINE('',#2552,#2707);
#2709 = EDGE_CURVE('',#2553,#2705,#2708,.T.);
#2710 = ORIENTED_EDGE('',*,*,#2709,.F.);
#2711 = ORIENTED_EDGE('',*,*,#2606,.T.);
#2712 = ORIENTED_EDGE('',*,*,#2630,.F.);
#2713 = DIRECTION('',(-1.,0.,0.));
#2714 = VECTOR('',#2713,1.);
#2715 = LINE('',#2704,#2714);
#2716 = EDGE_CURVE('',#2705,#2619,#2715,.T.);
#2717 = ORIENTED_EDGE('',*,*,#2716,.F.);
#2718 = CARTESIAN_POINT('',(-4.905,-0.175,-3.));
#2719 = DIRECTION('',(0.,-0.9061831399952652,-0.4228854653311245));
#2720 = DIRECTION('',(0.38949041885226154,-0.38949041885226,0.8346223261119851));
#2721 = AXIS2_PLACEMENT_3D('',#2718,#2719,#2720);
#2722 = PLANE('',#2721);
#2723 = EDGE_LOOP('',(#2710,#2711,#2712,#2717));
#2724 = FACE_OUTER_BOUND('',#2723,.T.);
#2725 = ADVANCED_FACE('',(#2724),#2722,.T.);
#2726 = CARTESIAN_POINT('',(-4.905,0.175,-3.));
#2727 = VERTEX_POINT('',#2726);
#2728 = DIRECTION('',(-0.38949041885226154,-0.38949041885226,-0.8346223261119851));
#2729 = VECTOR('',#2728,1.);
#2730 = LINE('',#2554,#2729);
#2731 = EDGE_CURVE('',#2555,#2727,#2730,.T.);
#2732 = ORIENTED_EDGE('',*,*,#2731,.F.);
#2733 = ORIENTED_EDGE('',*,*,#2563,.F.);
#2734 = ORIENTED_EDGE('',*,*,#2709,.T.);
#2735 = DIRECTION('',(0.,1.,0.));
#2736 = VECTOR('',#2735,1.);
#2737 = LINE('',#2704,#2736);
#2738 = EDGE_CURVE('',#2705,#2727,#2737,.T.);
#2739 = ORIENTED_EDGE('',*,*,#2738,.T.);
#2740 = CARTESIAN_POINT('',(-4.905,0.175,-3.));
#2741 = DIRECTION('',(0.9061831399952646,0.,-0.4228854653311257));
#2742 = DIRECTION('',(0.38949041885226154,0.38949041885226,0.8346223261119851));
#2743 = AXIS2_PLACEMENT_3D('',#2740,#2741,#2742);
#2744 = PLANE('',#2743);
#2745 = EDGE_LOOP('',(#2732,#2733,#2734,#2739));
#2746 = FACE_OUTER_BOUND('',#2745,.T.);
#2747 = ADVANCED_FACE('',(#2746),#2744,.T.);
#2748 = ORIENTED_EDGE('',*,*,#2738,.F.);
#2749 = ORIENTED_EDGE('',*,*,#2716,.T.);
#2750 = ORIENTED_EDGE('',*,*,#2625,.T.);
#2751 = DIRECTION('',(-1.,0.,0.));
#2752 = VECTOR('',#2751,1.);
#2753 = LINE('',#2726,#2752);
#2754 = EDGE_CURVE('',#2727,#2617,#2753,.T.);
#2755 = ORIENTED_EDGE('',*,*,#2754,.F.);
#2756 = CARTESIAN_POINT('',(-4.905,0.175,-3.));
#2757 = DIRECTION('',(0.,0.,-1.));
#2758 = DIRECTION('',(0.,-1.,0.));
#2759 = AXIS2_PLACEMENT_3D('',#2756,#2757,#2758);
#2760 = PLANE('',#2759);
#2761 = EDGE_LOOP('',(#2748,#2749,#2750,#2755));
#2762 = FACE_OUTER_BOUND('',#2761,.T.);
#2763 = ADVANCED_FACE('',(#2762),#2760,.T.);
#2764 = ORIENTED_EDGE('',*,*,#2754,.T.);
#2765 = ORIENTED_EDGE('',*,*,#2640,.T.);
#2766 = ORIENTED_EDGE('',*,*,#2661,.F.);
#2767 = ORIENTED_EDGE('',*,*,#2731,.T.);
#2768 = CARTESIAN_POINT('',(-4.905,0.175,-3.));
#2769 = DIRECTION('',(0.,0.9061831399952652,-0.4228854653311245));
#2770 = DIRECTION('',(-1.,0.,0.));
#2771 = AXIS2_PLACEMENT_3D('',#2768,#2769,#2770);
#2772 = PLANE('',#2771);
#2773 = EDGE_LOOP('',(#2764,#2765,#2766,#2767));
#2774 = FACE_OUTER_BOUND('',#2773,.T.);
#2775 = ADVANCED_FACE('',(#2774),#2772,.T.);
#2776 = CLOSED_SHELL('',(#2587,#2615,#2649,#2675,#2691,#2703,#2725,#2747,#2763,#2775));
#2777 = MANIFOLD_SOLID_BREP('',#2776);
#2778 = CARTESIAN_POINT('',(-5.584,-0.504,0.));
#2779 = VERTEX_POINT('',#2778);
#2780 = CARTESIAN_POINT('',(-5.584,-0.504,0.504));
#2781 = VERTEX_POINT('',#2780);
#2782 = CARTESIAN_POINT('',(-5.584,0.504,0.504));
#2783 = VERTEX_POINT('',#2782);
#2784 = CARTESIAN_POINT('',(-5.584,0.504,0.));
#2785 = VERTEX_POINT('',#2784);
#2786 = DIRECTION('',(0.,0.,1.));
#2787 = VECTOR('',#2786,1.);
#2788 = LINE('',#2778,#2787);
#2789 = EDGE_CURVE('',#2779,#2781,#2788,.T.);
#2790 = ORIENTED_EDGE('',*,*,#2789,.T.);
#2791 = DIRECTION('',(0.,1.,0.));
#2792 = VECTOR('',#2791,1.);
#2793 = LINE('',#2780,#2792);
#2794 = EDGE_CURVE('',#2781,#2783,#2793,.T.);
#2795 = ORIENTED_EDGE('',*,*,#2794,.T.);
#2796 = DIRECTION('',(0.,0.,1.));
#2797 = VECTOR('',#2796,1.);
#2798 = LINE('',#2784,#2797);
#2799 = EDGE_CURVE('',#2785,#2783,#2798,.T.);
#2800 = ORIENTED_EDGE('',*,*,#2799,.F.);
#2801 = DIRECTION('',(0.,1.,0.));
#2802 = VECTOR('',#2801,1.);
#2803 = LINE('',#2778,#2802);
#2804 = EDGE_CURVE('',#2779,#2785,#2803,.T.);
#2805 = ORIENTED_EDGE('',*,*,#2804,.F.);
#2806 = CARTESIAN_POINT('',(-5.584,-0.504,0.));
#2807 = DIRECTION('',(-1.,0.,0.));
#2808 = DIRECTION('',(0.,0.,1.));
#2809 = AXIS2_PLACEMENT_3D('',#2806,#2807,#2808);
#2810 = PLANE('',#2809);
#2811 = EDGE_LOOP('',(#2790,#2795,#2800,#2805));
#2812 = FACE_OUTER_BOUND('',#2811,.T.);
#2813 = ADVANCED_FACE('',(#2812),#2810,.T.);
#2814 = CARTESIAN_POINT('',(-4.5760000000000005,-0.504,0.));
#2815 = VERTEX_POINT('',#2814);
#2816 = CARTESIAN_POINT('',(-4.5760000000000005,0.504,0.));
#2817 = VERTEX_POINT('',#2816);
#2818 = CARTESIAN_POINT('',(-4.5760000000000005,0.504,0.504));
#2819 = VERTEX_POINT('',#2818);
#2820 = CARTESIAN_POINT('',(-4.5760000000000005,-0.504,0.504));
#2821 = VERTEX_POINT('',#2820);
#2822 = DIRECTION('',(0.,1.,0.));
#2823 = VECTOR('',#2822,1.);
#2824 = LINE('',#2814,#2823);
#2825 = EDGE_CURVE('',#2815,#2817,#2824,.T.);
#2826 = ORIENTED_EDGE('',*,*,#2825,.T.);
#2827 = DIRECTION('',(0.,0.,1.));
#2828 = VECTOR('',#2827,1.);
#2829 = LINE('',#2816,#2828);
#2830 = EDGE_CURVE('',#2817,#2819,#2829,.T.);
#2831 = ORIENTED_EDGE('',*,*,#2830,.T.);
#2832 = DIRECTION('',(0.,1.,0.));
#2833 = VECTOR('',#2832,1.);
#2834 = LINE('',#2820,#2833);
#2835 = EDGE_CURVE('',#2821,#2819,#2834,.T.);
#2836 = ORIENTED_EDGE('',*,*,#2835,.F.);
#2837 = DIRECTION('',(0.,0.,1.));
#2838 = VECTOR('',#2837,1.);
#2839 = LINE('',#2814,#2838);
#2840 = EDGE_CURVE('',#2815,#2821,#2839,.T.);
#2841 = ORIENTED_EDGE('',*,*,#2840,.F.);
#2842 = CARTESIAN_POINT('',(-4.5760000000000005,-0.504,0.));
#2843 = DIRECTION('',(1.,0.,0.));
#2844 = DIRECTION('',(0.,1.,0.));
#2845 = AXIS2_PLACEMENT_3D('',#2842,#2843,#2844);
#2846 = PLANE('',#2845);
#2847 = EDGE_LOOP('',(#2826,#2831,#2836,#2841));
#2848 = FACE_OUTER_BOUND('',#2847,.T.);
#2849 = ADVANCED_FACE('',(#2848),#2846,.T.);
#2850 = DIRECTION('',(-1.,0.,0.));
#2851 = VECTOR('',#2850,1.);
#2852 = LINE('',#2814,#2851);
#2853 = EDGE_CURVE('',#2815,#2779,#2852,.T.);
#2854 = ORIENTED_EDGE('',*,*,#2853,.F.);
#2855 = ORIENTED_EDGE('',*,*,#2840,.T.);
#2856 = DIRECTION('',(-1.,0.,0.));
#2857 = VECTOR('',#2856,1.);
#2858 = LINE('',#2820,#2857);
#2859 = EDGE_CURVE('',#2821,#2781,#2858,.T.);
#2860 = ORIENTED_EDGE('',*,*,#2859,.T.);
#2861 = ORIENTED_EDGE('',*,*,#2789,.F.);
#2862 = CARTESIAN_POINT('',(-5.584,-0.504,0.));
#2863 = DIRECTION('',(0.,-1.,0.));
#2864 = DIRECTION('',(1.,0.,0.));
#2865 = AXIS2_PLACEMENT_3D('',#2862,#2863,#2864);
#2866 = PLANE('',#2865);
#2867 = EDGE_LOOP('',(#2854,#2855,#2860,#2861));
#2868 = FACE_OUTER_BOUND('',#2867,.T.);
#2869 = ADVANCED_FACE('',(#2868),#2866,.T.);
#2870 = ORIENTED_EDGE('',*,*,#2799,.T.);
#2871 = DIRECTION('',(-1.,0.,0.));
#2872 = VECTOR('',#2871,1.);
#2873 = LINE('',#2818,#2872);
#2874 = EDGE_CURVE('',#2819,#2783,#2873,.T.);
#2875 = ORIENTED_EDGE('',*,*,#2874,.F.);
#2876 = ORIENTED_EDGE('',*,*,#2830,.F.);
#2877 = DIRECTION('',(-1.,0.,0.));
#2878 = VECTOR('',#2877,1.);
#2879 = LINE('',#2816,#2878);
#2880 = EDGE_CURVE('',#2817,#2785,#2879,.T.);
#2881 = ORIENTED_EDGE('',*,*,#2880,.T.);
#2882 = CARTESIAN_POINT('',(-5.584,0.504,0.));
#2883 = DIRECTION('',(0.,1.,0.));
#2884 = DIRECTION('',(0.,0.,1.));
#2885 = AXIS2_PLACEMENT_3D('',#2882,#2883,#2884);
#2886 = PLANE('',#2885);
#2887 = EDGE_LOOP('',(#2870,#2875,#2876,#2881));
#2888 = FACE_OUTER_BOUND('',#2887,.T.);
#2889 = ADVANCED_FACE('',(#2888),#2886,.T.);
#2890 = ORIENTED_EDGE('',*,*,#2804,.T.);
#2891 = ORIENTED_EDGE('',*,*,#2880,.F.);
#2892 = ORIENTED_EDGE('',*,*,#2825,.F.);
#2893 = ORIENTED_EDGE('',*,*,#2853,.T.);
#2894 = CARTESIAN_POINT('',(-5.584,-0.504,0.));
#2895 = DIRECTION('',(0.,0.,-1.));
#2896 = DIRECTION('',(0.,1.,0.));
#2897 = AXIS2_PLACEMENT_3D('',#2894,#2895,#2896);
#2898 = PLANE('',#2897);
#2899 = EDGE_LOOP('',(#2890,#2891,#2892,#2893));
#2900 = FACE_OUTER_BOUND('',#2899,.T.);
#2901 = ADVANCED_FACE('',(#2900),#2898,.T.);
#2902 = ORIENTED_EDGE('',*,*,#2859,.F.);
#2903 = ORIENTED_EDGE('',*,*,#2835,.T.);
#2904 = ORIENTED_EDGE('',*,*,#2874,.T.);
#2905 = ORIENTED_EDGE('',*,*,#2794,.F.);
#2906 = CARTESIAN_POINT('',(-5.584,-0.504,0.504));
#2907 = DIRECTION('',(0.,0.,1.));
#2908 = DIRECTION('',(1.,0.,0.));
#2909 = AXIS2_PLACEMENT_3D('',#2906,#2907,#2908);
#2910 = PLANE('',#2909);
#2911 = EDGE_LOOP('',(#2902,#2903,#2904,#2905));
#2912 = FACE_OUTER_BOUND('',#2911,.T.);
#2913 = ADVANCED_FACE('',(#2912),#2910,.T.);
#2914 = CLOSED_SHELL('',(#2813,#2849,#2869,#2889,#2901,#2913));
#2915 = MANIFOLD_SOLID_BREP('',#2914);
#2916 = CARTESIAN_POINT('',(-3.81,-1.27,0.));
#2917 = VERTEX_POINT('',#2916);
#2918 = CARTESIAN_POINT('',(-3.81,-1.27,5.));
#2919 = VERTEX_POINT('',#2918);
#2920 = CARTESIAN_POINT('',(-3.81,-0.8504999999999999,5.));
#2921 = VERTEX_POINT('',#2920);
#2922 = CARTESIAN_POINT('',(-3.81,0.8504999999999999,5.));
#2923 = VERTEX_POINT('',#2922);
#2924 = CARTESIAN_POINT('',(-3.81,1.27,5.));
#2925 = VERTEX_POINT('',#2924);
#2926 = CARTESIAN_POINT('',(-3.81,1.27,0.));
#2927 = VERTEX_POINT('',#2926);
#2928 = CARTESIAN_POINT('',(-3.81,0.4724999999999999,0.));
#2929 = VERTEX_POINT('',#2928);
#2930 = CARTESIAN_POINT('',(-3.81,-0.4724999999999999,0.));
#2931 = VERTEX_POINT('',#2930);
#2932 = DIRECTION('',(0.,0.,1.));
#2933 = VECTOR('',#2932,1.);
#2934 = LINE('',#2916,#2933);
#2935 = EDGE_CURVE('',#2917,#2919,#2934,.T.);
#2936 = ORIENTED_EDGE('',*,*,#2935,.T.);
#2937 = DIRECTION('',(0.,-1.,0.));
#2938 = VECTOR('',#2937,1.);
#2939 = LINE('',#2920,#2938);
#2940 = EDGE_CURVE('',#2921,#2919,#2939,.T.);
#2941 = ORIENTED_EDGE('',*,*,#2940,.F.);
#2942 = DIRECTION('',(0.,1.,0.));
#2943 = VECTOR('',#2942,1.);
#2944 = LINE('',#2920,#2943);
#2945 = EDGE_CURVE('',#2921,#2923,#2944,.T.);
#2946 = ORIENTED_EDGE('',*,*,#2945,.T.);
#2947 = DIRECTION('',(0.,1.,0.));
#2948 = VECTOR('',#2947,1.);
#2949 = LINE('',#2922,#2948);
#2950 = EDGE_CURVE('',#2923,#2925,#2949,.T.);
#2951 = ORIENTED_EDGE('',*,*,#2950,.T.);
#2952 = DIRECTION('',(0.,0.,1.));
#2953 = VECTOR('',#2952,1.);
#2954 = LINE('',#2926,#2953);
#2955 = EDGE_CURVE('',#2927,#2925,#2954,.T.);
#2956 = ORIENTED_EDGE('',*,*,#2955,.F.);
#2957 = DIRECTION('',(0.,1.,0.));
#2958 = VECTOR('',#2957,1.);
#2959 = LINE('',#2928,#2958);
#2960 = EDGE_CURVE('',#2929,#2927,#2959,.T.);
#2961 = ORIENTED_EDGE('',*,*,#2960,.F.);
#2962 = DIRECTION('',(0.,1.,0.));
#2963 = VECTOR('',#2962,1.);
#2964 = LINE('',#2930,#2963);
#2965 = EDGE_CURVE('',#2931,#2929,#2964,.T.);
#2966 = ORIENTED_EDGE('',*,*,#2965,.F.);
#2967 = DIRECTION('',(0.,-1.,0.));
#2968 = VECTOR('',#2967,1.);
#2969 = LINE('',#2930,#2968);
#2970 = EDGE_CURVE('',#2931,#2917,#2969,.T.);
#2971 = ORIENTED_EDGE('',*,*,#2970,.T.);
#2972 = CARTESIAN_POINT('',(-3.81,-1.27,0.));
#2973 = DIRECTION('',(-1.,0.,0.));
#2974 = DIRECTION('',(0.,0.,1.));
#2975 = AXIS2_PLACEMENT_3D('',#2972,#2973,#2974);
#2976 = PLANE('',#2975);
#2977 = EDGE_LOOP('',(#2936,#2941,#2946,#2951,#2956,#2961,#2966,#2971));
#2978 = FACE_OUTER_BOUND('',#2977,.T.);
#2979 = ADVANCED_FACE('',(#2978),#2976,.T.);
#2980 = CARTESIAN_POINT('',(-1.27,-1.27,0.));
#2981 = VERTEX_POINT('',#2980);
#2982 = CARTESIAN_POINT('',(-1.27,-0.4724999999999999,0.));
#2983 = VERTEX_POINT('',#2982);
#2984 = CARTESIAN_POINT('',(-1.27,0.4724999999999999,0.));
#2985 = VERTEX_POINT('',#2984);
#2986 = CARTESIAN_POINT('',(-1.27,1.27,0.));
#2987 = VERTEX_POINT('',#2986);
#2988 = CARTESIAN_POINT('',(-1.27,1.27,5.));
#2989 = VERTEX_POINT('',#2988);
#2990 = CARTESIAN_POINT('',(-1.27,0.8504999999999999,5.));
#2991 = VERTEX_POINT('',#2990);
#2992 = CARTESIAN_POINT('',(-1.27,-0.8504999999999999,5.));
#2993 = VERTEX_POINT('',#2992);
#2994 = CARTESIAN_POINT('',(-1.27,-1.27,5.));
#2995 = VERTEX_POINT('',#2994);
#2996 = DIRECTION('',(0.,-1.,0.));
#2997 = VECTOR('',#2996,1.);
#2998 = LINE('',#2982,#2997);
#2999 = EDGE_CURVE('',#2983,#2981,#2998,.T.);
#3000 = ORIENTED_EDGE('',*,*,#2999,.F.);
#3001 = DIRECTION('',(0.,1.,0.));
#3002 = VECTOR('',#3001,1.);
#3003 = LINE('',#2982,#3002);
#3004 = EDGE_CURVE('',#2983,#2985,#3003,.T.);
#3005 = ORIENTED_EDGE('',*,*,#3004,.T.);
#3006 = DIRECTION('',(0.,1.,0.));
#3007 = VECTOR('',#3006,1.);
#3008 = LINE('',#2984,#3007);
#3009 = EDGE_CURVE('',#2985,#2987,#3008,.T.);
#3010 = ORIENTED_EDGE('',*,*,#3009,.T.);
#3011 = DIRECTION('',(0.,0.,1.));
#3012 = VECTOR('',#3011,1.);
#3013 = LINE('',#2986,#3012);
#3014 = EDGE_CURVE('',#2987,#2989,#3013,.T.);
#3015 = ORIENTED_EDGE('',*,*,#3014,.T.);
#3016 = DIRECTION('',(0.,1.,0.));
#3017 = VECTOR('',#3016,1.);
#3018 = LINE('',#2990,#3017);
#3019 = EDGE_CURVE('',#2991,#2989,#3018,.T.);
#3020 = ORIENTED_EDGE('',*,*,#3019,.F.);
#3021 = DIRECTION('',(0.,1.,0.));
#3022 = VECTOR('',#3021,1.);
#3023 = LINE('',#2992,#3022);
#3024 = EDGE_CURVE('',#2993,#2991,#3023,.T.);
#3025 = ORIENTED_EDGE('',*,*,#3024,.F.);
#3026 = DIRECTION('',(0.,-1.,0.));
#3027 = VECTOR('',#3026,1.);
#3028 = LINE('',#2992,#3027);
#3029 = EDGE_CURVE('',#2993,#2995,#3028,.T.);
#3030 = ORIENTED_EDGE('',*,*,#3029,.T.);
#3031 = DIRECTION('',(0.,0.,1.));
#3032 = VECTOR('',#3031,1.);
#3033 = LINE('',#2980,#3032);
#3034 = EDGE_CURVE('',#2981,#2995,#3033,.T.);
#3035 = ORIENTED_EDGE('',*,*,#3034,.F.);
#3036 = CARTESIAN_POINT('',(-1.27,-1.27,0.));
#3037 = DIRECTION('',(1.,0.,0.));
#3038 = DIRECTION('',(0.,1.,0.));
#3039 = AXIS2_PLACEMENT_3D('',#3036,#3037,#3038);
#3040 = PLANE('',#3039);
#3041 = EDGE_LOOP('',(#3000,#3005,#3010,#3015,#3020,#3025,#3030,#3035));
#3042 = FACE_OUTER_BOUND('',#3041,.T.);
#3043 = ADVANCED_FACE('',(#3042),#3040,.T.);
#3044 = DIRECTION('',(-1.,0.,0.));
#3045 = VECTOR('',#3044,1.);
#3046 = LINE('',#2980,#3045);
#3047 = EDGE_CURVE('',#2981,#2917,#3046,.T.);
#3048 = ORIENTED_EDGE('',*,*,#3047,.F.);
#3049 = ORIENTED_EDGE('',*,*,#3034,.T.);
#3050 = DIRECTION('',(-1.,0.,0.));
#3051 = VECTOR('',#3050,1.);
#3052 = LINE('',#2994,#3051);
#3053 = EDGE_CURVE('',#2995,#2919,#3052,.T.);
#3054 = ORIENTED_EDGE('',*,*,#3053,.T.);
#3055 = ORIENTED_EDGE('',*,*,#2935,.F.);
#3056 = CARTESIAN_POINT('',(-3.81,-1.27,0.));
#3057 = DIRECTION('',(0.,-1.,0.));
#3058 = DIRECTION('',(1.,0.,0.));
#3059 = AXIS2_PLACEMENT_3D('',#3056,#3057,#3058);
#3060 = PLANE('',#3059);
#3061 = EDGE_LOOP('',(#3048,#3049,#3054,#3055));
#3062 = FACE_OUTER_BOUND('',#3061,.T.);
#3063 = ADVANCED_FACE('',(#3062),#3060,.T.);
#3064 = ORIENTED_EDGE('',*,*,#2955,.T.);
#3065 = DIRECTION('',(-1.,0.,0.));
#3066 = VECTOR('',#3065,1.);
#3067 = LINE('',#2988,#3066);
#3068 = EDGE_CURVE('',#2989,#2925,#3067,.T.);
#3069 = ORIENTED_EDGE('',*,*,#3068,.F.);
#3070 = ORIENTED_EDGE('',*,*,#3014,.F.);
#3071 = DIRECTION('',(-1.,0.,0.));
#3072 = VECTOR('',#3071,1.);
#3073 = LINE('',#2986,#3072);
#3074 = EDGE_CURVE('',#2987,#2927,#3073,.T.);
#3075 = ORIENTED_EDGE('',*,*,#3074,.T.);
#3076 = CARTESIAN_POINT('',(-3.81,1.27,0.));
#3077 = DIRECTION('',(0.,1.,0.));
#3078 = DIRECTION('',(0.,0.,1.));
#3079 = AXIS2_PLACEMENT_3D('',#3076,#3077,#3078);
#3080 = PLANE('',#3079);
#3081 = EDGE_LOOP('',(#3064,#3069,#3070,#3075));
#3082 = FACE_OUTER_BOUND('',#3081,.T.);
#3083 = ADVANCED_FACE('',(#3082),#3080,.T.);
#3084 = CARTESIAN_POINT('',(-2.0675,0.4725,0.));
#3085 = VERTEX_POINT('',#3084);
#3086 = CARTESIAN_POINT('',(-3.0125,0.4725,0.));
#3087 = VERTEX_POINT('',#3086);
#3088 = ORIENTED_EDGE('',*,*,#3009,.F.);
#3089 = DIRECTION('',(-1.,0.,0.));
#3090 = VECTOR('',#3089,1.);
#3091 = LINE('',#2984,#3090);
#3092 = EDGE_CURVE('',#2985,#3085,#3091,.T.);
#3093 = ORIENTED_EDGE('',*,*,#3092,.T.);
#3094 = DIRECTION('',(-1.,0.,0.));
#3095 = VECTOR('',#3094,1.);
#3096 = LINE('',#3084,#3095);
#3097 = EDGE_CURVE('',#3085,#3087,#3096,.T.);
#3098 = ORIENTED_EDGE('',*,*,#3097,.T.);
#3099 = DIRECTION('',(-1.,0.,0.));
#3100 = VECTOR('',#3099,1.);
#3101 = LINE('',#3086,#3100);
#3102 = EDGE_CURVE('',#3087,#2929,#3101,.T.);
#3103 = ORIENTED_EDGE('',*,*,#3102,.T.);
#3104 = ORIENTED_EDGE('',*,*,#2960,.T.);
#3105 = ORIENTED_EDGE('',*,*,#3074,.F.);
#3106 = CARTESIAN_POINT('',(-1.27,1.27,0.));
#3107 = DIRECTION('',(0.,0.,-1.));
#3108 = DIRECTION('',(0.,-1.,0.));
#3109 = AXIS2_PLACEMENT_3D('',#3106,#3107,#3108);
#3110 = PLANE('',#3109);
#3111 = EDGE_LOOP('',(#3088,#3093,#3098,#3103,#3104,#3105));
#3112 = FACE_OUTER_BOUND('',#3111,.T.);
#3113 = ADVANCED_FACE('',(#3112),#3110,.T.);
#3114 = CARTESIAN_POINT('',(-3.0125,-0.4724999999999999,0.));
#3115 = VERTEX_POINT('',#3114);
#3116 = DIRECTION('',(0.,1.,0.));
#3117 = VECTOR('',#3116,1.);
#3118 = LINE('',#3114,#3117);
#3119 = EDGE_CURVE('',#3115,#3087,#3118,.T.);
#3120 = ORIENTED_EDGE('',*,*,#3119,.F.);
#3121 = DIRECTION('',(-1.,0.,0.));
#3122 = VECTOR('',#3121,1.);
#3123 = LINE('',#3114,#3122);
#3124 = EDGE_CURVE('',#3115,#2931,#3123,.T.);
#3125 = ORIENTED_EDGE('',*,*,#3124,.T.);
#3126 = ORIENTED_EDGE('',*,*,#2965,.T.);
#3127 = ORIENTED_EDGE('',*,*,#3102,.F.);
#3128 = CARTESIAN_POINT('',(-3.0125,0.4724999999999999,0.));
#3129 = DIRECTION('',(0.,0.,-1.));
#3130 = DIRECTION('',(0.,-1.,0.));
#3131 = AXIS2_PLACEMENT_3D('',#3128,#3129,#3130);
#3132 = PLANE('',#3131);
#3133 = EDGE_LOOP('',(#3120,#3125,#3126,#3127));
#3134 = FACE_OUTER_BOUND('',#3133,.T.);
#3135 = ADVANCED_FACE('',(#3134),#3132,.T.);
#3136 = CARTESIAN_POINT('',(-2.0675,-0.4724999999999999,0.));
#3137 = VERTEX_POINT('',#3136);
#3138 = ORIENTED_EDGE('',*,*,#3004,.F.);
#3139 = DIRECTION('',(-1.,0.,0.));
#3140 = VECTOR('',#3139,1.);
#3141 = LINE('',#2982,#3140);
#3142 = EDGE_CURVE('',#2983,#3137,#3141,.T.);
#3143 = ORIENTED_EDGE('',*,*,#3142,.T.);
#3144 = DIRECTION('',(0.,1.,0.));
#3145 = VECTOR('',#3144,1.);
#3146 = LINE('',#3136,#3145);
#3147 = EDGE_CURVE('',#3137,#3085,#3146,.T.);
#3148 = ORIENTED_EDGE('',*,*,#3147,.T.);
#3149 = ORIENTED_EDGE('',*,*,#3092,.F.);
#3150 = CARTESIAN_POINT('',(-1.27,0.4724999999999999,0.));
#3151 = DIRECTION('',(0.,0.,-1.));
#3152 = DIRECTION('',(0.,-1.,0.));
#3153 = AXIS2_PLACEMENT_3D('',#3150,#3151,#3152);
#3154 = PLANE('',#3153);
#3155 = EDGE_LOOP('',(#3138,#3143,#3148,#3149));
#3156 = FACE_OUTER_BOUND('',#3155,.T.);
#3157 = ADVANCED_FACE('',(#3156),#3154,.T.);
#3158 = ORIENTED_EDGE('',*,*,#2999,.T.);
#3159 = ORIENTED_EDGE('',*,*,#3047,.T.);
#3160 = ORIENTED_EDGE('',*,*,#2970,.F.);
#3161 = ORIENTED_EDGE('',*,*,#3124,.F.);
#3162 = DIRECTION('',(-1.,0.,0.));
#3163 = VECTOR('',#3162,1.);
#3164 = LINE('',#3136,#3163);
#3165 = EDGE_CURVE('',#3137,#3115,#3164,.T.);
#3166 = ORIENTED_EDGE('',*,*,#3165,.F.);
#3167 = ORIENTED_EDGE('',*,*,#3142,.F.);
#3168 = CARTESIAN_POINT('',(-1.27,-0.4724999999999999,0.));
#3169 = DIRECTION('',(0.,0.,-1.));
#3170 = DIRECTION('',(0.,-1.,0.));
#3171 = AXIS2_PLACEMENT_3D('',#3168,#3169,#3170);
#3172 = PLANE('',#3171);
#3173 = EDGE_LOOP('',(#3158,#3159,#3160,#3161,#3166,#3167));
#3174 = FACE_OUTER_BOUND('',#3173,.T.);
#3175 = ADVANCED_FACE('',(#3174),#3172,.T.);
#3176 = CARTESIAN_POINT('',(-1.6895000000000002,0.8504999999999999,4.995));
#3177 = VERTEX_POINT('',#3176);
#3178 = CARTESIAN_POINT('',(-3.3905,0.8504999999999999,4.995));
#3179 = VERTEX_POINT('',#3178);
#3180 = CARTESIAN_POINT('',(-3.0125,0.4725,4.3854));
#3181 = VERTEX_POINT('',#3180);
#3182 = CARTESIAN_POINT('',(-2.0675,0.4725,4.3854));
#3183 = VERTEX_POINT('',#3182);
#3184 = DIRECTION('',(-1.,0.,0.));
#3185 = VECTOR('',#3184,1.);
#3186 = LINE('',#3176,#3185);
#3187 = EDGE_CURVE('',#3177,#3179,#3186,.T.);
#3188 = ORIENTED_EDGE('',*,*,#3187,.T.);
#3189 = DIRECTION('',(-0.46621205975656976,0.4662120597565701,0.7518594487502787));
#3190 = VECTOR('',#3189,1.);
#3191 = LINE('',#3180,#3190);
#3192 = EDGE_CURVE('',#3181,#3179,#3191,.T.);
#3193 = ORIENTED_EDGE('',*,*,#3192,.F.);
#3194 = DIRECTION('',(-1.,0.,0.));
#3195 = VECTOR('',#3194,1.);
#3196 = LINE('',#3182,#3195);
#3197 = EDGE_CURVE('',#3183,#3181,#3196,.T.);
#3198 = ORIENTED_EDGE('',*,*,#3197,.F.);
#3199 = DIRECTION('',(-0.46621205975656976,-0.4662120597565701,-0.7518594487502787));
#3200 = VECTOR('',#3199,1.);
#3201 = LINE('',#3176,#3200);
#3202 = EDGE_CURVE('',#3177,#3183,#3201,.T.);
#3203 = ORIENTED_EDGE('',*,*,#3202,.F.);
#3204 = CARTESIAN_POINT('',(-1.6895000000000002,0.8504999999999999,4.995));
#3205 = DIRECTION('',(0.,-0.849872720784639,0.5269880059983484));
#3206 = DIRECTION('',(-1.,0.,0.));
#3207 = AXIS2_PLACEMENT_3D('',#3204,#3205,#3206);
#3208 = PLANE('',#3207);
#3209 = EDGE_LOOP('',(#3188,#3193,#3198,#3203));
#3210 = FACE_OUTER_BOUND('',#3209,.T.);
#3211 = ADVANCED_FACE('',(#3210),#3208,.T.);
#3212 = CARTESIAN_POINT('',(-3.3905,-0.8504999999999999,4.995));
#3213 = VERTEX_POINT('',#3212);
#3214 = CARTESIAN_POINT('',(-3.0125,-0.4725,4.3854));
#3215 = VERTEX_POINT('',#3214);
#3216 = ORIENTED_EDGE('',*,*,#3192,.T.);
#3217 = DIRECTION('',(0.,1.,0.));
#3218 = VECTOR('',#3217,1.);
#3219 = LINE('',#3212,#3218);
#3220 = EDGE_CURVE('',#3213,#3179,#3219,.T.);
#3221 = ORIENTED_EDGE('',*,*,#3220,.F.);
#3222 = DIRECTION('',(-0.46621205975656976,-0.4662120597565701,0.7518594487502787));
#3223 = VECTOR('',#3222,1.);
#3224 = LINE('',#3214,#3223);
#3225 = EDGE_CURVE('',#3215,#3213,#3224,.T.);
#3226 = ORIENTED_EDGE('',*,*,#3225,.F.);
#3227 = DIRECTION('',(0.,1.,0.));
#3228 = VECTOR('',#3227,1.);
#3229 = LINE('',#3214,#3228);
#3230 = EDGE_CURVE('',#3215,#3181,#3229,.T.);
#3231 = ORIENTED_EDGE('',*,*,#3230,.T.);
#3232 = CARTESIAN_POINT('',(-3.0125,0.4725,4.3854));
#3233 = DIRECTION('',(0.8498727207846388,0.,0.5269880059983483));
#3234 = DIRECTION('',(-0.46621205975656976,0.4662120597565701,0.7518594487502787));
#3235 = AXIS2_PLACEMENT_3D('',#3232,#3233,#3234);
#3236 = PLANE('',#3235);
#3237 = EDGE_LOOP('',(#3216,#3221,#3226,#3231));
#3238 = FACE_OUTER_BOUND('',#3237,.T.);
#3239 = ADVANCED_FACE('',(#3238),#3236,.T.);
#3240 = CARTESIAN_POINT('',(-2.0675,-0.4725,4.3854));
#3241 = VERTEX_POINT('',#3240);
#3242 = CARTESIAN_POINT('',(-1.6895000000000002,-0.8504999999999999,4.995));
#3243 = VERTEX_POINT('',#3242);
#3244 = ORIENTED_EDGE('',*,*,#3202,.T.);
#3245 = DIRECTION('',(0.,1.,0.));
#3246 = VECTOR('',#3245,1.);
#3247 = LINE('',#3240,#3246);
#3248 = EDGE_CURVE('',#3241,#3183,#3247,.T.);
#3249 = ORIENTED_EDGE('',*,*,#3248,.F.);
#3250 = DIRECTION('',(-0.46621205975656976,0.4662120597565701,-0.7518594487502787));
#3251 = VECTOR('',#3250,1.);
#3252 = LINE('',#3242,#3251);
#3253 = EDGE_CURVE('',#3243,#3241,#3252,.T.);
#3254 = ORIENTED_EDGE('',*,*,#3253,.F.);
#3255 = DIRECTION('',(0.,1.,0.));
#3256 = VECTOR('',#3255,1.);
#3257 = LINE('',#3242,#3256);
#3258 = EDGE_CURVE('',#3243,#3177,#3257,.T.);
#3259 = ORIENTED_EDGE('',*,*,#3258,.T.);
#3260 = CARTESIAN_POINT('',(-1.6895000000000002,0.8504999999999999,4.995));
#3261 = DIRECTION('',(-0.8498727207846388,0.,0.5269880059983483));
#3262 = DIRECTION('',(-0.46621205975656976,-0.4662120597565701,-0.7518594487502787));
#3263 = AXIS2_PLACEMENT_3D('',#3260,#3261,#3262);
#3264 = PLANE('',#3263);
#3265 = EDGE_LOOP('',(#3244,#3249,#3254,#3259));
#3266 = FACE_OUTER_BOUND('',#3265,.T.);
#3267 = ADVANCED_FACE('',(#3266),#3264,.T.);
#3268 = DIRECTION('',(-1.,0.,0.));
#3269 = VECTOR('',#3268,1.);
#3270 = LINE('',#3240,#3269);
#3271 = EDGE_CURVE('',#3241,#3215,#3270,.T.);
#3272 = ORIENTED_EDGE('',*,*,#3271,.T.);
#3273 = ORIENTED_EDGE('',*,*,#3225,.T.);
#3274 = DIRECTION('',(-1.,0.,0.));
#3275 = VECTOR('',#3274,1.);
#3276 = LINE('',#3242,#3275);
#3277 = EDGE_CURVE('',#3243,#3213,#3276,.T.);
#3278 = ORIENTED_EDGE('',*,*,#3277,.F.);
#3279 = ORIENTED_EDGE('',*,*,#3253,.T.);
#3280 = CARTESIAN_POINT('',(-2.0675,-0.4725,4.3854));
#3281 = DIRECTION('',(0.,0.8498727207846388,0.5269880059983484));
#3282 = DIRECTION('',(-1.,0.,0.));
#3283 = AXIS2_PLACEMENT_3D('',#3280,#3281,#3282);
#3284 = PLANE('',#3283);
#3285 = EDGE_LOOP('',(#3272,#3273,#3278,#3279));
#3286 = FACE_OUTER_BOUND('',#3285,.T.);
#3287 = ADVANCED_FACE('',(#3286),#3284,.T.);
#3288 = CARTESIAN_POINT('',(-3.3905,-0.8504999999999999,5.));
#3289 = VERTEX_POINT('',#3288);
#3290 = CARTESIAN_POINT('',(-1.6895000000000002,-0.8504999999999999,5.));
#3291 = VERTEX_POINT('',#3290);
#3292 = DIRECTION('',(0.,0.,1.));
#3293 = VECTOR('',#3292,1.);
#3294 = LINE('',#3212,#3293);
#3295 = EDGE_CURVE('',#3213,#3289,#3294,.T.);
#3296 = ORIENTED_EDGE('',*,*,#3295,.T.);
#3297 = DIRECTION('',(-1.,0.,0.));
#3298 = VECTOR('',#3297,1.);
#3299 = LINE('',#3290,#3298);
#3300 = EDGE_CURVE('',#3291,#3289,#3299,.T.);
#3301 = ORIENTED_EDGE('',*,*,#3300,.F.);
#3302 = DIRECTION('',(0.,0.,1.));
#3303 = VECTOR('',#3302,1.);
#3304 = LINE('',#3242,#3303);
#3305 = EDGE_CURVE('',#3243,#3291,#3304,.T.);
#3306 = ORIENTED_EDGE('',*,*,#3305,.F.);
#3307 = ORIENTED_EDGE('',*,*,#3277,.T.);
#3308 = CARTESIAN_POINT('',(-3.3905,-0.8504999999999999,4.995));
#3309 = DIRECTION('',(0.,1.,0.));
#3310 = DIRECTION('',(0.,0.,1.));
#3311 = AXIS2_PLACEMENT_3D('',#3308,#3309,#3310);
#3312 = PLANE('',#3311);
#3313 = EDGE_LOOP('',(#3296,#3301,#3306,#3307));
#3314 = FACE_OUTER_BOUND('',#3313,.T.);
#3315 = ADVANCED_FACE('',(#3314),#3312,.T.);
#3316 = CARTESIAN_POINT('',(-3.3905,0.8504999999999999,5.));
#3317 = VERTEX_POINT('',#3316);
#3318 = CARTESIAN_POINT('',(-1.6895000000000002,0.8504999999999999,5.));
#3319 = VERTEX_POINT('',#3318);
#3320 = DIRECTION('',(0.,0.,1.));
#3321 = VECTOR('',#3320,1.);
#3322 = LINE('',#3178,#3321);
#3323 = EDGE_CURVE('',#3179,#3317,#3322,.T.);
#3324 = ORIENTED_EDGE('',*,*,#3323,.F.);
#3325 = ORIENTED_EDGE('',*,*,#3187,.F.);
#3326 = DIRECTION('',(0.,0.,1.));
#3327 = VECTOR('',#3326,1.);
#3328 = LINE('',#3176,#3327);
#3329 = EDGE_CURVE('',#3177,#3319,#3328,.T.);
#3330 = ORIENTED_EDGE('',*,*,#3329,.T.);
#3331 = DIRECTION('',(-1.,0.,0.));
#3332 = VECTOR('',#3331,1.);
#3333 = LINE('',#3318,#3332);
#3334 = EDGE_CURVE('',#3319,#3317,#3333,.T.);
#3335 = ORIENTED_EDGE('',*,*,#3334,.T.);
#3336 = CARTESIAN_POINT('',(-3.3905,0.8504999999999999,5.));
#3337 = DIRECTION('',(0.,-1.,0.));
#3338 = DIRECTION('',(0.,0.,-1.));
#3339 = AXIS2_PLACEMENT_3D('',#3336,#3337,#3338);
#3340 = PLANE('',#3339);
#3341 = EDGE_LOOP('',(#3324,#3325,#3330,#3335));
#3342 = FACE_OUTER_BOUND('',#3341,.T.);
#3343 = ADVANCED_FACE('',(#3342),#3340,.T.);
#3344 = ORIENTED_EDGE('',*,*,#3295,.F.);
#3345 = ORIENTED_EDGE('',*,*,#3220,.T.);
#3346 = ORIENTED_EDGE('',*,*,#3323,.T.);
#3347 = DIRECTION('',(0.,1.,0.));
#3348 = VECTOR('',#3347,1.);
#3349 = LINE('',#3288,#3348);
#3350 = EDGE_CURVE('',#3289,#3317,#3349,.T.);
#3351 = ORIENTED_EDGE('',*,*,#3350,.F.);
#3352 = CARTESIAN_POINT('',(-3.3905,-0.8504999999999999,5.));
#3353 = DIRECTION('',(1.,0.,0.));
#3354 = DIRECTION('',(0.,0.,-1.));
#3355 = AXIS2_PLACEMENT_3D('',#3352,#3353,#3354);
#3356 = PLANE('',#3355);
#3357 = EDGE_LOOP('',(#3344,#3345,#3346,#3351));
#3358 = FACE_OUTER_BOUND('',#3357,.T.);
#3359 = ADVANCED_FACE('',(#3358),#3356,.T.);
#3360 = ORIENTED_EDGE('',*,*,#3329,.F.);
#3361 = ORIENTED_EDGE('',*,*,#3258,.F.);
#3362 = ORIENTED_EDGE('',*,*,#3305,.T.);
#3363 = DIRECTION('',(0.,1.,0.));
#3364 = VECTOR('',#3363,1.);
#3365 = LINE('',#3290,#3364);
#3366 = EDGE_CURVE('',#3291,#3319,#3365,.T.);
#3367 = ORIENTED_EDGE('',*,*,#3366,.T.);
#3368 = CARTESIAN_POINT('',(-1.6895000000000002,0.8504999999999999,5.));
#3369 = DIRECTION('',(-1.,0.,0.));
#3370 = DIRECTION('',(0.,0.,-1.));
#3371 = AXIS2_PLACEMENT_3D('',#3368,#3369,#3370);
#3372 = PLANE('',#3371);
#3373 = EDGE_LOOP('',(#3360,#3361,#3362,#3367));
#3374 = FACE_OUTER_BOUND('',#3373,.T.);
#3375 = ADVANCED_FACE('',(#3374),#3372,.T.);
#3376 = DIRECTION('',(0.,0.,1.));
#3377 = VECTOR('',#3376,1.);
#3378 = LINE('',#3114,#3377);
#3379 = EDGE_CURVE('',#3115,#3215,#3378,.T.);
#3380 = ORIENTED_EDGE('',*,*,#3379,.F.);
#3381 = ORIENTED_EDGE('',*,*,#3119,.T.);
#3382 = DIRECTION('',(0.,0.,1.));
#3383 = VECTOR('',#3382,1.);
#3384 = LINE('',#3086,#3383);
#3385 = EDGE_CURVE('',#3087,#3181,#3384,.T.);
#3386 = ORIENTED_EDGE('',*,*,#3385,.T.);
#3387 = ORIENTED_EDGE('',*,*,#3230,.F.);
#3388 = CARTESIAN_POINT('',(-3.0125,-0.4725,4.3854));
#3389 = DIRECTION('',(1.,0.,0.));
#3390 = DIRECTION('',(0.,0.,-1.));
#3391 = AXIS2_PLACEMENT_3D('',#3388,#3389,#3390);
#3392 = PLANE('',#3391);
#3393 = EDGE_LOOP('',(#3380,#3381,#3386,#3387));
#3394 = FACE_OUTER_BOUND('',#3393,.T.);
#3395 = ADVANCED_FACE('',(#3394),#3392,.T.);
#3396 = ORIENTED_EDGE('',*,*,#3248,.T.);
#3397 = DIRECTION('',(0.,0.,1.));
#3398 = VECTOR('',#3397,1.);
#3399 = LINE('',#3084,#3398);
#3400 = EDGE_CURVE('',#3085,#3183,#3399,.T.);
#3401 = ORIENTED_EDGE('',*,*,#3400,.F.);
#3402 = ORIENTED_EDGE('',*,*,#3147,.F.);
#3403 = DIRECTION('',(0.,0.,1.));
#3404 = VECTOR('',#3403,1.);
#3405 = LINE('',#3136,#3404);
#3406 = EDGE_CURVE('',#3137,#3241,#3405,.T.);
#3407 = ORIENTED_EDGE('',*,*,#3406,.T.);
#3408 = CARTESIAN_POINT('',(-2.0675,-0.4725,4.3854));
#3409 = DIRECTION('',(-1.,0.,0.));
#3410 = DIRECTION('',(0.,1.,0.));
#3411 = AXIS2_PLACEMENT_3D('',#3408,#3409,#3410);
#3412 = PLANE('',#3411);
#3413 = EDGE_LOOP('',(#3396,#3401,#3402,#3407));
#3414 = FACE_OUTER_BOUND('',#3413,.T.);
#3415 = ADVANCED_FACE('',(#3414),#3412,.T.);
#3416 = ORIENTED_EDGE('',*,*,#3406,.F.);
#3417 = ORIENTED_EDGE('',*,*,#3165,.T.);
#3418 = ORIENTED_EDGE('',*,*,#3379,.T.);
#3419 = ORIENTED_EDGE('',*,*,#3271,.F.);
#3420 = CARTESIAN_POINT('',(-2.0675,-0.4725,4.385399999999999));
#3421 = DIRECTION('',(0.,1.,0.));
#3422 = DIRECTION('',(0.,0.,-1.));
#3423 = AXIS2_PLACEMENT_3D('',#3420,#3421,#3422);
#3424 = PLANE('',#3423);
#3425 = EDGE_LOOP('',(#3416,#3417,#3418,#3419));
#3426 = FACE_OUTER_BOUND('',#3425,.T.);
#3427 = ADVANCED_FACE('',(#3426),#3424,.T.);
#3428 = ORIENTED_EDGE('',*,*,#3385,.F.);
#3429 = ORIENTED_EDGE('',*,*,#3097,.F.);
#3430 = ORIENTED_EDGE('',*,*,#3400,.T.);
#3431 = ORIENTED_EDGE('',*,*,#3197,.T.);
#3432 = CARTESIAN_POINT('',(-3.0125,0.4725,4.3854));
#3433 = DIRECTION('',(0.,-1.,0.));
#3434 = DIRECTION('',(0.,0.,-1.));
#3435 = AXIS2_PLACEMENT_3D('',#3432,#3433,#3434);
#3436 = PLANE('',#3435);
#3437 = EDGE_LOOP('',(#3428,#3429,#3430,#3431));
#3438 = FACE_OUTER_BOUND('',#3437,.T.);
#3439 = ADVANCED_FACE('',(#3438),#3436,.T.);
#3440 = ORIENTED_EDGE('',*,*,#2950,.F.);
#3441 = DIRECTION('',(-1.,0.,0.));
#3442 = VECTOR('',#3441,1.);
#3443 = LINE('',#3316,#3442);
#3444 = EDGE_CURVE('',#3317,#2923,#3443,.T.);
#3445 = ORIENTED_EDGE('',*,*,#3444,.F.);
#3446 = ORIENTED_EDGE('',*,*,#3334,.F.);
#3447 = DIRECTION('',(-1.,0.,0.));
#3448 = VECTOR('',#3447,1.);
#3449 = LINE('',#2990,#3448);
#3450 = EDGE_CURVE('',#2991,#3319,#3449,.T.);
#3451 = ORIENTED_EDGE('',*,*,#3450,.F.);
#3452 = ORIENTED_EDGE('',*,*,#3019,.T.);
#3453 = ORIENTED_EDGE('',*,*,#3068,.T.);
#3454 = CARTESIAN_POINT('',(-3.81,1.27,5.));
#3455 = DIRECTION('',(0.,0.,1.));
#3456 = DIRECTION('',(0.,-1.,0.));
#3457 = AXIS2_PLACEMENT_3D('',#3454,#3455,#3456);
#3458 = PLANE('',#3457);
#3459 = EDGE_LOOP('',(#3440,#3445,#3446,#3451,#3452,#3453));
#3460 = FACE_OUTER_BOUND('',#3459,.T.);
#3461 = ADVANCED_FACE('',(#3460),#3458,.T.);
#3462 = ORIENTED_EDGE('',*,*,#3366,.F.);
#3463 = DIRECTION('',(-1.,0.,0.));
#3464 = VECTOR('',#3463,1.);
#3465 = LINE('',#2992,#3464);
#3466 = EDGE_CURVE('',#2993,#3291,#3465,.T.);
#3467 = ORIENTED_EDGE('',*,*,#3466,.F.);
#3468 = ORIENTED_EDGE('',*,*,#3024,.T.);
#3469 = ORIENTED_EDGE('',*,*,#3450,.T.);
#3470 = CARTESIAN_POINT('',(-1.6895000000000002,0.8504999999999999,5.));
#3471 = DIRECTION('',(0.,0.,1.));
#3472 = DIRECTION('',(0.,-1.,0.));
#3473 = AXIS2_PLACEMENT_3D('',#3470,#3471,#3472);
#3474 = PLANE('',#3473);
#3475 = EDGE_LOOP('',(#3462,#3467,#3468,#3469));
#3476 = FACE_OUTER_BOUND('',#3475,.T.);
#3477 = ADVANCED_FACE('',(#3476),#3474,.T.);
#3478 = ORIENTED_EDGE('',*,*,#2945,.F.);
#3479 = DIRECTION('',(-1.,0.,0.));
#3480 = VECTOR('',#3479,1.);
#3481 = LINE('',#3288,#3480);
#3482 = EDGE_CURVE('',#3289,#2921,#3481,.T.);
#3483 = ORIENTED_EDGE('',*,*,#3482,.F.);
#3484 = ORIENTED_EDGE('',*,*,#3350,.T.);
#3485 = ORIENTED_EDGE('',*,*,#3444,.T.);
#3486 = CARTESIAN_POINT('',(-3.81,0.8504999999999999,5.));
#3487 = DIRECTION('',(0.,0.,1.));
#3488 = DIRECTION('',(0.,-1.,0.));
#3489 = AXIS2_PLACEMENT_3D('',#3486,#3487,#3488);
#3490 = PLANE('',#3489);
#3491 = EDGE_LOOP('',(#3478,#3483,#3484,#3485));
#3492 = FACE_OUTER_BOUND('',#3491,.T.);
#3493 = ADVANCED_FACE('',(#3492),#3490,.T.);
#3494 = ORIENTED_EDGE('',*,*,#2940,.T.);
#3495 = ORIENTED_EDGE('',*,*,#3053,.F.);
#3496 = ORIENTED_EDGE('',*,*,#3029,.F.);
#3497 = ORIENTED_EDGE('',*,*,#3466,.T.);
#3498 = ORIENTED_EDGE('',*,*,#3300,.T.);
#3499 = ORIENTED_EDGE('',*,*,#3482,.T.);
#3500 = CARTESIAN_POINT('',(-3.81,-0.8504999999999999,5.));
#3501 = DIRECTION('',(0.,0.,1.));
#3502 = DIRECTION('',(0.,-1.,0.));
#3503 = AXIS2_PLACEMENT_3D('',#3500,#3501,#3502);
#3504 = PLANE('',#3503);
#3505 = EDGE_LOOP('',(#3494,#3495,#3496,#3497,#3498,#3499));
#3506 = FACE_OUTER_BOUND('',#3505,.T.);
#3507 = ADVANCED_FACE('',(#3506),#3504,.T.);
#3508 = CLOSED_SHELL('',(#2979,#3043,#3063,#3083,#3113,#3135,#3157,#3175,#3211,#3239,#3267,#3287,#3315,#3343,#3359,#3375,#3395,#3415,#3427,#3439,#3461,#3477,#3493,#3507));
#3509 = MANIFOLD_SOLID_BREP('',#3508);
#3510 = COLOUR_RGB('',0.10196078431372549,0.10196078431372549,0.10196078431372549);
#3511 = FILL_AREA_STYLE_COLOUR('',#3510);
#3512 = FILL_AREA_STYLE('',(#3511));
#3513 = SURFACE_STYLE_FILL_AREA(#3512);
#3514 = SURFACE_SIDE_STYLE('',(#3513));
#3515 = SURFACE_STYLE_USAGE(.BOTH.,#3514);
#3516 = PRESENTATION_STYLE_ASSIGNMENT((#3515));
#3517 = STYLED_ITEM('',(#3516),#3509);
#3518 = CARTESIAN_POINT('',(-2.225,-0.315,0.));
#3519 = VERTEX_POINT('',#3518);
#3520 = CARTESIAN_POINT('',(-2.225,0.315,0.));
#3521 = VERTEX_POINT('',#3520);
#3522 = CARTESIAN_POINT('',(-2.855,0.315,0.));
#3523 = VERTEX_POINT('',#3522);
#3524 = CARTESIAN_POINT('',(-2.855,-0.315,0.));
#3525 = VERTEX_POINT('',#3524);
#3526 = DIRECTION('',(0.,1.,0.));
#3527 = VECTOR('',#3526,1.);
#3528 = LINE('',#3518,#3527);
#3529 = EDGE_CURVE('',#3519,#3521,#3528,.T.);
#3530 = ORIENTED_EDGE('',*,*,#3529,.T.);
#3531 = DIRECTION('',(-1.,0.,0.));
#3532 = VECTOR('',#3531,1.);
#3533 = LINE('',#3520,#3532);
#3534 = EDGE_CURVE('',#3521,#3523,#3533,.T.);
#3535 = ORIENTED_EDGE('',*,*,#3534,.T.);
#3536 = DIRECTION('',(0.,1.,0.));
#3537 = VECTOR('',#3536,1.);
#3538 = LINE('',#3524,#3537);
#3539 = EDGE_CURVE('',#3525,#3523,#3538,.T.);
#3540 = ORIENTED_EDGE('',*,*,#3539,.F.);
#3541 = DIRECTION('',(-1.,0.,0.));
#3542 = VECTOR('',#3541,1.);
#3543 = LINE('',#3518,#3542);
#3544 = EDGE_CURVE('',#3519,#3525,#3543,.T.);
#3545 = ORIENTED_EDGE('',*,*,#3544,.F.);
#3546 = CARTESIAN_POINT('',(-2.225,-0.315,0.));
#3547 = DIRECTION('',(0.,0.,1.));
#3548 = DIRECTION('',(0.,1.,0.));
#3549 = AXIS2_PLACEMENT_3D('',#3546,#3547,#3548);
#3550 = PLANE('',#3549);
#3551 = EDGE_LOOP('',(#3530,#3535,#3540,#3545));
#3552 = FACE_OUTER_BOUND('',#3551,.T.);
#3553 = ADVANCED_FACE('',(#3552),#3550,.T.);
#3554 = CARTESIAN_POINT('',(-2.855,0.315,-2.7));
#3555 = VERTEX_POINT('',#3554);
#3556 = CARTESIAN_POINT('',(-2.225,0.315,-2.7));
#3557 = VERTEX_POINT('',#3556);
#3558 = DIRECTION('',(0.,0.,1.));
#3559 = VECTOR('',#3558,1.);
#3560 = LINE('',#3554,#3559);
#3561 = EDGE_CURVE('',#3555,#3523,#3560,.T.);
#3562 = ORIENTED_EDGE('',*,*,#3561,.T.);
#3563 = ORIENTED_EDGE('',*,*,#3534,.F.);
#3564 = DIRECTION('',(0.,0.,1.));
#3565 = VECTOR('',#3564,1.);
#3566 = LINE('',#3556,#3565);
#3567 = EDGE_CURVE('',#3557,#3521,#3566,.T.);
#3568 = ORIENTED_EDGE('',*,*,#3567,.F.);
#3569 = DIRECTION('',(-1.,0.,0.));
#3570 = VECTOR('',#3569,1.);
#3571 = LINE('',#3556,#3570);
#3572 = EDGE_CURVE('',#3557,#3555,#3571,.T.);
#3573 = ORIENTED_EDGE('',*,*,#3572,.T.);
#3574 = CARTESIAN_POINT('',(-2.855,0.315,-2.7));
#3575 = DIRECTION('',(0.,1.,0.));
#3576 = DIRECTION('',(0.,0.,1.));
#3577 = AXIS2_PLACEMENT_3D('',#3574,#3575,#3576);
#3578 = PLANE('',#3577);
#3579 = EDGE_LOOP('',(#3562,#3563,#3568,#3573));
#3580 = FACE_OUTER_BOUND('',#3579,.T.);
#3581 = ADVANCED_FACE('',(#3580),#3578,.T.);
#3582 = CARTESIAN_POINT('',(-2.855,-0.315,-2.7));
#3583 = VERTEX_POINT('',#3582);
#3584 = DIRECTION('',(0.,1.,0.));
#3585 = VECTOR('',#3584,1.);
#3586 = LINE('',#3582,#3585);
#3587 = EDGE_CURVE('',#3583,#3555,#3586,.T.);
#3588 = ORIENTED_EDGE('',*,*,#3587,.F.);
#3589 = DIRECTION('',(0.,0.,1.));
#3590 = VECTOR('',#3589,1.);
#3591 = LINE('',#3582,#3590);
#3592 = EDGE_CURVE('',#3583,#3525,#3591,.T.);
#3593 = ORIENTED_EDGE('',*,*,#3592,.T.);
#3594 = ORIENTED_EDGE('',*,*,#3539,.T.);
#3595 = ORIENTED_EDGE('',*,*,#3561,.F.);
#3596 = CARTESIAN_POINT('',(-2.855,0.315,-2.7));
#3597 = DIRECTION('',(-1.,0.,0.));
#3598 = DIRECTION('',(0.,-1.,0.));
#3599 = AXIS2_PLACEMENT_3D('',#3596,#3597,#3598);
#3600 = PLANE('',#3599);
#3601 = EDGE_LOOP('',(#3588,#3593,#3594,#3595));
#3602 = FACE_OUTER_BOUND('',#3601,.T.);
#3603 = ADVANCED_FACE('',(#3602),#3600,.T.);
#3604 = CARTESIAN_POINT('',(-2.225,-0.315,-2.7));
#3605 = VERTEX_POINT('',#3604);
#3606 = DIRECTION('',(0.,1.,0.));
#3607 = VECTOR('',#3606,1.);
#3608 = LINE('',#3604,#3607);
#3609 = EDGE_CURVE('',#3605,#3557,#3608,.T.);
#3610 = ORIENTED_EDGE('',*,*,#3609,.T.);
#3611 = ORIENTED_EDGE('',*,*,#3567,.T.);
#3612 = ORIENTED_EDGE('',*,*,#3529,.F.);
#3613 = DIRECTION('',(0.,0.,1.));
#3614 = VECTOR('',#3613,1.);
#3615 = LINE('',#3604,#3614);
#3616 = EDGE_CURVE('',#3605,#3519,#3615,.T.);
#3617 = ORIENTED_EDGE('',*,*,#3616,.F.);
#3618 = CARTESIAN_POINT('',(-2.225,-0.315,-2.7));
#3619 = DIRECTION('',(1.,0.,0.));
#3620 = DIRECTION('',(0.,1.,0.));
#3621 = AXIS2_PLACEMENT_3D('',#3618,#3619,#3620);
#3622 = PLANE('',#3621);
#3623 = EDGE_LOOP('',(#3610,#3611,#3612,#3617));
#3624 = FACE_OUTER_BOUND('',#3623,.T.);
#3625 = ADVANCED_FACE('',(#3624),#3622,.T.);
#3626 = ORIENTED_EDGE('',*,*,#3616,.T.);
#3627 = ORIENTED_EDGE('',*,*,#3544,.T.);
#3628 = ORIENTED_EDGE('',*,*,#3592,.F.);
#3629 = DIRECTION('',(-1.,0.,0.));
#3630 = VECTOR('',#3629,1.);
#3631 = LINE('',#3604,#3630);
#3632 = EDGE_CURVE('',#3605,#3583,#3631,.T.);
#3633 = ORIENTED_EDGE('',*,*,#3632,.F.);
#3634 = CARTESIAN_POINT('',(-2.225,-0.315,-2.7));
#3635 = DIRECTION('',(0.,-1.,0.));
#3636 = DIRECTION('',(0.,0.,1.));
#3637 = AXIS2_PLACEMENT_3D('',#3634,#3635,#3636);
#3638 = PLANE('',#3637);
#3639 = EDGE_LOOP('',(#3626,#3627,#3628,#3633));
#3640 = FACE_OUTER_BOUND('',#3639,.T.);
#3641 = ADVANCED_FACE('',(#3640),#3638,.T.);
#3642 = CARTESIAN_POINT('',(-2.715,0.175,-3.));
#3643 = VERTEX_POINT('',#3642);
#3644 = CARTESIAN_POINT('',(-2.365,0.175,-3.));
#3645 = VERTEX_POINT('',#3644);
#3646 = DIRECTION('',(-0.38949041885226054,0.3894904188522602,0.8346223261119856));
#3647 = VECTOR('',#3646,1.);
#3648 = LINE('',#3642,#3647);
#3649 = EDGE_CURVE('',#3643,#3555,#3648,.T.);
#3650 = ORIENTED_EDGE('',*,*,#3649,.T.);
#3651 = ORIENTED_EDGE('',*,*,#3572,.F.);
#3652 = DIRECTION('',(-0.38949041885226054,-0.3894904188522602,-0.8346223261119856));
#3653 = VECTOR('',#3652,1.);
#3654 = LINE('',#3556,#3653);
#3655 = EDGE_CURVE('',#3557,#3645,#3654,.T.);
#3656 = ORIENTED_EDGE('',*,*,#3655,.T.);
#3657 = DIRECTION('',(-1.,0.,0.));
#3658 = VECTOR('',#3657,1.);
#3659 = LINE('',#3644,#3658);
#3660 = EDGE_CURVE('',#3645,#3643,#3659,.T.);
#3661 = ORIENTED_EDGE('',*,*,#3660,.T.);
#3662 = CARTESIAN_POINT('',(-2.715,0.175,-3.));
#3663 = DIRECTION('',(0.,0.9061831399952656,-0.4228854653311237));
#3664 = DIRECTION('',(-0.38949041885226054,0.3894904188522602,0.8346223261119856));
#3665 = AXIS2_PLACEMENT_3D('',#3662,#3663,#3664);
#3666 = PLANE('',#3665);
#3667 = EDGE_LOOP('',(#3650,#3651,#3656,#3661));
#3668 = FACE_OUTER_BOUND('',#3667,.T.);
#3669 = ADVANCED_FACE('',(#3668),#3666,.T.);
#3670 = CARTESIAN_POINT('',(-2.715,-0.175,-3.));
#3671 = VERTEX_POINT('',#3670);
#3672 = DIRECTION('',(0.,1.,0.));
#3673 = VECTOR('',#3672,1.);
#3674 = LINE('',#3670,#3673);
#3675 = EDGE_CURVE('',#3671,#3643,#3674,.T.);
#3676 = ORIENTED_EDGE('',*,*,#3675,.F.);
#3677 = DIRECTION('',(-0.38949041885226054,-0.3894904188522602,0.8346223261119856));
#3678 = VECTOR('',#3677,1.);
#3679 = LINE('',#3670,#3678);
#3680 = EDGE_CURVE('',#3671,#3583,#3679,.T.);
#3681 = ORIENTED_EDGE('',*,*,#3680,.T.);
#3682 = ORIENTED_EDGE('',*,*,#3587,.T.);
#3683 = ORIENTED_EDGE('',*,*,#3649,.F.);
#3684 = CARTESIAN_POINT('',(-2.715,0.175,-3.));
#3685 = DIRECTION('',(-0.9061831399952652,0.,-0.4228854653311246));
#3686 = DIRECTION('',(0.,-1.,0.));
#3687 = AXIS2_PLACEMENT_3D('',#3684,#3685,#3686);
#3688 = PLANE('',#3687);
#3689 = EDGE_LOOP('',(#3676,#3681,#3682,#3683));
#3690 = FACE_OUTER_BOUND('',#3689,.T.);
#3691 = ADVANCED_FACE('',(#3690),#3688,.T.);
#3692 = CARTESIAN_POINT('',(-2.365,-0.175,-3.));
#3693 = VERTEX_POINT('',#3692);
#3694 = DIRECTION('',(-1.,0.,0.));
#3695 = VECTOR('',#3694,1.);
#3696 = LINE('',#3692,#3695);
#3697 = EDGE_CURVE('',#3693,#3671,#3696,.T.);
#3698 = ORIENTED_EDGE('',*,*,#3697,.T.);
#3699 = ORIENTED_EDGE('',*,*,#3675,.T.);
#3700 = ORIENTED_EDGE('',*,*,#3660,.F.);
#3701 = DIRECTION('',(0.,1.,0.));
#3702 = VECTOR('',#3701,1.);
#3703 = LINE('',#3692,#3702);
#3704 = EDGE_CURVE('',#3693,#3645,#3703,.T.);
#3705 = ORIENTED_EDGE('',*,*,#3704,.F.);
#3706 = CARTESIAN_POINT('',(-2.365,-0.175,-3.));
#3707 = DIRECTION('',(0.,0.,-1.));
#3708 = DIRECTION('',(-1.,0.,0.));
#3709 = AXIS2_PLACEMENT_3D('',#3706,#3707,#3708);
#3710 = PLANE('',#3709);
#3711 = EDGE_LOOP('',(#3698,#3699,#3700,#3705));
#3712 = FACE_OUTER_BOUND('',#3711,.T.);
#3713 = ADVANCED_FACE('',(#3712),#3710,.T.);
#3714 = ORIENTED_EDGE('',*,*,#3704,.T.);
#3715 = ORIENTED_EDGE('',*,*,#3655,.F.);
#3716 = ORIENTED_EDGE('',*,*,#3609,.F.);
#3717 = DIRECTION('',(-0.38949041885226054,0.3894904188522602,-0.8346223261119856));
#3718 = VECTOR('',#3717,1.);
#3719 = LINE('',#3604,#3718);
#3720 = EDGE_CURVE('',#3605,#3693,#3719,.T.);
#3721 = ORIENTED_EDGE('',*,*,#3720,.T.);
#3722 = CARTESIAN_POINT('',(-2.365,-0.175,-3.));
#3723 = DIRECTION('',(0.9061831399952652,0.,-0.4228854653311246));
#3724 = DIRECTION('',(0.,1.,0.));
#3725 = AXIS2_PLACEMENT_3D('',#3722,#3723,#3724);
#3726 = PLANE('',#3725);
#3727 = EDGE_LOOP('',(#3714,#3715,#3716,#3721));
#3728 = FACE_OUTER_BOUND('',#3727,.T.);
#3729 = ADVANCED_FACE('',(#3728),#3726,.T.);
#3730 = ORIENTED_EDGE('',*,*,#3720,.F.);
#3731 = ORIENTED_EDGE('',*,*,#3632,.T.);
#3732 = ORIENTED_EDGE('',*,*,#3680,.F.);
#3733 = ORIENTED_EDGE('',*,*,#3697,.F.);
#3734 = CARTESIAN_POINT('',(-2.365,-0.175,-3.));
#3735 = DIRECTION('',(0.,-0.9061831399952656,-0.4228854653311237));
#3736 = DIRECTION('',(0.38949041885226054,-0.3894904188522602,0.8346223261119856));
#3737 = AXIS2_PLACEMENT_3D('',#3734,#3735,#3736);
#3738 = PLANE('',#3737);
#3739 = EDGE_LOOP('',(#3730,#3731,#3732,#3733));
#3740 = FACE_OUTER_BOUND('',#3739,.T.);
#3741 = ADVANCED_FACE('',(#3740),#3738,.T.);
#3742 = CLOSED_SHELL('',(#3553,#3581,#3603,#3625,#3641,#3669,#3691,#3713,#3729,#3741));
#3743 = MANIFOLD_SOLID_BREP('',#3742);
#3744 = CARTESIAN_POINT('',(-3.044,-0.504,0.));
#3745 = VERTEX_POINT('',#3744);
#3746 = CARTESIAN_POINT('',(-3.044,-0.504,0.504));
#3747 = VERTEX_POINT('',#3746);
#3748 = CARTESIAN_POINT('',(-3.044,0.504,0.504));
#3749 = VERTEX_POINT('',#3748);
#3750 = CARTESIAN_POINT('',(-3.044,0.504,0.));
#3751 = VERTEX_POINT('',#3750);
#3752 = DIRECTION('',(0.,0.,1.));
#3753 = VECTOR('',#3752,1.);
#3754 = LINE('',#3744,#3753);
#3755 = EDGE_CURVE('',#3745,#3747,#3754,.T.);
#3756 = ORIENTED_EDGE('',*,*,#3755,.T.);
#3757 = DIRECTION('',(0.,1.,0.));
#3758 = VECTOR('',#3757,1.);
#3759 = LINE('',#3746,#3758);
#3760 = EDGE_CURVE('',#3747,#3749,#3759,.T.);
#3761 = ORIENTED_EDGE('',*,*,#3760,.T.);
#3762 = DIRECTION('',(0.,0.,1.));
#3763 = VECTOR('',#3762,1.);
#3764 = LINE('',#3750,#3763);
#3765 = EDGE_CURVE('',#3751,#3749,#3764,.T.);
#3766 = ORIENTED_EDGE('',*,*,#3765,.F.);
#3767 = DIRECTION('',(0.,1.,0.));
#3768 = VECTOR('',#3767,1.);
#3769 = LINE('',#3744,#3768);
#3770 = EDGE_CURVE('',#3745,#3751,#3769,.T.);
#3771 = ORIENTED_EDGE('',*,*,#3770,.F.);
#3772 = CARTESIAN_POINT('',(-3.044,-0.504,0.));
#3773 = DIRECTION('',(-1.,0.,0.));
#3774 = DIRECTION('',(0.,0.,1.));
#3775 = AXIS2_PLACEMENT_3D('',#3772,#3773,#3774);
#3776 = PLANE('',#3775);
#3777 = EDGE_LOOP('',(#3756,#3761,#3766,#3771));
#3778 = FACE_OUTER_BOUND('',#3777,.T.);
#3779 = ADVANCED_FACE('',(#3778),#3776,.T.);
#3780 = CARTESIAN_POINT('',(-2.036,-0.504,0.));
#3781 = VERTEX_POINT('',#3780);
#3782 = CARTESIAN_POINT('',(-2.036,0.504,0.));
#3783 = VERTEX_POINT('',#3782);
#3784 = CARTESIAN_POINT('',(-2.036,0.504,0.504));
#3785 = VERTEX_POINT('',#3784);
#3786 = CARTESIAN_POINT('',(-2.036,-0.504,0.504));
#3787 = VERTEX_POINT('',#3786);
#3788 = DIRECTION('',(0.,1.,0.));
#3789 = VECTOR('',#3788,1.);
#3790 = LINE('',#3780,#3789);
#3791 = EDGE_CURVE('',#3781,#3783,#3790,.T.);
#3792 = ORIENTED_EDGE('',*,*,#3791,.T.);
#3793 = DIRECTION('',(0.,0.,1.));
#3794 = VECTOR('',#3793,1.);
#3795 = LINE('',#3782,#3794);
#3796 = EDGE_CURVE('',#3783,#3785,#3795,.T.);
#3797 = ORIENTED_EDGE('',*,*,#3796,.T.);
#3798 = DIRECTION('',(0.,1.,0.));
#3799 = VECTOR('',#3798,1.);
#3800 = LINE('',#3786,#3799);
#3801 = EDGE_CURVE('',#3787,#3785,#3800,.T.);
#3802 = ORIENTED_EDGE('',*,*,#3801,.F.);
#3803 = DIRECTION('',(0.,0.,1.));
#3804 = VECTOR('',#3803,1.);
#3805 = LINE('',#3780,#3804);
#3806 = EDGE_CURVE('',#3781,#3787,#3805,.T.);
#3807 = ORIENTED_EDGE('',*,*,#3806,.F.);
#3808 = CARTESIAN_POINT('',(-2.036,-0.504,0.));
#3809 = DIRECTION('',(1.,0.,0.));
#3810 = DIRECTION('',(0.,1.,0.));
#3811 = AXIS2_PLACEMENT_3D('',#3808,#3809,#3810);
#3812 = PLANE('',#3811);
#3813 = EDGE_LOOP('',(#3792,#3797,#3802,#3807));
#3814 = FACE_OUTER_BOUND('',#3813,.T.);
#3815 = ADVANCED_FACE('',(#3814),#3812,.T.);
#3816 = DIRECTION('',(-1.,0.,0.));
#3817 = VECTOR('',#3816,1.);
#3818 = LINE('',#3780,#3817);
#3819 = EDGE_CURVE('',#3781,#3745,#3818,.T.);
#3820 = ORIENTED_EDGE('',*,*,#3819,.F.);
#3821 = ORIENTED_EDGE('',*,*,#3806,.T.);
#3822 = DIRECTION('',(-1.,0.,0.));
#3823 = VECTOR('',#3822,1.);
#3824 = LINE('',#3786,#3823);
#3825 = EDGE_CURVE('',#3787,#3747,#3824,.T.);
#3826 = ORIENTED_EDGE('',*,*,#3825,.T.);
#3827 = ORIENTED_EDGE('',*,*,#3755,.F.);
#3828 = CARTESIAN_POINT('',(-3.044,-0.504,0.));
#3829 = DIRECTION('',(0.,-1.,0.));
#3830 = DIRECTION('',(1.,0.,0.));
#3831 = AXIS2_PLACEMENT_3D('',#3828,#3829,#3830);
#3832 = PLANE('',#3831);
#3833 = EDGE_LOOP('',(#3820,#3821,#3826,#3827));
#3834 = FACE_OUTER_BOUND('',#3833,.T.);
#3835 = ADVANCED_FACE('',(#3834),#3832,.T.);
#3836 = ORIENTED_EDGE('',*,*,#3765,.T.);
#3837 = DIRECTION('',(-1.,0.,0.));
#3838 = VECTOR('',#3837,1.);
#3839 = LINE('',#3784,#3838);
#3840 = EDGE_CURVE('',#3785,#3749,#3839,.T.);
#3841 = ORIENTED_EDGE('',*,*,#3840,.F.);
#3842 = ORIENTED_EDGE('',*,*,#3796,.F.);
#3843 = DIRECTION('',(-1.,0.,0.));
#3844 = VECTOR('',#3843,1.);
#3845 = LINE('',#3782,#3844);
#3846 = EDGE_CURVE('',#3783,#3751,#3845,.T.);
#3847 = ORIENTED_EDGE('',*,*,#3846,.T.);
#3848 = CARTESIAN_POINT('',(-3.044,0.504,0.));
#3849 = DIRECTION('',(0.,1.,0.));
#3850 = DIRECTION('',(0.,0.,1.));
#3851 = AXIS2_PLACEMENT_3D('',#3848,#3849,#3850);
#3852 = PLANE('',#3851);
#3853 = EDGE_LOOP('',(#3836,#3841,#3842,#3847));
#3854 = FACE_OUTER_BOUND('',#3853,.T.);
#3855 = ADVANCED_FACE('',(#3854),#3852,.T.);
#3856 = ORIENTED_EDGE('',*,*,#3770,.T.);
#3857 = ORIENTED_EDGE('',*,*,#3846,.F.);
#3858 = ORIENTED_EDGE('',*,*,#3791,.F.);
#3859 = ORIENTED_EDGE('',*,*,#3819,.T.);
#3860 = CARTESIAN_POINT('',(-3.044,-0.504,0.));
#3861 = DIRECTION('',(0.,0.,-1.));
#3862 = DIRECTION('',(0.,1.,0.));
#3863 = AXIS2_PLACEMENT_3D('',#3860,#3861,#3862);
#3864 = PLANE('',#3863);
#3865 = EDGE_LOOP('',(#3856,#3857,#3858,#3859));
#3866 = FACE_OUTER_BOUND('',#3865,.T.);
#3867 = ADVANCED_FACE('',(#3866),#3864,.T.);
#3868 = ORIENTED_EDGE('',*,*,#3825,.F.);
#3869 = ORIENTED_EDGE('',*,*,#3801,.T.);
#3870 = ORIENTED_EDGE('',*,*,#3840,.T.);
#3871 = ORIENTED_EDGE('',*,*,#3760,.F.);
#3872 = CARTESIAN_POINT('',(-3.044,-0.504,0.504));
#3873 = DIRECTION('',(0.,0.,1.));
#3874 = DIRECTION('',(1.,0.,0.));
#3875 = AXIS2_PLACEMENT_3D('',#3872,#3873,#3874);
#3876 = PLANE('',#3875);
#3877 = EDGE_LOOP('',(#3868,#3869,#3870,#3871));
#3878 = FACE_OUTER_BOUND('',#3877,.T.);
#3879 = ADVANCED_FACE('',(#3878),#3876,.T.);
#3880 = CLOSED_SHELL('',(#3779,#3815,#3835,#3855,#3867,#3879));
#3881 = MANIFOLD_SOLID_BREP('',#3880);
#3882 = CARTESIAN_POINT('',(-1.27,-1.27,0.));
#3883 = VERTEX_POINT('',#3882);
#3884 = CARTESIAN_POINT('',(-1.27,-1.27,5.));
#3885 = VERTEX_POINT('',#3884);
#3886 = CARTESIAN_POINT('',(-1.27,-0.8504999999999999,5.));
#3887 = VERTEX_POINT('',#3886);
#3888 = CARTESIAN_POINT('',(-1.27,0.8504999999999999,5.));
#3889 = VERTEX_POINT('',#3888);
#3890 = CARTESIAN_POINT('',(-1.27,1.27,5.));
#3891 = VERTEX_POINT('',#3890);
#3892 = CARTESIAN_POINT('',(-1.27,1.27,0.));
#3893 = VERTEX_POINT('',#3892);
#3894 = CARTESIAN_POINT('',(-1.27,0.4724999999999999,0.));
#3895 = VERTEX_POINT('',#3894);
#3896 = CARTESIAN_POINT('',(-1.27,-0.4724999999999999,0.));
#3897 = VERTEX_POINT('',#3896);
#3898 = DIRECTION('',(0.,0.,1.));
#3899 = VECTOR('',#3898,1.);
#3900 = LINE('',#3882,#3899);
#3901 = EDGE_CURVE('',#3883,#3885,#3900,.T.);
#3902 = ORIENTED_EDGE('',*,*,#3901,.T.);
#3903 = DIRECTION('',(0.,-1.,0.));
#3904 = VECTOR('',#3903,1.);
#3905 = LINE('',#3886,#3904);
#3906 = EDGE_CURVE('',#3887,#3885,#3905,.T.);
#3907 = ORIENTED_EDGE('',*,*,#3906,.F.);
#3908 = DIRECTION('',(0.,1.,0.));
#3909 = VECTOR('',#3908,1.);
#3910 = LINE('',#3886,#3909);
#3911 = EDGE_CURVE('',#3887,#3889,#3910,.T.);
#3912 = ORIENTED_EDGE('',*,*,#3911,.T.);
#3913 = DIRECTION('',(0.,1.,0.));
#3914 = VECTOR('',#3913,1.);
#3915 = LINE('',#3888,#3914);
#3916 = EDGE_CURVE('',#3889,#3891,#3915,.T.);
#3917 = ORIENTED_EDGE('',*,*,#3916,.T.);
#3918 = DIRECTION('',(0.,0.,1.));
#3919 = VECTOR('',#3918,1.);
#3920 = LINE('',#3892,#3919);
#3921 = EDGE_CURVE('',#3893,#3891,#3920,.T.);
#3922 = ORIENTED_EDGE('',*,*,#3921,.F.);
#3923 = DIRECTION('',(0.,1.,0.));
#3924 = VECTOR('',#3923,1.);
#3925 = LINE('',#3894,#3924);
#3926 = EDGE_CURVE('',#3895,#3893,#3925,.T.);
#3927 = ORIENTED_EDGE('',*,*,#3926,.F.);
#3928 = DIRECTION('',(0.,1.,0.));
#3929 = VECTOR('',#3928,1.);
#3930 = LINE('',#3896,#3929);
#3931 = EDGE_CURVE('',#3897,#3895,#3930,.T.);
#3932 = ORIENTED_EDGE('',*,*,#3931,.F.);
#3933 = DIRECTION('',(0.,-1.,0.));
#3934 = VECTOR('',#3933,1.);
#3935 = LINE('',#3896,#3934);
#3936 = EDGE_CURVE('',#3897,#3883,#3935,.T.);
#3937 = ORIENTED_EDGE('',*,*,#3936,.T.);
#3938 = CARTESIAN_POINT('',(-1.27,-1.27,0.));
#3939 = DIRECTION('',(-1.,0.,0.));
#3940 = DIRECTION('',(0.,0.,1.));
#3941 = AXIS2_PLACEMENT_3D('',#3938,#3939,#3940);
#3942 = PLANE('',#3941);
#3943 = EDGE_LOOP('',(#3902,#3907,#3912,#3917,#3922,#3927,#3932,#3937));
#3944 = FACE_OUTER_BOUND('',#3943,.T.);
#3945 = ADVANCED_FACE('',(#3944),#3942,.T.);
#3946 = CARTESIAN_POINT('',(1.27,-1.27,0.));
#3947 = VERTEX_POINT('',#3946);
#3948 = CARTESIAN_POINT('',(1.27,-0.4724999999999999,0.));
#3949 = VERTEX_POINT('',#3948);
#3950 = CARTESIAN_POINT('',(1.27,0.4724999999999999,0.));
#3951 = VERTEX_POINT('',#3950);
#3952 = CARTESIAN_POINT('',(1.27,1.27,0.));
#3953 = VERTEX_POINT('',#3952);
#3954 = CARTESIAN_POINT('',(1.27,1.27,5.));
#3955 = VERTEX_POINT('',#3954);
#3956 = CARTESIAN_POINT('',(1.27,0.8504999999999999,5.));
#3957 = VERTEX_POINT('',#3956);
#3958 = CARTESIAN_POINT('',(1.27,-0.8504999999999999,5.));
#3959 = VERTEX_POINT('',#3958);
#3960 = CARTESIAN_POINT('',(1.27,-1.27,5.));
#3961 = VERTEX_POINT('',#3960);
#3962 = DIRECTION('',(0.,-1.,0.));
#3963 = VECTOR('',#3962,1.);
#3964 = LINE('',#3948,#3963);
#3965 = EDGE_CURVE('',#3949,#3947,#3964,.T.);
#3966 = ORIENTED_EDGE('',*,*,#3965,.F.);
#3967 = DIRECTION('',(0.,1.,0.));
#3968 = VECTOR('',#3967,1.);
#3969 = LINE('',#3948,#3968);
#3970 = EDGE_CURVE('',#3949,#3951,#3969,.T.);
#3971 = ORIENTED_EDGE('',*,*,#3970,.T.);
#3972 = DIRECTION('',(0.,1.,0.));
#3973 = VECTOR('',#3972,1.);
#3974 = LINE('',#3950,#3973);
#3975 = EDGE_CURVE('',#3951,#3953,#3974,.T.);
#3976 = ORIENTED_EDGE('',*,*,#3975,.T.);
#3977 = DIRECTION('',(0.,0.,1.));
#3978 = VECTOR('',#3977,1.);
#3979 = LINE('',#3952,#3978);
#3980 = EDGE_CURVE('',#3953,#3955,#3979,.T.);
#3981 = ORIENTED_EDGE('',*,*,#3980,.T.);
#3982 = DIRECTION('',(0.,1.,0.));
#3983 = VECTOR('',#3982,1.);
#3984 = LINE('',#3956,#3983);
#3985 = EDGE_CURVE('',#3957,#3955,#3984,.T.);
#3986 = ORIENTED_EDGE('',*,*,#3985,.F.);
#3987 = DIRECTION('',(0.,1.,0.));
#3988 = VECTOR('',#3987,1.);
#3989 = LINE('',#3958,#3988);
#3990 = EDGE_CURVE('',#3959,#3957,#3989,.T.);
#3991 = ORIENTED_EDGE('',*,*,#3990,.F.);
#3992 = DIRECTION('',(0.,-1.,0.));
#3993 = VECTOR('',#3992,1.);
#3994 = LINE('',#3958,#3993);
#3995 = EDGE_CURVE('',#3959,#3961,#3994,.T.);
#3996 = ORIENTED_EDGE('',*,*,#3995,.T.);
#3997 = DIRECTION('',(0.,0.,1.));
#3998 = VECTOR('',#3997,1.);
#3999 = LINE('',#3946,#3998);
#4000 = EDGE_CURVE('',#3947,#3961,#3999,.T.);
#4001 = ORIENTED_EDGE('',*,*,#4000,.F.);
#4002 = CARTESIAN_POINT('',(1.27,-1.27,0.));
#4003 = DIRECTION('',(1.,0.,0.));
#4004 = DIRECTION('',(0.,1.,0.));
#4005 = AXIS2_PLACEMENT_3D('',#4002,#4003,#4004);
#4006 = PLANE('',#4005);
#4007 = EDGE_LOOP('',(#3966,#3971,#3976,#3981,#3986,#3991,#3996,#4001));
#4008 = FACE_OUTER_BOUND('',#4007,.T.);
#4009 = ADVANCED_FACE('',(#4008),#4006,.T.);
#4010 = DIRECTION('',(1.,0.,0.));
#4011 = VECTOR('',#4010,1.);
#4012 = LINE('',#3882,#4011);
#4013 = EDGE_CURVE('',#3883,#3947,#4012,.T.);
#4014 = ORIENTED_EDGE('',*,*,#4013,.T.);
#4015 = ORIENTED_EDGE('',*,*,#4000,.T.);
#4016 = DIRECTION('',(1.,0.,0.));
#4017 = VECTOR('',#4016,1.);
#4018 = LINE('',#3884,#4017);
#4019 = EDGE_CURVE('',#3885,#3961,#4018,.T.);
#4020 = ORIENTED_EDGE('',*,*,#4019,.F.);
#4021 = ORIENTED_EDGE('',*,*,#3901,.F.);
#4022 = CARTESIAN_POINT('',(-1.27,-1.27,0.));
#4023 = DIRECTION('',(0.,-1.,0.));
#4024 = DIRECTION('',(1.,0.,0.));
#4025 = AXIS2_PLACEMENT_3D('',#4022,#4023,#4024);
#4026 = PLANE('',#4025);
#4027 = EDGE_LOOP('',(#4014,#4015,#4020,#4021));
#4028 = FACE_OUTER_BOUND('',#4027,.T.);
#4029 = ADVANCED_FACE('',(#4028),#4026,.T.);
#4030 = ORIENTED_EDGE('',*,*,#3921,.T.);
#4031 = DIRECTION('',(1.,0.,0.));
#4032 = VECTOR('',#4031,1.);
#4033 = LINE('',#3890,#4032);
#4034 = EDGE_CURVE('',#3891,#3955,#4033,.T.);
#4035 = ORIENTED_EDGE('',*,*,#4034,.T.);
#4036 = ORIENTED_EDGE('',*,*,#3980,.F.);
#4037 = DIRECTION('',(1.,0.,0.));
#4038 = VECTOR('',#4037,1.);
#4039 = LINE('',#3892,#4038);
#4040 = EDGE_CURVE('',#3893,#3953,#4039,.T.);
#4041 = ORIENTED_EDGE('',*,*,#4040,.F.);
#4042 = CARTESIAN_POINT('',(-1.27,1.27,0.));
#4043 = DIRECTION('',(0.,1.,0.));
#4044 = DIRECTION('',(0.,0.,1.));
#4045 = AXIS2_PLACEMENT_3D('',#4042,#4043,#4044);
#4046 = PLANE('',#4045);
#4047 = EDGE_LOOP('',(#4030,#4035,#4036,#4041));
#4048 = FACE_OUTER_BOUND('',#4047,.T.);
#4049 = ADVANCED_FACE('',(#4048),#4046,.T.);
#4050 = CARTESIAN_POINT('',(0.4725,0.4725,0.));
#4051 = VERTEX_POINT('',#4050);
#4052 = CARTESIAN_POINT('',(-0.4725,0.4725,0.));
#4053 = VERTEX_POINT('',#4052);
#4054 = ORIENTED_EDGE('',*,*,#3975,.F.);
#4055 = DIRECTION('',(1.,0.,0.));
#4056 = VECTOR('',#4055,1.);
#4057 = LINE('',#4050,#4056);
#4058 = EDGE_CURVE('',#4051,#3951,#4057,.T.);
#4059 = ORIENTED_EDGE('',*,*,#4058,.F.);
#4060 = DIRECTION('',(1.,0.,0.));
#4061 = VECTOR('',#4060,1.);
#4062 = LINE('',#4052,#4061);
#4063 = EDGE_CURVE('',#4053,#4051,#4062,.T.);
#4064 = ORIENTED_EDGE('',*,*,#4063,.F.);
#4065 = DIRECTION('',(-1.,0.,0.));
#4066 = VECTOR('',#4065,1.);
#4067 = LINE('',#4052,#4066);
#4068 = EDGE_CURVE('',#4053,#3895,#4067,.T.);
#4069 = ORIENTED_EDGE('',*,*,#4068,.T.);
#4070 = ORIENTED_EDGE('',*,*,#3926,.T.);
#4071 = ORIENTED_EDGE('',*,*,#4040,.T.);
#4072 = CARTESIAN_POINT('',(1.27,1.27,0.));
#4073 = DIRECTION('',(0.,0.,-1.));
#4074 = DIRECTION('',(0.,-1.,0.));
#4075 = AXIS2_PLACEMENT_3D('',#4072,#4073,#4074);
#4076 = PLANE('',#4075);
#4077 = EDGE_LOOP('',(#4054,#4059,#4064,#4069,#4070,#4071));
#4078 = FACE_OUTER_BOUND('',#4077,.T.);
#4079 = ADVANCED_FACE('',(#4078),#4076,.T.);
#4080 = CARTESIAN_POINT('',(-0.4724999999999999,-0.4724999999999999,0.));
#4081 = VERTEX_POINT('',#4080);
#4082 = DIRECTION('',(0.,1.,0.));
#4083 = VECTOR('',#4082,1.);
#4084 = LINE('',#4080,#4083);
#4085 = EDGE_CURVE('',#4081,#4053,#4084,.T.);
#4086 = ORIENTED_EDGE('',*,*,#4085,.F.);
#4087 = DIRECTION('',(-1.,0.,0.));
#4088 = VECTOR('',#4087,1.);
#4089 = LINE('',#4080,#4088);
#4090 = EDGE_CURVE('',#4081,#3897,#4089,.T.);
#4091 = ORIENTED_EDGE('',*,*,#4090,.T.);
#4092 = ORIENTED_EDGE('',*,*,#3931,.T.);
#4093 = ORIENTED_EDGE('',*,*,#4068,.F.);
#4094 = CARTESIAN_POINT('',(-0.4724999999999999,0.4724999999999999,0.));
#4095 = DIRECTION('',(0.,0.,-1.));
#4096 = DIRECTION('',(0.,-1.,0.));
#4097 = AXIS2_PLACEMENT_3D('',#4094,#4095,#4096);
#4098 = PLANE('',#4097);
#4099 = EDGE_LOOP('',(#4086,#4091,#4092,#4093));
#4100 = FACE_OUTER_BOUND('',#4099,.T.);
#4101 = ADVANCED_FACE('',(#4100),#4098,.T.);
#4102 = CARTESIAN_POINT('',(0.4724999999999999,-0.4724999999999999,0.));
#4103 = VERTEX_POINT('',#4102);
#4104 = ORIENTED_EDGE('',*,*,#3970,.F.);
#4105 = DIRECTION('',(1.,0.,0.));
#4106 = VECTOR('',#4105,1.);
#4107 = LINE('',#4102,#4106);
#4108 = EDGE_CURVE('',#4103,#3949,#4107,.T.);
#4109 = ORIENTED_EDGE('',*,*,#4108,.F.);
#4110 = DIRECTION('',(0.,1.,0.));
#4111 = VECTOR('',#4110,1.);
#4112 = LINE('',#4102,#4111);
#4113 = EDGE_CURVE('',#4103,#4051,#4112,.T.);
#4114 = ORIENTED_EDGE('',*,*,#4113,.T.);
#4115 = ORIENTED_EDGE('',*,*,#4058,.T.);
#4116 = CARTESIAN_POINT('',(1.27,0.4724999999999999,0.));
#4117 = DIRECTION('',(0.,0.,-1.));
#4118 = DIRECTION('',(0.,-1.,0.));
#4119 = AXIS2_PLACEMENT_3D('',#4116,#4117,#4118);
#4120 = PLANE('',#4119);
#4121 = EDGE_LOOP('',(#4104,#4109,#4114,#4115));
#4122 = FACE_OUTER_BOUND('',#4121,.T.);
#4123 = ADVANCED_FACE('',(#4122),#4120,.T.);
#4124 = ORIENTED_EDGE('',*,*,#3965,.T.);
#4125 = ORIENTED_EDGE('',*,*,#4013,.F.);
#4126 = ORIENTED_EDGE('',*,*,#3936,.F.);
#4127 = ORIENTED_EDGE('',*,*,#4090,.F.);
#4128 = DIRECTION('',(1.,0.,0.));
#4129 = VECTOR('',#4128,1.);
#4130 = LINE('',#4080,#4129);
#4131 = EDGE_CURVE('',#4081,#4103,#4130,.T.);
#4132 = ORIENTED_EDGE('',*,*,#4131,.T.);
#4133 = ORIENTED_EDGE('',*,*,#4108,.T.);
#4134 = CARTESIAN_POINT('',(1.27,-0.4724999999999999,0.));
#4135 = DIRECTION('',(0.,0.,-1.));
#4136 = DIRECTION('',(0.,-1.,0.));
#4137 = AXIS2_PLACEMENT_3D('',#4134,#4135,#4136);
#4138 = PLANE('',#4137);
#4139 = EDGE_LOOP('',(#4124,#4125,#4126,#4127,#4132,#4133));
#4140 = FACE_OUTER_BOUND('',#4139,.T.);
#4141 = ADVANCED_FACE('',(#4140),#4138,.T.);
#4142 = CARTESIAN_POINT('',(-0.8504999999999999,-0.8504999999999999,4.995));
#4143 = VERTEX_POINT('',#4142);
#4144 = CARTESIAN_POINT('',(0.8504999999999999,-0.8504999999999999,4.995));
#4145 = VERTEX_POINT('',#4144);
#4146 = CARTESIAN_POINT('',(0.4725,-0.4725,4.3854));
#4147 = VERTEX_POINT('',#4146);
#4148 = CARTESIAN_POINT('',(-0.4725,-0.4725,4.3854));
#4149 = VERTEX_POINT('',#4148);
#4150 = DIRECTION('',(1.,0.,0.));
#4151 = VECTOR('',#4150,1.);
#4152 = LINE('',#4142,#4151);
#4153 = EDGE_CURVE('',#4143,#4145,#4152,.T.);
#4154 = ORIENTED_EDGE('',*,*,#4153,.T.);
#4155 = DIRECTION('',(0.4662120597565701,-0.4662120597565701,0.7518594487502787));
#4156 = VECTOR('',#4155,1.);
#4157 = LINE('',#4146,#4156);
#4158 = EDGE_CURVE('',#4147,#4145,#4157,.T.);
#4159 = ORIENTED_EDGE('',*,*,#4158,.F.);
#4160 = DIRECTION('',(1.,0.,0.));
#4161 = VECTOR('',#4160,1.);
#4162 = LINE('',#4148,#4161);
#4163 = EDGE_CURVE('',#4149,#4147,#4162,.T.);
#4164 = ORIENTED_EDGE('',*,*,#4163,.F.);
#4165 = DIRECTION('',(-0.4662120597565701,-0.4662120597565701,0.7518594487502787));
#4166 = VECTOR('',#4165,1.);
#4167 = LINE('',#4148,#4166);
#4168 = EDGE_CURVE('',#4149,#4143,#4167,.T.);
#4169 = ORIENTED_EDGE('',*,*,#4168,.T.);
#4170 = CARTESIAN_POINT('',(-0.8504999999999999,-0.8504999999999999,4.995));
#4171 = DIRECTION('',(0.,0.8498727207846388,0.5269880059983484));
#4172 = DIRECTION('',(1.,0.,0.));
#4173 = AXIS2_PLACEMENT_3D('',#4170,#4171,#4172);
#4174 = PLANE('',#4173);
#4175 = EDGE_LOOP('',(#4154,#4159,#4164,#4169));
#4176 = FACE_OUTER_BOUND('',#4175,.T.);
#4177 = ADVANCED_FACE('',(#4176),#4174,.T.);
#4178 = CARTESIAN_POINT('',(-0.4725,0.4725,4.3854));
#4179 = VERTEX_POINT('',#4178);
#4180 = CARTESIAN_POINT('',(-0.8504999999999999,0.8504999999999999,4.995));
#4181 = VERTEX_POINT('',#4180);
#4182 = DIRECTION('',(-0.4662120597565701,0.4662120597565701,0.7518594487502787));
#4183 = VECTOR('',#4182,1.);
#4184 = LINE('',#4178,#4183);
#4185 = EDGE_CURVE('',#4179,#4181,#4184,.T.);
#4186 = ORIENTED_EDGE('',*,*,#4185,.T.);
#4187 = DIRECTION('',(0.,1.,0.));
#4188 = VECTOR('',#4187,1.);
#4189 = LINE('',#4142,#4188);
#4190 = EDGE_CURVE('',#4143,#4181,#4189,.T.);
#4191 = ORIENTED_EDGE('',*,*,#4190,.F.);
#4192 = ORIENTED_EDGE('',*,*,#4168,.F.);
#4193 = DIRECTION('',(0.,1.,0.));
#4194 = VECTOR('',#4193,1.);
#4195 = LINE('',#4148,#4194);
#4196 = EDGE_CURVE('',#4149,#4179,#4195,.T.);
#4197 = ORIENTED_EDGE('',*,*,#4196,.T.);
#4198 = CARTESIAN_POINT('',(-0.4725,0.4725,4.3854));
#4199 = DIRECTION('',(0.8498727207846387,0.,0.5269880059983485));
#4200 = DIRECTION('',(-0.4662120597565701,0.4662120597565701,0.7518594487502787));
#4201 = AXIS2_PLACEMENT_3D('',#4198,#4199,#4200);
#4202 = PLANE('',#4201);
#4203 = EDGE_LOOP('',(#4186,#4191,#4192,#4197));
#4204 = FACE_OUTER_BOUND('',#4203,.T.);
#4205 = ADVANCED_FACE('',(#4204),#4202,.T.);
#4206 = CARTESIAN_POINT('',(0.8504999999999999,0.8504999999999999,4.995));
#4207 = VERTEX_POINT('',#4206);
#4208 = CARTESIAN_POINT('',(0.4725,0.4725,4.3854));
#4209 = VERTEX_POINT('',#4208);
#4210 = DIRECTION('',(1.,0.,0.));
#4211 = VECTOR('',#4210,1.);
#4212 = LINE('',#4180,#4211);
#4213 = EDGE_CURVE('',#4181,#4207,#4212,.T.);
#4214 = ORIENTED_EDGE('',*,*,#4213,.F.);
#4215 = ORIENTED_EDGE('',*,*,#4185,.F.);
#4216 = DIRECTION('',(1.,0.,0.));
#4217 = VECTOR('',#4216,1.);
#4218 = LINE('',#4178,#4217);
#4219 = EDGE_CURVE('',#4179,#4209,#4218,.T.);
#4220 = ORIENTED_EDGE('',*,*,#4219,.T.);
#4221 = DIRECTION('',(0.4662120597565701,0.4662120597565701,0.7518594487502787));
#4222 = VECTOR('',#4221,1.);
#4223 = LINE('',#4208,#4222);
#4224 = EDGE_CURVE('',#4209,#4207,#4223,.T.);
#4225 = ORIENTED_EDGE('',*,*,#4224,.T.);
#4226 = CARTESIAN_POINT('',(0.8504999999999999,0.8504999999999999,4.995));
#4227 = DIRECTION('',(0.,-0.8498727207846388,0.5269880059983484));
#4228 = DIRECTION('',(-1.,0.,0.));
#4229 = AXIS2_PLACEMENT_3D('',#4226,#4227,#4228);
#4230 = PLANE('',#4229);
#4231 = EDGE_LOOP('',(#4214,#4215,#4220,#4225));
#4232 = FACE_OUTER_BOUND('',#4231,.T.);
#4233 = ADVANCED_FACE('',(#4232),#4230,.T.);
#4234 = ORIENTED_EDGE('',*,*,#4158,.T.);
#4235 = DIRECTION('',(0.,1.,0.));
#4236 = VECTOR('',#4235,1.);
#4237 = LINE('',#4144,#4236);
#4238 = EDGE_CURVE('',#4145,#4207,#4237,.T.);
#4239 = ORIENTED_EDGE('',*,*,#4238,.T.);
#4240 = ORIENTED_EDGE('',*,*,#4224,.F.);
#4241 = DIRECTION('',(0.,1.,0.));
#4242 = VECTOR('',#4241,1.);
#4243 = LINE('',#4146,#4242);
#4244 = EDGE_CURVE('',#4147,#4209,#4243,.T.);
#4245 = ORIENTED_EDGE('',*,*,#4244,.F.);
#4246 = CARTESIAN_POINT('',(0.4725,-0.4725,4.3854));
#4247 = DIRECTION('',(-0.8498727207846387,0.,0.5269880059983485));
#4248 = DIRECTION('',(0.4662120597565701,-0.4662120597565701,0.7518594487502787));
#4249 = AXIS2_PLACEMENT_3D('',#4246,#4247,#4248);
#4250 = PLANE('',#4249);
#4251 = EDGE_LOOP('',(#4234,#4239,#4240,#4245));
#4252 = FACE_OUTER_BOUND('',#4251,.T.);
#4253 = ADVANCED_FACE('',(#4252),#4250,.T.);
#4254 = CARTESIAN_POINT('',(0.8504999999999999,-0.8504999999999999,5.));
#4255 = VERTEX_POINT('',#4254);
#4256 = CARTESIAN_POINT('',(-0.8504999999999999,-0.8504999999999999,5.));
#4257 = VERTEX_POINT('',#4256);
#4258 = DIRECTION('',(0.,0.,1.));
#4259 = VECTOR('',#4258,1.);
#4260 = LINE('',#4144,#4259);
#4261 = EDGE_CURVE('',#4145,#4255,#4260,.T.);
#4262 = ORIENTED_EDGE('',*,*,#4261,.F.);
#4263 = ORIENTED_EDGE('',*,*,#4153,.F.);
#4264 = DIRECTION('',(0.,0.,1.));
#4265 = VECTOR('',#4264,1.);
#4266 = LINE('',#4142,#4265);
#4267 = EDGE_CURVE('',#4143,#4257,#4266,.T.);
#4268 = ORIENTED_EDGE('',*,*,#4267,.T.);
#4269 = DIRECTION('',(1.,0.,0.));
#4270 = VECTOR('',#4269,1.);
#4271 = LINE('',#4256,#4270);
#4272 = EDGE_CURVE('',#4257,#4255,#4271,.T.);
#4273 = ORIENTED_EDGE('',*,*,#4272,.T.);
#4274 = CARTESIAN_POINT('',(0.8504999999999999,-0.8504999999999999,5.));
#4275 = DIRECTION('',(0.,1.,0.));
#4276 = DIRECTION('',(0.,0.,-1.));
#4277 = AXIS2_PLACEMENT_3D('',#4274,#4275,#4276);
#4278 = PLANE('',#4277);
#4279 = EDGE_LOOP('',(#4262,#4263,#4268,#4273));
#4280 = FACE_OUTER_BOUND('',#4279,.T.);
#4281 = ADVANCED_FACE('',(#4280),#4278,.T.);
#4282 = CARTESIAN_POINT('',(-0.8504999999999999,0.8504999999999999,5.));
#4283 = VERTEX_POINT('',#4282);
#4284 = ORIENTED_EDGE('',*,*,#4267,.F.);
#4285 = ORIENTED_EDGE('',*,*,#4190,.T.);
#4286 = DIRECTION('',(0.,0.,1.));
#4287 = VECTOR('',#4286,1.);
#4288 = LINE('',#4180,#4287);
#4289 = EDGE_CURVE('',#4181,#4283,#4288,.T.);
#4290 = ORIENTED_EDGE('',*,*,#4289,.T.);
#4291 = DIRECTION('',(0.,1.,0.));
#4292 = VECTOR('',#4291,1.);
#4293 = LINE('',#4256,#4292);
#4294 = EDGE_CURVE('',#4257,#4283,#4293,.T.);
#4295 = ORIENTED_EDGE('',*,*,#4294,.F.);
#4296 = CARTESIAN_POINT('',(-0.8504999999999999,-0.8504999999999999,5.));
#4297 = DIRECTION('',(1.,0.,0.));
#4298 = DIRECTION('',(0.,0.,-1.));
#4299 = AXIS2_PLACEMENT_3D('',#4296,#4297,#4298);
#4300 = PLANE('',#4299);
#4301 = EDGE_LOOP('',(#4284,#4285,#4290,#4295));
#4302 = FACE_OUTER_BOUND('',#4301,.T.);
#4303 = ADVANCED_FACE('',(#4302),#4300,.T.);
#4304 = CARTESIAN_POINT('',(0.8504999999999999,0.8504999999999999,5.));
#4305 = VERTEX_POINT('',#4304);
#4306 = DIRECTION('',(0.,0.,1.));
#4307 = VECTOR('',#4306,1.);
#4308 = LINE('',#4206,#4307);
#4309 = EDGE_CURVE('',#4207,#4305,#4308,.T.);
#4310 = ORIENTED_EDGE('',*,*,#4309,.F.);
#4311 = ORIENTED_EDGE('',*,*,#4238,.F.);
#4312 = ORIENTED_EDGE('',*,*,#4261,.T.);
#4313 = DIRECTION('',(0.,1.,0.));
#4314 = VECTOR('',#4313,1.);
#4315 = LINE('',#4254,#4314);
#4316 = EDGE_CURVE('',#4255,#4305,#4315,.T.);
#4317 = ORIENTED_EDGE('',*,*,#4316,.T.);
#4318 = CARTESIAN_POINT('',(0.8504999999999999,0.8504999999999999,5.));
#4319 = DIRECTION('',(-1.,0.,0.));
#4320 = DIRECTION('',(0.,0.,-1.));
#4321 = AXIS2_PLACEMENT_3D('',#4318,#4319,#4320);
#4322 = PLANE('',#4321);
#4323 = EDGE_LOOP('',(#4310,#4311,#4312,#4317));
#4324 = FACE_OUTER_BOUND('',#4323,.T.);
#4325 = ADVANCED_FACE('',(#4324),#4322,.T.);
#4326 = ORIENTED_EDGE('',*,*,#4289,.F.);
#4327 = ORIENTED_EDGE('',*,*,#4213,.T.);
#4328 = ORIENTED_EDGE('',*,*,#4309,.T.);
#4329 = DIRECTION('',(1.,0.,0.));
#4330 = VECTOR('',#4329,1.);
#4331 = LINE('',#4282,#4330);
#4332 = EDGE_CURVE('',#4283,#4305,#4331,.T.);
#4333 = ORIENTED_EDGE('',*,*,#4332,.F.);
#4334 = CARTESIAN_POINT('',(-0.8504999999999999,0.8504999999999999,5.));
#4335 = DIRECTION('',(0.,-1.,0.));
#4336 = DIRECTION('',(0.,0.,-1.));
#4337 = AXIS2_PLACEMENT_3D('',#4334,#4335,#4336);
#4338 = PLANE('',#4337);
#4339 = EDGE_LOOP('',(#4326,#4327,#4328,#4333));
#4340 = FACE_OUTER_BOUND('',#4339,.T.);
#4341 = ADVANCED_FACE('',(#4340),#4338,.T.);
#4342 = DIRECTION('',(0.,0.,1.));
#4343 = VECTOR('',#4342,1.);
#4344 = LINE('',#4080,#4343);
#4345 = EDGE_CURVE('',#4081,#4149,#4344,.T.);
#4346 = ORIENTED_EDGE('',*,*,#4345,.F.);
#4347 = ORIENTED_EDGE('',*,*,#4085,.T.);
#4348 = DIRECTION('',(0.,0.,1.));
#4349 = VECTOR('',#4348,1.);
#4350 = LINE('',#4052,#4349);
#4351 = EDGE_CURVE('',#4053,#4179,#4350,.T.);
#4352 = ORIENTED_EDGE('',*,*,#4351,.T.);
#4353 = ORIENTED_EDGE('',*,*,#4196,.F.);
#4354 = CARTESIAN_POINT('',(-0.4725,-0.4725,4.385399999999999));
#4355 = DIRECTION('',(1.,0.,0.));
#4356 = DIRECTION('',(0.,0.,-1.));
#4357 = AXIS2_PLACEMENT_3D('',#4354,#4355,#4356);
#4358 = PLANE('',#4357);
#4359 = EDGE_LOOP('',(#4346,#4347,#4352,#4353));
#4360 = FACE_OUTER_BOUND('',#4359,.T.);
#4361 = ADVANCED_FACE('',(#4360),#4358,.T.);
#4362 = ORIENTED_EDGE('',*,*,#4244,.T.);
#4363 = DIRECTION('',(0.,0.,1.));
#4364 = VECTOR('',#4363,1.);
#4365 = LINE('',#4050,#4364);
#4366 = EDGE_CURVE('',#4051,#4209,#4365,.T.);
#4367 = ORIENTED_EDGE('',*,*,#4366,.F.);
#4368 = ORIENTED_EDGE('',*,*,#4113,.F.);
#4369 = DIRECTION('',(0.,0.,1.));
#4370 = VECTOR('',#4369,1.);
#4371 = LINE('',#4102,#4370);
#4372 = EDGE_CURVE('',#4103,#4147,#4371,.T.);
#4373 = ORIENTED_EDGE('',*,*,#4372,.T.);
#4374 = CARTESIAN_POINT('',(0.4725,-0.4725,4.385399999999999));
#4375 = DIRECTION('',(-1.,0.,0.));
#4376 = DIRECTION('',(0.,1.,0.));
#4377 = AXIS2_PLACEMENT_3D('',#4374,#4375,#4376);
#4378 = PLANE('',#4377);
#4379 = EDGE_LOOP('',(#4362,#4367,#4368,#4373));
#4380 = FACE_OUTER_BOUND('',#4379,.T.);
#4381 = ADVANCED_FACE('',(#4380),#4378,.T.);
#4382 = ORIENTED_EDGE('',*,*,#4372,.F.);
#4383 = ORIENTED_EDGE('',*,*,#4131,.F.);
#4384 = ORIENTED_EDGE('',*,*,#4345,.T.);
#4385 = ORIENTED_EDGE('',*,*,#4163,.T.);
#4386 = CARTESIAN_POINT('',(0.4725,-0.4725,4.385399999999999));
#4387 = DIRECTION('',(0.,1.,0.));
#4388 = DIRECTION('',(0.,0.,-1.));
#4389 = AXIS2_PLACEMENT_3D('',#4386,#4387,#4388);
#4390 = PLANE('',#4389);
#4391 = EDGE_LOOP('',(#4382,#4383,#4384,#4385));
#4392 = FACE_OUTER_BOUND('',#4391,.T.);
#4393 = ADVANCED_FACE('',(#4392),#4390,.T.);
#4394 = ORIENTED_EDGE('',*,*,#4351,.F.);
#4395 = ORIENTED_EDGE('',*,*,#4063,.T.);
#4396 = ORIENTED_EDGE('',*,*,#4366,.T.);
#4397 = ORIENTED_EDGE('',*,*,#4219,.F.);
#4398 = CARTESIAN_POINT('',(-0.4725,0.4725,4.385399999999999));
#4399 = DIRECTION('',(0.,-1.,0.));
#4400 = DIRECTION('',(0.,0.,-1.));
#4401 = AXIS2_PLACEMENT_3D('',#4398,#4399,#4400);
#4402 = PLANE('',#4401);
#4403 = EDGE_LOOP('',(#4394,#4395,#4396,#4397));
#4404 = FACE_OUTER_BOUND('',#4403,.T.);
#4405 = ADVANCED_FACE('',(#4404),#4402,.T.);
#4406 = ORIENTED_EDGE('',*,*,#3916,.F.);
#4407 = DIRECTION('',(-1.,0.,0.));
#4408 = VECTOR('',#4407,1.);
#4409 = LINE('',#4282,#4408);
#4410 = EDGE_CURVE('',#4283,#3889,#4409,.T.);
#4411 = ORIENTED_EDGE('',*,*,#4410,.F.);
#4412 = ORIENTED_EDGE('',*,*,#4332,.T.);
#4413 = DIRECTION('',(1.,0.,0.));
#4414 = VECTOR('',#4413,1.);
#4415 = LINE('',#4304,#4414);
#4416 = EDGE_CURVE('',#4305,#3957,#4415,.T.);
#4417 = ORIENTED_EDGE('',*,*,#4416,.T.);
#4418 = ORIENTED_EDGE('',*,*,#3985,.T.);
#4419 = ORIENTED_EDGE('',*,*,#4034,.F.);
#4420 = CARTESIAN_POINT('',(-1.27,1.27,5.));
#4421 = DIRECTION('',(0.,0.,1.));
#4422 = DIRECTION('',(0.,-1.,0.));
#4423 = AXIS2_PLACEMENT_3D('',#4420,#4421,#4422);
#4424 = PLANE('',#4423);
#4425 = EDGE_LOOP('',(#4406,#4411,#4412,#4417,#4418,#4419));
#4426 = FACE_OUTER_BOUND('',#4425,.T.);
#4427 = ADVANCED_FACE('',(#4426),#4424,.T.);
#4428 = ORIENTED_EDGE('',*,*,#4316,.F.);
#4429 = DIRECTION('',(1.,0.,0.));
#4430 = VECTOR('',#4429,1.);
#4431 = LINE('',#4254,#4430);
#4432 = EDGE_CURVE('',#4255,#3959,#4431,.T.);
#4433 = ORIENTED_EDGE('',*,*,#4432,.T.);
#4434 = ORIENTED_EDGE('',*,*,#3990,.T.);
#4435 = ORIENTED_EDGE('',*,*,#4416,.F.);
#4436 = CARTESIAN_POINT('',(0.8504999999999999,0.8504999999999999,5.));
#4437 = DIRECTION('',(0.,0.,1.));
#4438 = DIRECTION('',(0.,-1.,0.));
#4439 = AXIS2_PLACEMENT_3D('',#4436,#4437,#4438);
#4440 = PLANE('',#4439);
#4441 = EDGE_LOOP('',(#4428,#4433,#4434,#4435));
#4442 = FACE_OUTER_BOUND('',#4441,.T.);
#4443 = ADVANCED_FACE('',(#4442),#4440,.T.);
#4444 = ORIENTED_EDGE('',*,*,#3911,.F.);
#4445 = DIRECTION('',(-1.,0.,0.));
#4446 = VECTOR('',#4445,1.);
#4447 = LINE('',#4256,#4446);
#4448 = EDGE_CURVE('',#4257,#3887,#4447,.T.);
#4449 = ORIENTED_EDGE('',*,*,#4448,.F.);
#4450 = ORIENTED_EDGE('',*,*,#4294,.T.);
#4451 = ORIENTED_EDGE('',*,*,#4410,.T.);
#4452 = CARTESIAN_POINT('',(-1.27,0.8504999999999999,5.));
#4453 = DIRECTION('',(0.,0.,1.));
#4454 = DIRECTION('',(0.,-1.,0.));
#4455 = AXIS2_PLACEMENT_3D('',#4452,#4453,#4454);
#4456 = PLANE('',#4455);
#4457 = EDGE_LOOP('',(#4444,#4449,#4450,#4451));
#4458 = FACE_OUTER_BOUND('',#4457,.T.);
#4459 = ADVANCED_FACE('',(#4458),#4456,.T.);
#4460 = ORIENTED_EDGE('',*,*,#3906,.T.);
#4461 = ORIENTED_EDGE('',*,*,#4019,.T.);
#4462 = ORIENTED_EDGE('',*,*,#3995,.F.);
#4463 = ORIENTED_EDGE('',*,*,#4432,.F.);
#4464 = ORIENTED_EDGE('',*,*,#4272,.F.);
#4465 = ORIENTED_EDGE('',*,*,#4448,.T.);
#4466 = CARTESIAN_POINT('',(-1.27,-0.8504999999999999,5.));
#4467 = DIRECTION('',(0.,0.,1.));
#4468 = DIRECTION('',(0.,-1.,0.));
#4469 = AXIS2_PLACEMENT_3D('',#4466,#4467,#4468);
#4470 = PLANE('',#4469);
#4471 = EDGE_LOOP('',(#4460,#4461,#4462,#4463,#4464,#4465));
#4472 = FACE_OUTER_BOUND('',#4471,.T.);
#4473 = ADVANCED_FACE('',(#4472),#4470,.T.);
#4474 = CLOSED_SHELL('',(#3945,#4009,#4029,#4049,#4079,#4101,#4123,#4141,#4177,#4205,#4233,#4253,#4281,#4303,#4325,#4341,#4361,#4381,#4393,#4405,#4427,#4443,#4459,#4473));
#4475 = MANIFOLD_SOLID_BREP('',#4474);
#4476 = COLOUR_RGB('',0.10196078431372549,0.10196078431372549,0.10196078431372549);
#4477 = FILL_AREA_STYLE_COLOUR('',#4476);
#4478 = FILL_AREA_STYLE('',(#4477));
#4479 = SURFACE_STYLE_FILL_AREA(#4478);
#4480 = SURFACE_SIDE_STYLE('',(#4479));
#4481 = SURFACE_STYLE_USAGE(.BOTH.,#4480);
#4482 = PRESENTATION_STYLE_ASSIGNMENT((#4481));
#4483 = STYLED_ITEM('',(#4482),#4475);
#4484 = CARTESIAN_POINT('',(0.315,-0.315,0.));
#4485 = VERTEX_POINT('',#4484);
#4486 = CARTESIAN_POINT('',(0.315,0.315,0.));
#4487 = VERTEX_POINT('',#4486);
#4488 = CARTESIAN_POINT('',(-0.315,0.315,0.));
#4489 = VERTEX_POINT('',#4488);
#4490 = CARTESIAN_POINT('',(-0.315,-0.315,0.));
#4491 = VERTEX_POINT('',#4490);
#4492 = DIRECTION('',(0.,1.,0.));
#4493 = VECTOR('',#4492,1.);
#4494 = LINE('',#4484,#4493);
#4495 = EDGE_CURVE('',#4485,#4487,#4494,.T.);
#4496 = ORIENTED_EDGE('',*,*,#4495,.T.);
#4497 = DIRECTION('',(1.,0.,0.));
#4498 = VECTOR('',#4497,1.);
#4499 = LINE('',#4488,#4498);
#4500 = EDGE_CURVE('',#4489,#4487,#4499,.T.);
#4501 = ORIENTED_EDGE('',*,*,#4500,.F.);
#4502 = DIRECTION('',(0.,1.,0.));
#4503 = VECTOR('',#4502,1.);
#4504 = LINE('',#4490,#4503);
#4505 = EDGE_CURVE('',#4491,#4489,#4504,.T.);
#4506 = ORIENTED_EDGE('',*,*,#4505,.F.);
#4507 = DIRECTION('',(1.,0.,0.));
#4508 = VECTOR('',#4507,1.);
#4509 = LINE('',#4490,#4508);
#4510 = EDGE_CURVE('',#4491,#4485,#4509,.T.);
#4511 = ORIENTED_EDGE('',*,*,#4510,.T.);
#4512 = CARTESIAN_POINT('',(0.315,-0.315,0.));
#4513 = DIRECTION('',(0.,0.,1.));
#4514 = DIRECTION('',(0.,1.,0.));
#4515 = AXIS2_PLACEMENT_3D('',#4512,#4513,#4514);
#4516 = PLANE('',#4515);
#4517 = EDGE_LOOP('',(#4496,#4501,#4506,#4511));
#4518 = FACE_OUTER_BOUND('',#4517,.T.);
#4519 = ADVANCED_FACE('',(#4518),#4516,.T.);
#4520 = CARTESIAN_POINT('',(-0.315,0.315,-2.7));
#4521 = VERTEX_POINT('',#4520);
#4522 = CARTESIAN_POINT('',(0.315,0.315,-2.7));
#4523 = VERTEX_POINT('',#4522);
#4524 = DIRECTION('',(0.,0.,1.));
#4525 = VECTOR('',#4524,1.);
#4526 = LINE('',#4520,#4525);
#4527 = EDGE_CURVE('',#4521,#4489,#4526,.T.);
#4528 = ORIENTED_EDGE('',*,*,#4527,.T.);
#4529 = ORIENTED_EDGE('',*,*,#4500,.T.);
#4530 = DIRECTION('',(0.,0.,1.));
#4531 = VECTOR('',#4530,1.);
#4532 = LINE('',#4522,#4531);
#4533 = EDGE_CURVE('',#4523,#4487,#4532,.T.);
#4534 = ORIENTED_EDGE('',*,*,#4533,.F.);
#4535 = DIRECTION('',(1.,0.,0.));
#4536 = VECTOR('',#4535,1.);
#4537 = LINE('',#4520,#4536);
#4538 = EDGE_CURVE('',#4521,#4523,#4537,.T.);
#4539 = ORIENTED_EDGE('',*,*,#4538,.F.);
#4540 = CARTESIAN_POINT('',(-0.315,0.315,-2.7));
#4541 = DIRECTION('',(0.,1.,0.));
#4542 = DIRECTION('',(0.,0.,1.));
#4543 = AXIS2_PLACEMENT_3D('',#4540,#4541,#4542);
#4544 = PLANE('',#4543);
#4545 = EDGE_LOOP('',(#4528,#4529,#4534,#4539));
#4546 = FACE_OUTER_BOUND('',#4545,.T.);
#4547 = ADVANCED_FACE('',(#4546),#4544,.T.);
#4548 = CARTESIAN_POINT('',(-0.315,-0.315,-2.7));
#4549 = VERTEX_POINT('',#4548);
#4550 = DIRECTION('',(0.,1.,0.));
#4551 = VECTOR('',#4550,1.);
#4552 = LINE('',#4548,#4551);
#4553 = EDGE_CURVE('',#4549,#4521,#4552,.T.);
#4554 = ORIENTED_EDGE('',*,*,#4553,.F.);
#4555 = DIRECTION('',(0.,0.,1.));
#4556 = VECTOR('',#4555,1.);
#4557 = LINE('',#4548,#4556);
#4558 = EDGE_CURVE('',#4549,#4491,#4557,.T.);
#4559 = ORIENTED_EDGE('',*,*,#4558,.T.);
#4560 = ORIENTED_EDGE('',*,*,#4505,.T.);
#4561 = ORIENTED_EDGE('',*,*,#4527,.F.);
#4562 = CARTESIAN_POINT('',(-0.315,0.315,-2.7));
#4563 = DIRECTION('',(-1.,0.,0.));
#4564 = DIRECTION('',(0.,-1.,0.));
#4565 = AXIS2_PLACEMENT_3D('',#4562,#4563,#4564);
#4566 = PLANE('',#4565);
#4567 = EDGE_LOOP('',(#4554,#4559,#4560,#4561));
#4568 = FACE_OUTER_BOUND('',#4567,.T.);
#4569 = ADVANCED_FACE('',(#4568),#4566,.T.);
#4570 = CARTESIAN_POINT('',(0.315,-0.315,-2.7));
#4571 = VERTEX_POINT('',#4570);
#4572 = DIRECTION('',(0.,1.,0.));
#4573 = VECTOR('',#4572,1.);
#4574 = LINE('',#4570,#4573);
#4575 = EDGE_CURVE('',#4571,#4523,#4574,.T.);
#4576 = ORIENTED_EDGE('',*,*,#4575,.T.);
#4577 = ORIENTED_EDGE('',*,*,#4533,.T.);
#4578 = ORIENTED_EDGE('',*,*,#4495,.F.);
#4579 = DIRECTION('',(0.,0.,1.));
#4580 = VECTOR('',#4579,1.);
#4581 = LINE('',#4570,#4580);
#4582 = EDGE_CURVE('',#4571,#4485,#4581,.T.);
#4583 = ORIENTED_EDGE('',*,*,#4582,.F.);
#4584 = CARTESIAN_POINT('',(0.315,-0.315,-2.7));
#4585 = DIRECTION('',(1.,0.,0.));
#4586 = DIRECTION('',(0.,1.,0.));
#4587 = AXIS2_PLACEMENT_3D('',#4584,#4585,#4586);
#4588 = PLANE('',#4587);
#4589 = EDGE_LOOP('',(#4576,#4577,#4578,#4583));
#4590 = FACE_OUTER_BOUND('',#4589,.T.);
#4591 = ADVANCED_FACE('',(#4590),#4588,.T.);
#4592 = ORIENTED_EDGE('',*,*,#4582,.T.);
#4593 = ORIENTED_EDGE('',*,*,#4510,.F.);
#4594 = ORIENTED_EDGE('',*,*,#4558,.F.);
#4595 = DIRECTION('',(1.,0.,0.));
#4596 = VECTOR('',#4595,1.);
#4597 = LINE('',#4548,#4596);
#4598 = EDGE_CURVE('',#4549,#4571,#4597,.T.);
#4599 = ORIENTED_EDGE('',*,*,#4598,.T.);
#4600 = CARTESIAN_POINT('',(0.315,-0.315,-2.7));
#4601 = DIRECTION('',(0.,-1.,0.));
#4602 = DIRECTION('',(0.,0.,1.));
#4603 = AXIS2_PLACEMENT_3D('',#4600,#4601,#4602);
#4604 = PLANE('',#4603);
#4605 = EDGE_LOOP('',(#4592,#4593,#4594,#4599));
#4606 = FACE_OUTER_BOUND('',#4605,.T.);
#4607 = ADVANCED_FACE('',(#4606),#4604,.T.);
#4608 = CARTESIAN_POINT('',(-0.175,0.175,-3.));
#4609 = VERTEX_POINT('',#4608);
#4610 = CARTESIAN_POINT('',(0.175,0.175,-3.));
#4611 = VERTEX_POINT('',#4610);
#4612 = DIRECTION('',(-0.38949041885226027,0.38949041885226027,0.8346223261119857));
#4613 = VECTOR('',#4612,1.);
#4614 = LINE('',#4608,#4613);
#4615 = EDGE_CURVE('',#4609,#4521,#4614,.T.);
#4616 = ORIENTED_EDGE('',*,*,#4615,.T.);
#4617 = ORIENTED_EDGE('',*,*,#4538,.T.);
#4618 = DIRECTION('',(0.38949041885226027,0.38949041885226027,0.8346223261119857));
#4619 = VECTOR('',#4618,1.);
#4620 = LINE('',#4610,#4619);
#4621 = EDGE_CURVE('',#4611,#4523,#4620,.T.);
#4622 = ORIENTED_EDGE('',*,*,#4621,.F.);
#4623 = DIRECTION('',(1.,0.,0.));
#4624 = VECTOR('',#4623,1.);
#4625 = LINE('',#4608,#4624);
#4626 = EDGE_CURVE('',#4609,#4611,#4625,.T.);
#4627 = ORIENTED_EDGE('',*,*,#4626,.F.);
#4628 = CARTESIAN_POINT('',(-0.175,0.175,-3.));
#4629 = DIRECTION('',(0.,0.9061831399952652,-0.4228854653311242));
#4630 = DIRECTION('',(-0.38949041885226027,0.38949041885226027,0.8346223261119857));
#4631 = AXIS2_PLACEMENT_3D('',#4628,#4629,#4630);
#4632 = PLANE('',#4631);
#4633 = EDGE_LOOP('',(#4616,#4617,#4622,#4627));
#4634 = FACE_OUTER_BOUND('',#4633,.T.);
#4635 = ADVANCED_FACE('',(#4634),#4632,.T.);
#4636 = CARTESIAN_POINT('',(-0.175,-0.175,-3.));
#4637 = VERTEX_POINT('',#4636);
#4638 = DIRECTION('',(0.,1.,0.));
#4639 = VECTOR('',#4638,1.);
#4640 = LINE('',#4636,#4639);
#4641 = EDGE_CURVE('',#4637,#4609,#4640,.T.);
#4642 = ORIENTED_EDGE('',*,*,#4641,.F.);
#4643 = DIRECTION('',(-0.38949041885226027,-0.38949041885226027,0.8346223261119857));
#4644 = VECTOR('',#4643,1.);
#4645 = LINE('',#4636,#4644);
#4646 = EDGE_CURVE('',#4637,#4549,#4645,.T.);
#4647 = ORIENTED_EDGE('',*,*,#4646,.T.);
#4648 = ORIENTED_EDGE('',*,*,#4553,.T.);
#4649 = ORIENTED_EDGE('',*,*,#4615,.F.);
#4650 = CARTESIAN_POINT('',(-0.175,0.175,-3.));
#4651 = DIRECTION('',(-0.9061831399952652,0.,-0.42288546533112426));
#4652 = DIRECTION('',(0.,-1.,0.));
#4653 = AXIS2_PLACEMENT_3D('',#4650,#4651,#4652);
#4654 = PLANE('',#4653);
#4655 = EDGE_LOOP('',(#4642,#4647,#4648,#4649));
#4656 = FACE_OUTER_BOUND('',#4655,.T.);
#4657 = ADVANCED_FACE('',(#4656),#4654,.T.);
#4658 = CARTESIAN_POINT('',(0.175,-0.175,-3.));
#4659 = VERTEX_POINT('',#4658);
#4660 = DIRECTION('',(1.,0.,0.));
#4661 = VECTOR('',#4660,1.);
#4662 = LINE('',#4636,#4661);
#4663 = EDGE_CURVE('',#4637,#4659,#4662,.T.);
#4664 = ORIENTED_EDGE('',*,*,#4663,.F.);
#4665 = ORIENTED_EDGE('',*,*,#4641,.T.);
#4666 = ORIENTED_EDGE('',*,*,#4626,.T.);
#4667 = DIRECTION('',(0.,1.,0.));
#4668 = VECTOR('',#4667,1.);
#4669 = LINE('',#4658,#4668);
#4670 = EDGE_CURVE('',#4659,#4611,#4669,.T.);
#4671 = ORIENTED_EDGE('',*,*,#4670,.F.);
#4672 = CARTESIAN_POINT('',(0.175,-0.175,-3.));
#4673 = DIRECTION('',(0.,0.,-1.));
#4674 = DIRECTION('',(-1.,0.,0.));
#4675 = AXIS2_PLACEMENT_3D('',#4672,#4673,#4674);
#4676 = PLANE('',#4675);
#4677 = EDGE_LOOP('',(#4664,#4665,#4666,#4671));
#4678 = FACE_OUTER_BOUND('',#4677,.T.);
#4679 = ADVANCED_FACE('',(#4678),#4676,.T.);
#4680 = ORIENTED_EDGE('',*,*,#4670,.T.);
#4681 = ORIENTED_EDGE('',*,*,#4621,.T.);
#4682 = ORIENTED_EDGE('',*,*,#4575,.F.);
#4683 = DIRECTION('',(0.38949041885226027,-0.38949041885226027,0.8346223261119857));
#4684 = VECTOR('',#4683,1.);
#4685 = LINE('',#4658,#4684);
#4686 = EDGE_CURVE('',#4659,#4571,#4685,.T.);
#4687 = ORIENTED_EDGE('',*,*,#4686,.F.);
#4688 = CARTESIAN_POINT('',(0.175,-0.175,-3.));
#4689 = DIRECTION('',(0.9061831399952652,0.,-0.42288546533112426));
#4690 = DIRECTION('',(0.,1.,0.));
#4691 = AXIS2_PLACEMENT_3D('',#4688,#4689,#4690);
#4692 = PLANE('',#4691);
#4693 = EDGE_LOOP('',(#4680,#4681,#4682,#4687));
#4694 = FACE_OUTER_BOUND('',#4693,.T.);
#4695 = ADVANCED_FACE('',(#4694),#4692,.T.);
#4696 = ORIENTED_EDGE('',*,*,#4686,.T.);
#4697 = ORIENTED_EDGE('',*,*,#4598,.F.);
#4698 = ORIENTED_EDGE('',*,*,#4646,.F.);
#4699 = ORIENTED_EDGE('',*,*,#4663,.T.);
#4700 = CARTESIAN_POINT('',(0.175,-0.175,-3.));
#4701 = DIRECTION('',(0.,-0.9061831399952652,-0.4228854653311242));
#4702 = DIRECTION('',(0.38949041885226027,-0.38949041885226027,0.8346223261119857));
#4703 = AXIS2_PLACEMENT_3D('',#4700,#4701,#4702);
#4704 = PLANE('',#4703);
#4705 = EDGE_LOOP('',(#4696,#4697,#4698,#4699));
#4706 = FACE_OUTER_BOUND('',#4705,.T.);
#4707 = ADVANCED_FACE('',(#4706),#4704,.T.);
#4708 = CLOSED_SHELL('',(#4519,#4547,#4569,#4591,#4607,#4635,#4657,#4679,#4695,#4707));
#4709 = MANIFOLD_SOLID_BREP('',#4708);
#4710 = CARTESIAN_POINT('',(-0.504,-0.504,0.));
#4711 = VERTEX_POINT('',#4710);
#4712 = CARTESIAN_POINT('',(-0.504,-0.504,0.504));
#4713 = VERTEX_POINT('',#4712);
#4714 = CARTESIAN_POINT('',(-0.504,0.504,0.504));
#4715 = VERTEX_POINT('',#4714);
#4716 = CARTESIAN_POINT('',(-0.504,0.504,0.));
#4717 = VERTEX_POINT('',#4716);
#4718 = DIRECTION('',(0.,0.,1.));
#4719 = VECTOR('',#4718,1.);
#4720 = LINE('',#4710,#4719);
#4721 = EDGE_CURVE('',#4711,#4713,#4720,.T.);
#4722 = ORIENTED_EDGE('',*,*,#4721,.T.);
#4723 = DIRECTION('',(0.,1.,0.));
#4724 = VECTOR('',#4723,1.);
#4725 = LINE('',#4712,#4724);
#4726 = EDGE_CURVE('',#4713,#4715,#4725,.T.);
#4727 = ORIENTED_EDGE('',*,*,#4726,.T.);
#4728 = DIRECTION('',(0.,0.,1.));
#4729 = VECTOR('',#4728,1.);
#4730 = LINE('',#4716,#4729);
#4731 = EDGE_CURVE('',#4717,#4715,#4730,.T.);
#4732 = ORIENTED_EDGE('',*,*,#4731,.F.);
#4733 = DIRECTION('',(0.,1.,0.));
#4734 = VECTOR('',#4733,1.);
#4735 = LINE('',#4710,#4734);
#4736 = EDGE_CURVE('',#4711,#4717,#4735,.T.);
#4737 = ORIENTED_EDGE('',*,*,#4736,.F.);
#4738 = CARTESIAN_POINT('',(-0.504,-0.504,0.));
#4739 = DIRECTION('',(-1.,0.,0.));
#4740 = DIRECTION('',(0.,0.,1.));
#4741 = AXIS2_PLACEMENT_3D('',#4738,#4739,#4740);
#4742 = PLANE('',#4741);
#4743 = EDGE_LOOP('',(#4722,#4727,#4732,#4737));
#4744 = FACE_OUTER_BOUND('',#4743,.T.);
#4745 = ADVANCED_FACE('',(#4744),#4742,.T.);
#4746 = CARTESIAN_POINT('',(0.504,-0.504,0.));
#4747 = VERTEX_POINT('',#4746);
#4748 = CARTESIAN_POINT('',(0.504,0.504,0.));
#4749 = VERTEX_POINT('',#4748);
#4750 = CARTESIAN_POINT('',(0.504,0.504,0.504));
#4751 = VERTEX_POINT('',#4750);
#4752 = CARTESIAN_POINT('',(0.504,-0.504,0.504));
#4753 = VERTEX_POINT('',#4752);
#4754 = DIRECTION('',(0.,1.,0.));
#4755 = VECTOR('',#4754,1.);
#4756 = LINE('',#4746,#4755);
#4757 = EDGE_CURVE('',#4747,#4749,#4756,.T.);
#4758 = ORIENTED_EDGE('',*,*,#4757,.T.);
#4759 = DIRECTION('',(0.,0.,1.));
#4760 = VECTOR('',#4759,1.);
#4761 = LINE('',#4748,#4760);
#4762 = EDGE_CURVE('',#4749,#4751,#4761,.T.);
#4763 = ORIENTED_EDGE('',*,*,#4762,.T.);
#4764 = DIRECTION('',(0.,1.,0.));
#4765 = VECTOR('',#4764,1.);
#4766 = LINE('',#4752,#4765);
#4767 = EDGE_CURVE('',#4753,#4751,#4766,.T.);
#4768 = ORIENTED_EDGE('',*,*,#4767,.F.);
#4769 = DIRECTION('',(0.,0.,1.));
#4770 = VECTOR('',#4769,1.);
#4771 = LINE('',#4746,#4770);
#4772 = EDGE_CURVE('',#4747,#4753,#4771,.T.);
#4773 = ORIENTED_EDGE('',*,*,#4772,.F.);
#4774 = CARTESIAN_POINT('',(0.504,-0.504,0.));
#4775 = DIRECTION('',(1.,0.,0.));
#4776 = DIRECTION('',(0.,1.,0.));
#4777 = AXIS2_PLACEMENT_3D('',#4774,#4775,#4776);
#4778 = PLANE('',#4777);
#4779 = EDGE_LOOP('',(#4758,#4763,#4768,#4773));
#4780 = FACE_OUTER_BOUND('',#4779,.T.);
#4781 = ADVANCED_FACE('',(#4780),#4778,.T.);
#4782 = DIRECTION('',(1.,0.,0.));
#4783 = VECTOR('',#4782,1.);
#4784 = LINE('',#4710,#4783);
#4785 = EDGE_CURVE('',#4711,#4747,#4784,.T.);
#4786 = ORIENTED_EDGE('',*,*,#4785,.T.);
#4787 = ORIENTED_EDGE('',*,*,#4772,.T.);
#4788 = DIRECTION('',(1.,0.,0.));
#4789 = VECTOR('',#4788,1.);
#4790 = LINE('',#4712,#4789);
#4791 = EDGE_CURVE('',#4713,#4753,#4790,.T.);
#4792 = ORIENTED_EDGE('',*,*,#4791,.F.);
#4793 = ORIENTED_EDGE('',*,*,#4721,.F.);
#4794 = CARTESIAN_POINT('',(-0.504,-0.504,0.));
#4795 = DIRECTION('',(0.,-1.,0.));
#4796 = DIRECTION('',(1.,0.,0.));
#4797 = AXIS2_PLACEMENT_3D('',#4794,#4795,#4796);
#4798 = PLANE('',#4797);
#4799 = EDGE_LOOP('',(#4786,#4787,#4792,#4793));
#4800 = FACE_OUTER_BOUND('',#4799,.T.);
#4801 = ADVANCED_FACE('',(#4800),#4798,.T.);
#4802 = ORIENTED_EDGE('',*,*,#4731,.T.);
#4803 = DIRECTION('',(1.,0.,0.));
#4804 = VECTOR('',#4803,1.);
#4805 = LINE('',#4714,#4804);
#4806 = EDGE_CURVE('',#4715,#4751,#4805,.T.);
#4807 = ORIENTED_EDGE('',*,*,#4806,.T.);
#4808 = ORIENTED_EDGE('',*,*,#4762,.F.);
#4809 = DIRECTION('',(1.,0.,0.));
#4810 = VECTOR('',#4809,1.);
#4811 = LINE('',#4716,#4810);
#4812 = EDGE_CURVE('',#4717,#4749,#4811,.T.);
#4813 = ORIENTED_EDGE('',*,*,#4812,.F.);
#4814 = CARTESIAN_POINT('',(-0.504,0.504,0.));
#4815 = DIRECTION('',(0.,1.,0.));
#4816 = DIRECTION('',(0.,0.,1.));
#4817 = AXIS2_PLACEMENT_3D('',#4814,#4815,#4816);
#4818 = PLANE('',#4817);
#4819 = EDGE_LOOP('',(#4802,#4807,#4808,#4813));
#4820 = FACE_OUTER_BOUND('',#4819,.T.);
#4821 = ADVANCED_FACE('',(#4820),#4818,.T.);
#4822 = ORIENTED_EDGE('',*,*,#4736,.T.);
#4823 = ORIENTED_EDGE('',*,*,#4812,.T.);
#4824 = ORIENTED_EDGE('',*,*,#4757,.F.);
#4825 = ORIENTED_EDGE('',*,*,#4785,.F.);
#4826 = CARTESIAN_POINT('',(-0.504,-0.504,0.));
#4827 = DIRECTION('',(0.,0.,-1.));
#4828 = DIRECTION('',(0.,1.,0.));
#4829 = AXIS2_PLACEMENT_3D('',#4826,#4827,#4828);
#4830 = PLANE('',#4829);
#4831 = EDGE_LOOP('',(#4822,#4823,#4824,#4825));
#4832 = FACE_OUTER_BOUND('',#4831,.T.);
#4833 = ADVANCED_FACE('',(#4832),#4830,.T.);
#4834 = ORIENTED_EDGE('',*,*,#4791,.T.);
#4835 = ORIENTED_EDGE('',*,*,#4767,.T.);
#4836 = ORIENTED_EDGE('',*,*,#4806,.F.);
#4837 = ORIENTED_EDGE('',*,*,#4726,.F.);
#4838 = CARTESIAN_POINT('',(-0.504,-0.504,0.504));
#4839 = DIRECTION('',(0.,0.,1.));
#4840 = DIRECTION('',(1.,0.,0.));
#4841 = AXIS2_PLACEMENT_3D('',#4838,#4839,#4840);
#4842 = PLANE('',#4841);
#4843 = EDGE_LOOP('',(#4834,#4835,#4836,#4837));
#4844 = FACE_OUTER_BOUND('',#4843,.T.);
#4845 = ADVANCED_FACE('',(#4844),#4842,.T.);
#4846 = CLOSED_SHELL('',(#4745,#4781,#4801,#4821,#4833,#4845));
#4847 = MANIFOLD_SOLID_BREP('',#4846);
#4848 = CARTESIAN_POINT('',(1.2699999999999991,-1.27,0.));
#4849 = VERTEX_POINT('',#4848);
#4850 = CARTESIAN_POINT('',(1.2699999999999991,-1.27,5.));
#4851 = VERTEX_POINT('',#4850);
#4852 = CARTESIAN_POINT('',(1.2699999999999991,-0.8504999999999999,5.));
#4853 = VERTEX_POINT('',#4852);
#4854 = CARTESIAN_POINT('',(1.2699999999999991,0.8504999999999999,5.));
#4855 = VERTEX_POINT('',#4854);
#4856 = CARTESIAN_POINT('',(1.2699999999999991,1.27,5.));
#4857 = VERTEX_POINT('',#4856);
#4858 = CARTESIAN_POINT('',(1.2699999999999991,1.27,0.));
#4859 = VERTEX_POINT('',#4858);
#4860 = CARTESIAN_POINT('',(1.2699999999999991,0.4724999999999999,0.));
#4861 = VERTEX_POINT('',#4860);
#4862 = CARTESIAN_POINT('',(1.2699999999999991,-0.4724999999999999,0.));
#4863 = VERTEX_POINT('',#4862);
#4864 = DIRECTION('',(0.,0.,1.));
#4865 = VECTOR('',#4864,1.);
#4866 = LINE('',#4848,#4865);
#4867 = EDGE_CURVE('',#4849,#4851,#4866,.T.);
#4868 = ORIENTED_EDGE('',*,*,#4867,.T.);
#4869 = DIRECTION('',(0.,-1.,0.));
#4870 = VECTOR('',#4869,1.);
#4871 = LINE('',#4852,#4870);
#4872 = EDGE_CURVE('',#4853,#4851,#4871,.T.);
#4873 = ORIENTED_EDGE('',*,*,#4872,.F.);
#4874 = DIRECTION('',(0.,1.,0.));
#4875 = VECTOR('',#4874,1.);
#4876 = LINE('',#4852,#4875);
#4877 = EDGE_CURVE('',#4853,#4855,#4876,.T.);
#4878 = ORIENTED_EDGE('',*,*,#4877,.T.);
#4879 = DIRECTION('',(0.,1.,0.));
#4880 = VECTOR('',#4879,1.);
#4881 = LINE('',#4854,#4880);
#4882 = EDGE_CURVE('',#4855,#4857,#4881,.T.);
#4883 = ORIENTED_EDGE('',*,*,#4882,.T.);
#4884 = DIRECTION('',(0.,0.,1.));
#4885 = VECTOR('',#4884,1.);
#4886 = LINE('',#4858,#4885);
#4887 = EDGE_CURVE('',#4859,#4857,#4886,.T.);
#4888 = ORIENTED_EDGE('',*,*,#4887,.F.);
#4889 = DIRECTION('',(0.,1.,0.));
#4890 = VECTOR('',#4889,1.);
#4891 = LINE('',#4860,#4890);
#4892 = EDGE_CURVE('',#4861,#4859,#4891,.T.);
#4893 = ORIENTED_EDGE('',*,*,#4892,.F.);
#4894 = DIRECTION('',(0.,1.,0.));
#4895 = VECTOR('',#4894,1.);
#4896 = LINE('',#4862,#4895);
#4897 = EDGE_CURVE('',#4863,#4861,#4896,.T.);
#4898 = ORIENTED_EDGE('',*,*,#4897,.F.);
#4899 = DIRECTION('',(0.,-1.,0.));
#4900 = VECTOR('',#4899,1.);
#4901 = LINE('',#4862,#4900);
#4902 = EDGE_CURVE('',#4863,#4849,#4901,.T.);
#4903 = ORIENTED_EDGE('',*,*,#4902,.T.);
#4904 = CARTESIAN_POINT('',(1.2699999999999991,-1.27,0.));
#4905 = DIRECTION('',(-1.,0.,0.));
#4906 = DIRECTION('',(0.,0.,1.));
#4907 = AXIS2_PLACEMENT_3D('',#4904,#4905,#4906);
#4908 = PLANE('',#4907);
#4909 = EDGE_LOOP('',(#4868,#4873,#4878,#4883,#4888,#4893,#4898,#4903));
#4910 = FACE_OUTER_BOUND('',#4909,.T.);
#4911 = ADVANCED_FACE('',(#4910),#4908,.T.);
#4912 = CARTESIAN_POINT('',(3.809999999999999,-1.27,0.));
#4913 = VERTEX_POINT('',#4912);
#4914 = CARTESIAN_POINT('',(3.809999999999999,-0.4724999999999999,0.));
#4915 = VERTEX_POINT('',#4914);
#4916 = CARTESIAN_POINT('',(3.809999999999999,0.4724999999999999,0.));
#4917 = VERTEX_POINT('',#4916);
#4918 = CARTESIAN_POINT('',(3.809999999999999,1.27,0.));
#4919 = VERTEX_POINT('',#4918);
#4920 = CARTESIAN_POINT('',(3.809999999999999,1.27,5.));
#4921 = VERTEX_POINT('',#4920);
#4922 = CARTESIAN_POINT('',(3.809999999999999,0.8504999999999999,5.));
#4923 = VERTEX_POINT('',#4922);
#4924 = CARTESIAN_POINT('',(3.809999999999999,-0.8504999999999999,5.));
#4925 = VERTEX_POINT('',#4924);
#4926 = CARTESIAN_POINT('',(3.809999999999999,-1.27,5.));
#4927 = VERTEX_POINT('',#4926);
#4928 = DIRECTION('',(0.,-1.,0.));
#4929 = VECTOR('',#4928,1.);
#4930 = LINE('',#4914,#4929);
#4931 = EDGE_CURVE('',#4915,#4913,#4930,.T.);
#4932 = ORIENTED_EDGE('',*,*,#4931,.F.);
#4933 = DIRECTION('',(0.,1.,0.));
#4934 = VECTOR('',#4933,1.);
#4935 = LINE('',#4914,#4934);
#4936 = EDGE_CURVE('',#4915,#4917,#4935,.T.);
#4937 = ORIENTED_EDGE('',*,*,#4936,.T.);
#4938 = DIRECTION('',(0.,1.,0.));
#4939 = VECTOR('',#4938,1.);
#4940 = LINE('',#4916,#4939);
#4941 = EDGE_CURVE('',#4917,#4919,#4940,.T.);
#4942 = ORIENTED_EDGE('',*,*,#4941,.T.);
#4943 = DIRECTION('',(0.,0.,1.));
#4944 = VECTOR('',#4943,1.);
#4945 = LINE('',#4918,#4944);
#4946 = EDGE_CURVE('',#4919,#4921,#4945,.T.);
#4947 = ORIENTED_EDGE('',*,*,#4946,.T.);
#4948 = DIRECTION('',(0.,1.,0.));
#4949 = VECTOR('',#4948,1.);
#4950 = LINE('',#4922,#4949);
#4951 = EDGE_CURVE('',#4923,#4921,#4950,.T.);
#4952 = ORIENTED_EDGE('',*,*,#4951,.F.);
#4953 = DIRECTION('',(0.,1.,0.));
#4954 = VECTOR('',#4953,1.);
#4955 = LINE('',#4924,#4954);
#4956 = EDGE_CURVE('',#4925,#4923,#4955,.T.);
#4957 = ORIENTED_EDGE('',*,*,#4956,.F.);
#4958 = DIRECTION('',(0.,-1.,0.));
#4959 = VECTOR('',#4958,1.);
#4960 = LINE('',#4924,#4959);
#4961 = EDGE_CURVE('',#4925,#4927,#4960,.T.);
#4962 = ORIENTED_EDGE('',*,*,#4961,.T.);
#4963 = DIRECTION('',(0.,0.,1.));
#4964 = VECTOR('',#4963,1.);
#4965 = LINE('',#4912,#4964);
#4966 = EDGE_CURVE('',#4913,#4927,#4965,.T.);
#4967 = ORIENTED_EDGE('',*,*,#4966,.F.);
#4968 = CARTESIAN_POINT('',(3.809999999999999,-1.27,0.));
#4969 = DIRECTION('',(1.,0.,0.));
#4970 = DIRECTION('',(0.,1.,0.));
#4971 = AXIS2_PLACEMENT_3D('',#4968,#4969,#4970);
#4972 = PLANE('',#4971);
#4973 = EDGE_LOOP('',(#4932,#4937,#4942,#4947,#4952,#4957,#4962,#4967));
#4974 = FACE_OUTER_BOUND('',#4973,.T.);
#4975 = ADVANCED_FACE('',(#4974),#4972,.T.);
#4976 = DIRECTION('',(1.,0.,0.));
#4977 = VECTOR('',#4976,1.);
#4978 = LINE('',#4848,#4977);
#4979 = EDGE_CURVE('',#4849,#4913,#4978,.T.);
#4980 = ORIENTED_EDGE('',*,*,#4979,.T.);
#4981 = ORIENTED_EDGE('',*,*,#4966,.T.);
#4982 = DIRECTION('',(1.,0.,0.));
#4983 = VECTOR('',#4982,1.);
#4984 = LINE('',#4850,#4983);
#4985 = EDGE_CURVE('',#4851,#4927,#4984,.T.);
#4986 = ORIENTED_EDGE('',*,*,#4985,.F.);
#4987 = ORIENTED_EDGE('',*,*,#4867,.F.);
#4988 = CARTESIAN_POINT('',(1.2699999999999991,-1.27,0.));
#4989 = DIRECTION('',(0.,-1.,0.));
#4990 = DIRECTION('',(1.,0.,0.));
#4991 = AXIS2_PLACEMENT_3D('',#4988,#4989,#4990);
#4992 = PLANE('',#4991);
#4993 = EDGE_LOOP('',(#4980,#4981,#4986,#4987));
#4994 = FACE_OUTER_BOUND('',#4993,.T.);
#4995 = ADVANCED_FACE('',(#4994),#4992,.T.);
#4996 = ORIENTED_EDGE('',*,*,#4887,.T.);
#4997 = DIRECTION('',(1.,0.,0.));
#4998 = VECTOR('',#4997,1.);
#4999 = LINE('',#4856,#4998);
#5000 = EDGE_CURVE('',#4857,#4921,#4999,.T.);
#5001 = ORIENTED_EDGE('',*,*,#5000,.T.);
#5002 = ORIENTED_EDGE('',*,*,#4946,.F.);
#5003 = DIRECTION('',(1.,0.,0.));
#5004 = VECTOR('',#5003,1.);
#5005 = LINE('',#4858,#5004);
#5006 = EDGE_CURVE('',#4859,#4919,#5005,.T.);
#5007 = ORIENTED_EDGE('',*,*,#5006,.F.);
#5008 = CARTESIAN_POINT('',(1.2699999999999991,1.27,0.));
#5009 = DIRECTION('',(0.,1.,0.));
#5010 = DIRECTION('',(0.,0.,1.));
#5011 = AXIS2_PLACEMENT_3D('',#5008,#5009,#5010);
#5012 = PLANE('',#5011);
#5013 = EDGE_LOOP('',(#4996,#5001,#5002,#5007));
#5014 = FACE_OUTER_BOUND('',#5013,.T.);
#5015 = ADVANCED_FACE('',(#5014),#5012,.T.);
#5016 = CARTESIAN_POINT('',(3.0124999999999993,0.4725,0.));
#5017 = VERTEX_POINT('',#5016);
#5018 = CARTESIAN_POINT('',(2.067499999999999,0.4725,0.));
#5019 = VERTEX_POINT('',#5018);
#5020 = ORIENTED_EDGE('',*,*,#4941,.F.);
#5021 = DIRECTION('',(1.,0.,0.));
#5022 = VECTOR('',#5021,1.);
#5023 = LINE('',#5016,#5022);
#5024 = EDGE_CURVE('',#5017,#4917,#5023,.T.);
#5025 = ORIENTED_EDGE('',*,*,#5024,.F.);
#5026 = DIRECTION('',(1.,0.,0.));
#5027 = VECTOR('',#5026,1.);
#5028 = LINE('',#5018,#5027);
#5029 = EDGE_CURVE('',#5019,#5017,#5028,.T.);
#5030 = ORIENTED_EDGE('',*,*,#5029,.F.);
#5031 = DIRECTION('',(1.,0.,0.));
#5032 = VECTOR('',#5031,1.);
#5033 = LINE('',#4860,#5032);
#5034 = EDGE_CURVE('',#4861,#5019,#5033,.T.);
#5035 = ORIENTED_EDGE('',*,*,#5034,.F.);
#5036 = ORIENTED_EDGE('',*,*,#4892,.T.);
#5037 = ORIENTED_EDGE('',*,*,#5006,.T.);
#5038 = CARTESIAN_POINT('',(3.809999999999999,1.27,0.));
#5039 = DIRECTION('',(0.,0.,-1.));
#5040 = DIRECTION('',(0.,-1.,0.));
#5041 = AXIS2_PLACEMENT_3D('',#5038,#5039,#5040);
#5042 = PLANE('',#5041);
#5043 = EDGE_LOOP('',(#5020,#5025,#5030,#5035,#5036,#5037));
#5044 = FACE_OUTER_BOUND('',#5043,.T.);
#5045 = ADVANCED_FACE('',(#5044),#5042,.T.);
#5046 = CARTESIAN_POINT('',(2.067499999999999,-0.4724999999999999,0.));
#5047 = VERTEX_POINT('',#5046);
#5048 = DIRECTION('',(0.,1.,0.));
#5049 = VECTOR('',#5048,1.);
#5050 = LINE('',#5046,#5049);
#5051 = EDGE_CURVE('',#5047,#5019,#5050,.T.);
#5052 = ORIENTED_EDGE('',*,*,#5051,.F.);
#5053 = DIRECTION('',(1.,0.,0.));
#5054 = VECTOR('',#5053,1.);
#5055 = LINE('',#4862,#5054);
#5056 = EDGE_CURVE('',#4863,#5047,#5055,.T.);
#5057 = ORIENTED_EDGE('',*,*,#5056,.F.);
#5058 = ORIENTED_EDGE('',*,*,#4897,.T.);
#5059 = ORIENTED_EDGE('',*,*,#5034,.T.);
#5060 = CARTESIAN_POINT('',(2.067499999999999,0.4724999999999999,0.));
#5061 = DIRECTION('',(0.,0.,-1.));
#5062 = DIRECTION('',(0.,-1.,0.));
#5063 = AXIS2_PLACEMENT_3D('',#5060,#5061,#5062);
#5064 = PLANE('',#5063);
#5065 = EDGE_LOOP('',(#5052,#5057,#5058,#5059));
#5066 = FACE_OUTER_BOUND('',#5065,.T.);
#5067 = ADVANCED_FACE('',(#5066),#5064,.T.);
#5068 = CARTESIAN_POINT('',(3.0124999999999993,-0.4724999999999999,0.));
#5069 = VERTEX_POINT('',#5068);
#5070 = ORIENTED_EDGE('',*,*,#4936,.F.);
#5071 = DIRECTION('',(1.,0.,0.));
#5072 = VECTOR('',#5071,1.);
#5073 = LINE('',#5068,#5072);
#5074 = EDGE_CURVE('',#5069,#4915,#5073,.T.);
#5075 = ORIENTED_EDGE('',*,*,#5074,.F.);
#5076 = DIRECTION('',(0.,1.,0.));
#5077 = VECTOR('',#5076,1.);
#5078 = LINE('',#5068,#5077);
#5079 = EDGE_CURVE('',#5069,#5017,#5078,.T.);
#5080 = ORIENTED_EDGE('',*,*,#5079,.T.);
#5081 = ORIENTED_EDGE('',*,*,#5024,.T.);
#5082 = CARTESIAN_POINT('',(3.809999999999999,0.4724999999999999,0.));
#5083 = DIRECTION('',(0.,0.,-1.));
#5084 = DIRECTION('',(0.,-1.,0.));
#5085 = AXIS2_PLACEMENT_3D('',#5082,#5083,#5084);
#5086 = PLANE('',#5085);
#5087 = EDGE_LOOP('',(#5070,#5075,#5080,#5081));
#5088 = FACE_OUTER_BOUND('',#5087,.T.);
#5089 = ADVANCED_FACE('',(#5088),#5086,.T.);
#5090 = ORIENTED_EDGE('',*,*,#4931,.T.);
#5091 = ORIENTED_EDGE('',*,*,#4979,.F.);
#5092 = ORIENTED_EDGE('',*,*,#4902,.F.);
#5093 = ORIENTED_EDGE('',*,*,#5056,.T.);
#5094 = DIRECTION('',(1.,0.,0.));
#5095 = VECTOR('',#5094,1.);
#5096 = LINE('',#5046,#5095);
#5097 = EDGE_CURVE('',#5047,#5069,#5096,.T.);
#5098 = ORIENTED_EDGE('',*,*,#5097,.T.);
#5099 = ORIENTED_EDGE('',*,*,#5074,.T.);
#5100 = CARTESIAN_POINT('',(3.809999999999999,-0.4724999999999999,0.));
#5101 = DIRECTION('',(0.,0.,-1.));
#5102 = DIRECTION('',(0.,-1.,0.));
#5103 = AXIS2_PLACEMENT_3D('',#5100,#5101,#5102);
#5104 = PLANE('',#5103);
#5105 = EDGE_LOOP('',(#5090,#5091,#5092,#5093,#5098,#5099));
#5106 = FACE_OUTER_BOUND('',#5105,.T.);
#5107 = ADVANCED_FACE('',(#5106),#5104,.T.);
#5108 = CARTESIAN_POINT('',(3.390499999999999,0.8504999999999999,4.995));
#5109 = VERTEX_POINT('',#5108);
#5110 = CARTESIAN_POINT('',(1.6894999999999993,0.8504999999999999,4.995));
#5111 = VERTEX_POINT('',#5110);
#5112 = CARTESIAN_POINT('',(2.067499999999999,0.4725,4.3854));
#5113 = VERTEX_POINT('',#5112);
#5114 = CARTESIAN_POINT('',(3.0124999999999993,0.4725,4.3854));
#5115 = VERTEX_POINT('',#5114);
#5116 = DIRECTION('',(1.,0.,0.));
#5117 = VECTOR('',#5116,1.);
#5118 = LINE('',#5110,#5117);
#5119 = EDGE_CURVE('',#5111,#5109,#5118,.T.);
#5120 = ORIENTED_EDGE('',*,*,#5119,.F.);
#5121 = DIRECTION('',(0.46621205975656976,-0.4662120597565701,-0.7518594487502787));
#5122 = VECTOR('',#5121,1.);
#5123 = LINE('',#5110,#5122);
#5124 = EDGE_CURVE('',#5111,#5113,#5123,.T.);
#5125 = ORIENTED_EDGE('',*,*,#5124,.T.);
#5126 = DIRECTION('',(1.,0.,0.));
#5127 = VECTOR('',#5126,1.);
#5128 = LINE('',#5112,#5127);
#5129 = EDGE_CURVE('',#5113,#5115,#5128,.T.);
#5130 = ORIENTED_EDGE('',*,*,#5129,.T.);
#5131 = DIRECTION('',(0.46621205975656976,0.4662120597565701,0.7518594487502787));
#5132 = VECTOR('',#5131,1.);
#5133 = LINE('',#5114,#5132);
#5134 = EDGE_CURVE('',#5115,#5109,#5133,.T.);
#5135 = ORIENTED_EDGE('',*,*,#5134,.T.);
#5136 = CARTESIAN_POINT('',(3.390499999999999,0.8504999999999999,4.995));
#5137 = DIRECTION('',(0.,-0.849872720784639,0.5269880059983483));
#5138 = DIRECTION('',(-1.,0.,0.));
#5139 = AXIS2_PLACEMENT_3D('',#5136,#5137,#5138);
#5140 = PLANE('',#5139);
#5141 = EDGE_LOOP('',(#5120,#5125,#5130,#5135));
#5142 = FACE_OUTER_BOUND('',#5141,.T.);
#5143 = ADVANCED_FACE('',(#5142),#5140,.T.);
#5144 = CARTESIAN_POINT('',(1.6894999999999993,-0.8504999999999999,4.995));
#5145 = VERTEX_POINT('',#5144);
#5146 = CARTESIAN_POINT('',(2.067499999999999,-0.4725,4.3854));
#5147 = VERTEX_POINT('',#5146);
#5148 = ORIENTED_EDGE('',*,*,#5124,.F.);
#5149 = DIRECTION('',(0.,1.,0.));
#5150 = VECTOR('',#5149,1.);
#5151 = LINE('',#5144,#5150);
#5152 = EDGE_CURVE('',#5145,#5111,#5151,.T.);
#5153 = ORIENTED_EDGE('',*,*,#5152,.F.);
#5154 = DIRECTION('',(0.46621205975656976,0.4662120597565701,-0.7518594487502787));
#5155 = VECTOR('',#5154,1.);
#5156 = LINE('',#5144,#5155);
#5157 = EDGE_CURVE('',#5145,#5147,#5156,.T.);
#5158 = ORIENTED_EDGE('',*,*,#5157,.T.);
#5159 = DIRECTION('',(0.,1.,0.));
#5160 = VECTOR('',#5159,1.);
#5161 = LINE('',#5146,#5160);
#5162 = EDGE_CURVE('',#5147,#5113,#5161,.T.);
#5163 = ORIENTED_EDGE('',*,*,#5162,.T.);
#5164 = CARTESIAN_POINT('',(2.067499999999999,0.4725,4.3854));
#5165 = DIRECTION('',(0.8498727207846388,0.,0.5269880059983483));
#5166 = DIRECTION('',(-0.46621205975656976,0.4662120597565701,0.7518594487502787));
#5167 = AXIS2_PLACEMENT_3D('',#5164,#5165,#5166);
#5168 = PLANE('',#5167);
#5169 = EDGE_LOOP('',(#5148,#5153,#5158,#5163));
#5170 = FACE_OUTER_BOUND('',#5169,.T.);
#5171 = ADVANCED_FACE('',(#5170),#5168,.T.);
#5172 = CARTESIAN_POINT('',(3.0124999999999993,-0.4725,4.3854));
#5173 = VERTEX_POINT('',#5172);
#5174 = CARTESIAN_POINT('',(3.390499999999999,-0.8504999999999999,4.995));
#5175 = VERTEX_POINT('',#5174);
#5176 = ORIENTED_EDGE('',*,*,#5134,.F.);
#5177 = DIRECTION('',(0.,1.,0.));
#5178 = VECTOR('',#5177,1.);
#5179 = LINE('',#5172,#5178);
#5180 = EDGE_CURVE('',#5173,#5115,#5179,.T.);
#5181 = ORIENTED_EDGE('',*,*,#5180,.F.);
#5182 = DIRECTION('',(0.46621205975656976,-0.4662120597565701,0.7518594487502787));
#5183 = VECTOR('',#5182,1.);
#5184 = LINE('',#5172,#5183);
#5185 = EDGE_CURVE('',#5173,#5175,#5184,.T.);
#5186 = ORIENTED_EDGE('',*,*,#5185,.T.);
#5187 = DIRECTION('',(0.,1.,0.));
#5188 = VECTOR('',#5187,1.);
#5189 = LINE('',#5174,#5188);
#5190 = EDGE_CURVE('',#5175,#5109,#5189,.T.);
#5191 = ORIENTED_EDGE('',*,*,#5190,.T.);
#5192 = CARTESIAN_POINT('',(3.390499999999999,0.8504999999999999,4.995));
#5193 = DIRECTION('',(-0.8498727207846388,0.,0.5269880059983483));
#5194 = DIRECTION('',(-0.46621205975656976,-0.4662120597565701,-0.7518594487502787));
#5195 = AXIS2_PLACEMENT_3D('',#5192,#5193,#5194);
#5196 = PLANE('',#5195);
#5197 = EDGE_LOOP('',(#5176,#5181,#5186,#5191));
#5198 = FACE_OUTER_BOUND('',#5197,.T.);
#5199 = ADVANCED_FACE('',(#5198),#5196,.T.);
#5200 = DIRECTION('',(1.,0.,0.));
#5201 = VECTOR('',#5200,1.);
#5202 = LINE('',#5146,#5201);
#5203 = EDGE_CURVE('',#5147,#5173,#5202,.T.);
#5204 = ORIENTED_EDGE('',*,*,#5203,.F.);
#5205 = ORIENTED_EDGE('',*,*,#5157,.F.);
#5206 = DIRECTION('',(1.,0.,0.));
#5207 = VECTOR('',#5206,1.);
#5208 = LINE('',#5144,#5207);
#5209 = EDGE_CURVE('',#5145,#5175,#5208,.T.);
#5210 = ORIENTED_EDGE('',*,*,#5209,.T.);
#5211 = ORIENTED_EDGE('',*,*,#5185,.F.);
#5212 = CARTESIAN_POINT('',(3.0124999999999993,-0.4725,4.3854));
#5213 = DIRECTION('',(0.,0.849872720784639,0.5269880059983484));
#5214 = DIRECTION('',(-1.,0.,0.));
#5215 = AXIS2_PLACEMENT_3D('',#5212,#5213,#5214);
#5216 = PLANE('',#5215);
#5217 = EDGE_LOOP('',(#5204,#5205,#5210,#5211));
#5218 = FACE_OUTER_BOUND('',#5217,.T.);
#5219 = ADVANCED_FACE('',(#5218),#5216,.T.);
#5220 = CARTESIAN_POINT('',(1.6894999999999993,-0.8504999999999999,5.));
#5221 = VERTEX_POINT('',#5220);
#5222 = CARTESIAN_POINT('',(3.390499999999999,-0.8504999999999999,5.));
#5223 = VERTEX_POINT('',#5222);
#5224 = DIRECTION('',(0.,0.,1.));
#5225 = VECTOR('',#5224,1.);
#5226 = LINE('',#5144,#5225);
#5227 = EDGE_CURVE('',#5145,#5221,#5226,.T.);
#5228 = ORIENTED_EDGE('',*,*,#5227,.T.);
#5229 = DIRECTION('',(1.,0.,0.));
#5230 = VECTOR('',#5229,1.);
#5231 = LINE('',#5220,#5230);
#5232 = EDGE_CURVE('',#5221,#5223,#5231,.T.);
#5233 = ORIENTED_EDGE('',*,*,#5232,.T.);
#5234 = DIRECTION('',(0.,0.,1.));
#5235 = VECTOR('',#5234,1.);
#5236 = LINE('',#5174,#5235);
#5237 = EDGE_CURVE('',#5175,#5223,#5236,.T.);
#5238 = ORIENTED_EDGE('',*,*,#5237,.F.);
#5239 = ORIENTED_EDGE('',*,*,#5209,.F.);
#5240 = CARTESIAN_POINT('',(1.6894999999999993,-0.8504999999999999,4.995));
#5241 = DIRECTION('',(0.,1.,0.));
#5242 = DIRECTION('',(0.,0.,1.));
#5243 = AXIS2_PLACEMENT_3D('',#5240,#5241,#5242);
#5244 = PLANE('',#5243);
#5245 = EDGE_LOOP('',(#5228,#5233,#5238,#5239));
#5246 = FACE_OUTER_BOUND('',#5245,.T.);
#5247 = ADVANCED_FACE('',(#5246),#5244,.T.);
#5248 = CARTESIAN_POINT('',(1.6894999999999993,0.8504999999999999,5.));
#5249 = VERTEX_POINT('',#5248);
#5250 = CARTESIAN_POINT('',(3.390499999999999,0.8504999999999999,5.));
#5251 = VERTEX_POINT('',#5250);
#5252 = DIRECTION('',(0.,0.,1.));
#5253 = VECTOR('',#5252,1.);
#5254 = LINE('',#5110,#5253);
#5255 = EDGE_CURVE('',#5111,#5249,#5254,.T.);
#5256 = ORIENTED_EDGE('',*,*,#5255,.F.);
#5257 = ORIENTED_EDGE('',*,*,#5119,.T.);
#5258 = DIRECTION('',(0.,0.,1.));
#5259 = VECTOR('',#5258,1.);
#5260 = LINE('',#5108,#5259);
#5261 = EDGE_CURVE('',#5109,#5251,#5260,.T.);
#5262 = ORIENTED_EDGE('',*,*,#5261,.T.);
#5263 = DIRECTION('',(1.,0.,0.));
#5264 = VECTOR('',#5263,1.);
#5265 = LINE('',#5248,#5264);
#5266 = EDGE_CURVE('',#5249,#5251,#5265,.T.);
#5267 = ORIENTED_EDGE('',*,*,#5266,.F.);
#5268 = CARTESIAN_POINT('',(1.6894999999999993,0.8504999999999999,5.));
#5269 = DIRECTION('',(0.,-1.,0.));
#5270 = DIRECTION('',(0.,0.,-1.));
#5271 = AXIS2_PLACEMENT_3D('',#5268,#5269,#5270);
#5272 = PLANE('',#5271);
#5273 = EDGE_LOOP('',(#5256,#5257,#5262,#5267));
#5274 = FACE_OUTER_BOUND('',#5273,.T.);
#5275 = ADVANCED_FACE('',(#5274),#5272,.T.);
#5276 = ORIENTED_EDGE('',*,*,#5227,.F.);
#5277 = ORIENTED_EDGE('',*,*,#5152,.T.);
#5278 = ORIENTED_EDGE('',*,*,#5255,.T.);
#5279 = DIRECTION('',(0.,1.,0.));
#5280 = VECTOR('',#5279,1.);
#5281 = LINE('',#5220,#5280);
#5282 = EDGE_CURVE('',#5221,#5249,#5281,.T.);
#5283 = ORIENTED_EDGE('',*,*,#5282,.F.);
#5284 = CARTESIAN_POINT('',(1.6894999999999993,-0.8504999999999999,5.));
#5285 = DIRECTION('',(1.,0.,0.));
#5286 = DIRECTION('',(0.,0.,-1.));
#5287 = AXIS2_PLACEMENT_3D('',#5284,#5285,#5286);
#5288 = PLANE('',#5287);
#5289 = EDGE_LOOP('',(#5276,#5277,#5278,#5283));
#5290 = FACE_OUTER_BOUND('',#5289,.T.);
#5291 = ADVANCED_FACE('',(#5290),#5288,.T.);
#5292 = ORIENTED_EDGE('',*,*,#5261,.F.);
#5293 = ORIENTED_EDGE('',*,*,#5190,.F.);
#5294 = ORIENTED_EDGE('',*,*,#5237,.T.);
#5295 = DIRECTION('',(0.,1.,0.));
#5296 = VECTOR('',#5295,1.);
#5297 = LINE('',#5222,#5296);
#5298 = EDGE_CURVE('',#5223,#5251,#5297,.T.);
#5299 = ORIENTED_EDGE('',*,*,#5298,.T.);
#5300 = CARTESIAN_POINT('',(3.390499999999999,0.8504999999999999,5.));
#5301 = DIRECTION('',(-1.,0.,0.));
#5302 = DIRECTION('',(0.,0.,-1.));
#5303 = AXIS2_PLACEMENT_3D('',#5300,#5301,#5302);
#5304 = PLANE('',#5303);
#5305 = EDGE_LOOP('',(#5292,#5293,#5294,#5299));
#5306 = FACE_OUTER_BOUND('',#5305,.T.);
#5307 = ADVANCED_FACE('',(#5306),#5304,.T.);
#5308 = DIRECTION('',(0.,0.,1.));
#5309 = VECTOR('',#5308,1.);
#5310 = LINE('',#5046,#5309);
#5311 = EDGE_CURVE('',#5047,#5147,#5310,.T.);
#5312 = ORIENTED_EDGE('',*,*,#5311,.F.);
#5313 = ORIENTED_EDGE('',*,*,#5051,.T.);
#5314 = DIRECTION('',(0.,0.,1.));
#5315 = VECTOR('',#5314,1.);
#5316 = LINE('',#5018,#5315);
#5317 = EDGE_CURVE('',#5019,#5113,#5316,.T.);
#5318 = ORIENTED_EDGE('',*,*,#5317,.T.);
#5319 = ORIENTED_EDGE('',*,*,#5162,.F.);
#5320 = CARTESIAN_POINT('',(2.067499999999999,-0.4725,4.3854));
#5321 = DIRECTION('',(1.,0.,0.));
#5322 = DIRECTION('',(0.,0.,-1.));
#5323 = AXIS2_PLACEMENT_3D('',#5320,#5321,#5322);
#5324 = PLANE('',#5323);
#5325 = EDGE_LOOP('',(#5312,#5313,#5318,#5319));
#5326 = FACE_OUTER_BOUND('',#5325,.T.);
#5327 = ADVANCED_FACE('',(#5326),#5324,.T.);
#5328 = ORIENTED_EDGE('',*,*,#5180,.T.);
#5329 = DIRECTION('',(0.,0.,1.));
#5330 = VECTOR('',#5329,1.);
#5331 = LINE('',#5016,#5330);
#5332 = EDGE_CURVE('',#5017,#5115,#5331,.T.);
#5333 = ORIENTED_EDGE('',*,*,#5332,.F.);
#5334 = ORIENTED_EDGE('',*,*,#5079,.F.);
#5335 = DIRECTION('',(0.,0.,1.));
#5336 = VECTOR('',#5335,1.);
#5337 = LINE('',#5068,#5336);
#5338 = EDGE_CURVE('',#5069,#5173,#5337,.T.);
#5339 = ORIENTED_EDGE('',*,*,#5338,.T.);
#5340 = CARTESIAN_POINT('',(3.0124999999999993,-0.4725,4.385400000000001));
#5341 = DIRECTION('',(-1.,0.,0.));
#5342 = DIRECTION('',(0.,1.,0.));
#5343 = AXIS2_PLACEMENT_3D('',#5340,#5341,#5342);
#5344 = PLANE('',#5343);
#5345 = EDGE_LOOP('',(#5328,#5333,#5334,#5339));
#5346 = FACE_OUTER_BOUND('',#5345,.T.);
#5347 = ADVANCED_FACE('',(#5346),#5344,.T.);
#5348 = ORIENTED_EDGE('',*,*,#5338,.F.);
#5349 = ORIENTED_EDGE('',*,*,#5097,.F.);
#5350 = ORIENTED_EDGE('',*,*,#5311,.T.);
#5351 = ORIENTED_EDGE('',*,*,#5203,.T.);
#5352 = CARTESIAN_POINT('',(3.0124999999999993,-0.4725,4.385400000000001));
#5353 = DIRECTION('',(0.,1.,0.));
#5354 = DIRECTION('',(0.,0.,-1.));
#5355 = AXIS2_PLACEMENT_3D('',#5352,#5353,#5354);
#5356 = PLANE('',#5355);
#5357 = EDGE_LOOP('',(#5348,#5349,#5350,#5351));
#5358 = FACE_OUTER_BOUND('',#5357,.T.);
#5359 = ADVANCED_FACE('',(#5358),#5356,.T.);
#5360 = ORIENTED_EDGE('',*,*,#5317,.F.);
#5361 = ORIENTED_EDGE('',*,*,#5029,.T.);
#5362 = ORIENTED_EDGE('',*,*,#5332,.T.);
#5363 = ORIENTED_EDGE('',*,*,#5129,.F.);
#5364 = CARTESIAN_POINT('',(2.067499999999999,0.4725,4.385400000000001));
#5365 = DIRECTION('',(0.,-1.,0.));
#5366 = DIRECTION('',(0.,0.,-1.));
#5367 = AXIS2_PLACEMENT_3D('',#5364,#5365,#5366);
#5368 = PLANE('',#5367);
#5369 = EDGE_LOOP('',(#5360,#5361,#5362,#5363));
#5370 = FACE_OUTER_BOUND('',#5369,.T.);
#5371 = ADVANCED_FACE('',(#5370),#5368,.T.);
#5372 = ORIENTED_EDGE('',*,*,#4882,.F.);
#5373 = DIRECTION('',(1.,0.,0.));
#5374 = VECTOR('',#5373,1.);
#5375 = LINE('',#4854,#5374);
#5376 = EDGE_CURVE('',#4855,#5249,#5375,.T.);
#5377 = ORIENTED_EDGE('',*,*,#5376,.T.);
#5378 = ORIENTED_EDGE('',*,*,#5266,.T.);
#5379 = DIRECTION('',(1.,0.,0.));
#5380 = VECTOR('',#5379,1.);
#5381 = LINE('',#5250,#5380);
#5382 = EDGE_CURVE('',#5251,#4923,#5381,.T.);
#5383 = ORIENTED_EDGE('',*,*,#5382,.T.);
#5384 = ORIENTED_EDGE('',*,*,#4951,.T.);
#5385 = ORIENTED_EDGE('',*,*,#5000,.F.);
#5386 = CARTESIAN_POINT('',(1.2699999999999991,1.27,5.));
#5387 = DIRECTION('',(0.,0.,1.));
#5388 = DIRECTION('',(0.,-1.,0.));
#5389 = AXIS2_PLACEMENT_3D('',#5386,#5387,#5388);
#5390 = PLANE('',#5389);
#5391 = EDGE_LOOP('',(#5372,#5377,#5378,#5383,#5384,#5385));
#5392 = FACE_OUTER_BOUND('',#5391,.T.);
#5393 = ADVANCED_FACE('',(#5392),#5390,.T.);
#5394 = ORIENTED_EDGE('',*,*,#5298,.F.);
#5395 = DIRECTION('',(1.,0.,0.));
#5396 = VECTOR('',#5395,1.);
#5397 = LINE('',#5222,#5396);
#5398 = EDGE_CURVE('',#5223,#4925,#5397,.T.);
#5399 = ORIENTED_EDGE('',*,*,#5398,.T.);
#5400 = ORIENTED_EDGE('',*,*,#4956,.T.);
#5401 = ORIENTED_EDGE('',*,*,#5382,.F.);
#5402 = CARTESIAN_POINT('',(3.390499999999999,0.8504999999999999,5.));
#5403 = DIRECTION('',(0.,0.,1.));
#5404 = DIRECTION('',(0.,-1.,0.));
#5405 = AXIS2_PLACEMENT_3D('',#5402,#5403,#5404);
#5406 = PLANE('',#5405);
#5407 = EDGE_LOOP('',(#5394,#5399,#5400,#5401));
#5408 = FACE_OUTER_BOUND('',#5407,.T.);
#5409 = ADVANCED_FACE('',(#5408),#5406,.T.);
#5410 = ORIENTED_EDGE('',*,*,#4877,.F.);
#5411 = DIRECTION('',(1.,0.,0.));
#5412 = VECTOR('',#5411,1.);
#5413 = LINE('',#4852,#5412);
#5414 = EDGE_CURVE('',#4853,#5221,#5413,.T.);
#5415 = ORIENTED_EDGE('',*,*,#5414,.T.);
#5416 = ORIENTED_EDGE('',*,*,#5282,.T.);
#5417 = ORIENTED_EDGE('',*,*,#5376,.F.);
#5418 = CARTESIAN_POINT('',(1.2699999999999991,0.8504999999999999,5.));
#5419 = DIRECTION('',(0.,0.,1.));
#5420 = DIRECTION('',(0.,-1.,0.));
#5421 = AXIS2_PLACEMENT_3D('',#5418,#5419,#5420);
#5422 = PLANE('',#5421);
#5423 = EDGE_LOOP('',(#5410,#5415,#5416,#5417));
#5424 = FACE_OUTER_BOUND('',#5423,.T.);
#5425 = ADVANCED_FACE('',(#5424),#5422,.T.);
#5426 = ORIENTED_EDGE('',*,*,#4872,.T.);
#5427 = ORIENTED_EDGE('',*,*,#4985,.T.);
#5428 = ORIENTED_EDGE('',*,*,#4961,.F.);
#5429 = ORIENTED_EDGE('',*,*,#5398,.F.);
#5430 = ORIENTED_EDGE('',*,*,#5232,.F.);
#5431 = ORIENTED_EDGE('',*,*,#5414,.F.);
#5432 = CARTESIAN_POINT('',(1.2699999999999991,-0.8504999999999999,5.));
#5433 = DIRECTION('',(0.,0.,1.));
#5434 = DIRECTION('',(0.,-1.,0.));
#5435 = AXIS2_PLACEMENT_3D('',#5432,#5433,#5434);
#5436 = PLANE('',#5435);
#5437 = EDGE_LOOP('',(#5426,#5427,#5428,#5429,#5430,#5431));
#5438 = FACE_OUTER_BOUND('',#5437,.T.);
#5439 = ADVANCED_FACE('',(#5438),#5436,.T.);
#5440 = CLOSED_SHELL('',(#4911,#4975,#4995,#5015,#5045,#5067,#5089,#5107,#5143,#5171,#5199,#5219,#5247,#5275,#5291,#5307,#5327,#5347,#5359,#5371,#5393,#5409,#5425,#5439));
#5441 = MANIFOLD_SOLID_BREP('',#5440);
#5442 = COLOUR_RGB('',0.10196078431372549,0.10196078431372549,0.10196078431372549);
#5443 = FILL_AREA_STYLE_COLOUR('',#5442);
#5444 = FILL_AREA_STYLE('',(#5443));
#5445 = SURFACE_STYLE_FILL_AREA(#5444);
#5446 = SURFACE_SIDE_STYLE('',(#5445));
#5447 = SURFACE_STYLE_USAGE(.BOTH.,#5446);
#5448 = PRESENTATION_STYLE_ASSIGNMENT((#5447));
#5449 = STYLED_ITEM('',(#5448),#5441);
#5450 = CARTESIAN_POINT('',(2.854999999999999,-0.315,0.));
#5451 = VERTEX_POINT('',#5450);
#5452 = CARTESIAN_POINT('',(2.224999999999999,-0.315,0.));
#5453 = VERTEX_POINT('',#5452);
#5454 = CARTESIAN_POINT('',(2.224999999999999,-0.315,-2.7));
#5455 = VERTEX_POINT('',#5454);
#5456 = CARTESIAN_POINT('',(2.854999999999999,-0.315,-2.7));
#5457 = VERTEX_POINT('',#5456);
#5458 = DIRECTION('',(1.,0.,0.));
#5459 = VECTOR('',#5458,1.);
#5460 = LINE('',#5452,#5459);
#5461 = EDGE_CURVE('',#5453,#5451,#5460,.T.);
#5462 = ORIENTED_EDGE('',*,*,#5461,.F.);
#5463 = DIRECTION('',(0.,0.,1.));
#5464 = VECTOR('',#5463,1.);
#5465 = LINE('',#5454,#5464);
#5466 = EDGE_CURVE('',#5455,#5453,#5465,.T.);
#5467 = ORIENTED_EDGE('',*,*,#5466,.F.);
#5468 = DIRECTION('',(1.,0.,0.));
#5469 = VECTOR('',#5468,1.);
#5470 = LINE('',#5454,#5469);
#5471 = EDGE_CURVE('',#5455,#5457,#5470,.T.);
#5472 = ORIENTED_EDGE('',*,*,#5471,.T.);
#5473 = DIRECTION('',(0.,0.,1.));
#5474 = VECTOR('',#5473,1.);
#5475 = LINE('',#5456,#5474);
#5476 = EDGE_CURVE('',#5457,#5451,#5475,.T.);
#5477 = ORIENTED_EDGE('',*,*,#5476,.T.);
#5478 = CARTESIAN_POINT('',(2.854999999999999,-0.315,0.));
#5479 = DIRECTION('',(0.,-1.,0.));
#5480 = DIRECTION('',(-1.,0.,0.));
#5481 = AXIS2_PLACEMENT_3D('',#5478,#5479,#5480);
#5482 = PLANE('',#5481);
#5483 = EDGE_LOOP('',(#5462,#5467,#5472,#5477));
#5484 = FACE_OUTER_BOUND('',#5483,.T.);
#5485 = ADVANCED_FACE('',(#5484),#5482,.T.);
#5486 = CARTESIAN_POINT('',(2.854999999999999,0.315,-2.7));
#5487 = VERTEX_POINT('',#5486);
#5488 = CARTESIAN_POINT('',(2.854999999999999,0.315,0.));
#5489 = VERTEX_POINT('',#5488);
#5490 = ORIENTED_EDGE('',*,*,#5476,.F.);
#5491 = DIRECTION('',(0.,1.,0.));
#5492 = VECTOR('',#5491,1.);
#5493 = LINE('',#5456,#5492);
#5494 = EDGE_CURVE('',#5457,#5487,#5493,.T.);
#5495 = ORIENTED_EDGE('',*,*,#5494,.T.);
#5496 = DIRECTION('',(0.,0.,1.));
#5497 = VECTOR('',#5496,1.);
#5498 = LINE('',#5486,#5497);
#5499 = EDGE_CURVE('',#5487,#5489,#5498,.T.);
#5500 = ORIENTED_EDGE('',*,*,#5499,.T.);
#5501 = DIRECTION('',(0.,1.,0.));
#5502 = VECTOR('',#5501,1.);
#5503 = LINE('',#5450,#5502);
#5504 = EDGE_CURVE('',#5451,#5489,#5503,.T.);
#5505 = ORIENTED_EDGE('',*,*,#5504,.F.);
#5506 = CARTESIAN_POINT('',(2.854999999999999,-0.315,0.));
#5507 = DIRECTION('',(1.,0.,0.));
#5508 = DIRECTION('',(0.,0.,-1.));
#5509 = AXIS2_PLACEMENT_3D('',#5506,#5507,#5508);
#5510 = PLANE('',#5509);
#5511 = EDGE_LOOP('',(#5490,#5495,#5500,#5505));
#5512 = FACE_OUTER_BOUND('',#5511,.T.);
#5513 = ADVANCED_FACE('',(#5512),#5510,.T.);
#5514 = CARTESIAN_POINT('',(2.714999999999999,-0.175,-3.));
#5515 = VERTEX_POINT('',#5514);
#5516 = CARTESIAN_POINT('',(2.3649999999999993,-0.175,-3.));
#5517 = VERTEX_POINT('',#5516);
#5518 = DIRECTION('',(0.38949041885226054,-0.3894904188522602,0.8346223261119856));
#5519 = VECTOR('',#5518,1.);
#5520 = LINE('',#5514,#5519);
#5521 = EDGE_CURVE('',#5515,#5457,#5520,.T.);
#5522 = ORIENTED_EDGE('',*,*,#5521,.T.);
#5523 = ORIENTED_EDGE('',*,*,#5471,.F.);
#5524 = DIRECTION('',(0.38949041885226054,0.3894904188522602,-0.8346223261119856));
#5525 = VECTOR('',#5524,1.);
#5526 = LINE('',#5454,#5525);
#5527 = EDGE_CURVE('',#5455,#5517,#5526,.T.);
#5528 = ORIENTED_EDGE('',*,*,#5527,.T.);
#5529 = DIRECTION('',(1.,0.,0.));
#5530 = VECTOR('',#5529,1.);
#5531 = LINE('',#5516,#5530);
#5532 = EDGE_CURVE('',#5517,#5515,#5531,.T.);
#5533 = ORIENTED_EDGE('',*,*,#5532,.T.);
#5534 = CARTESIAN_POINT('',(2.714999999999999,-0.175,-3.));
#5535 = DIRECTION('',(0.,-0.9061831399952653,-0.4228854653311239));
#5536 = DIRECTION('',(0.38949041885226054,-0.3894904188522602,0.8346223261119856));
#5537 = AXIS2_PLACEMENT_3D('',#5534,#5535,#5536);
#5538 = PLANE('',#5537);
#5539 = EDGE_LOOP('',(#5522,#5523,#5528,#5533));
#5540 = FACE_OUTER_BOUND('',#5539,.T.);
#5541 = ADVANCED_FACE('',(#5540),#5538,.T.);
#5542 = CARTESIAN_POINT('',(2.224999999999999,0.315,0.));
#5543 = VERTEX_POINT('',#5542);
#5544 = CARTESIAN_POINT('',(2.224999999999999,0.315,-2.7));
#5545 = VERTEX_POINT('',#5544);
#5546 = DIRECTION('',(1.,0.,0.));
#5547 = VECTOR('',#5546,1.);
#5548 = LINE('',#5542,#5547);
#5549 = EDGE_CURVE('',#5543,#5489,#5548,.T.);
#5550 = ORIENTED_EDGE('',*,*,#5549,.T.);
#5551 = ORIENTED_EDGE('',*,*,#5499,.F.);
#5552 = DIRECTION('',(1.,0.,0.));
#5553 = VECTOR('',#5552,1.);
#5554 = LINE('',#5544,#5553);
#5555 = EDGE_CURVE('',#5545,#5487,#5554,.T.);
#5556 = ORIENTED_EDGE('',*,*,#5555,.F.);
#5557 = DIRECTION('',(0.,0.,1.));
#5558 = VECTOR('',#5557,1.);
#5559 = LINE('',#5544,#5558);
#5560 = EDGE_CURVE('',#5545,#5543,#5559,.T.);
#5561 = ORIENTED_EDGE('',*,*,#5560,.T.);
#5562 = CARTESIAN_POINT('',(2.224999999999999,0.315,0.));
#5563 = DIRECTION('',(0.,1.,0.));
#5564 = DIRECTION('',(1.,0.,0.));
#5565 = AXIS2_PLACEMENT_3D('',#5562,#5563,#5564);
#5566 = PLANE('',#5565);
#5567 = EDGE_LOOP('',(#5550,#5551,#5556,#5561));
#5568 = FACE_OUTER_BOUND('',#5567,.T.);
#5569 = ADVANCED_FACE('',(#5568),#5566,.T.);
#5570 = ORIENTED_EDGE('',*,*,#5560,.F.);
#5571 = DIRECTION('',(0.,1.,0.));
#5572 = VECTOR('',#5571,1.);
#5573 = LINE('',#5454,#5572);
#5574 = EDGE_CURVE('',#5455,#5545,#5573,.T.);
#5575 = ORIENTED_EDGE('',*,*,#5574,.F.);
#5576 = ORIENTED_EDGE('',*,*,#5466,.T.);
#5577 = DIRECTION('',(0.,1.,0.));
#5578 = VECTOR('',#5577,1.);
#5579 = LINE('',#5452,#5578);
#5580 = EDGE_CURVE('',#5453,#5543,#5579,.T.);
#5581 = ORIENTED_EDGE('',*,*,#5580,.T.);
#5582 = CARTESIAN_POINT('',(2.224999999999999,0.315,0.));
#5583 = DIRECTION('',(-1.,0.,0.));
#5584 = DIRECTION('',(0.,0.,-1.));
#5585 = AXIS2_PLACEMENT_3D('',#5582,#5583,#5584);
#5586 = PLANE('',#5585);
#5587 = EDGE_LOOP('',(#5570,#5575,#5576,#5581));
#5588 = FACE_OUTER_BOUND('',#5587,.T.);
#5589 = ADVANCED_FACE('',(#5588),#5586,.T.);
#5590 = ORIENTED_EDGE('',*,*,#5580,.F.);
#5591 = ORIENTED_EDGE('',*,*,#5461,.T.);
#5592 = ORIENTED_EDGE('',*,*,#5504,.T.);
#5593 = ORIENTED_EDGE('',*,*,#5549,.F.);
#5594 = CARTESIAN_POINT('',(2.224999999999999,0.315,0.));
#5595 = DIRECTION('',(0.,0.,1.));
#5596 = DIRECTION('',(0.,-1.,0.));
#5597 = AXIS2_PLACEMENT_3D('',#5594,#5595,#5596);
#5598 = PLANE('',#5597);
#5599 = EDGE_LOOP('',(#5590,#5591,#5592,#5593));
#5600 = FACE_OUTER_BOUND('',#5599,.T.);
#5601 = ADVANCED_FACE('',(#5600),#5598,.T.);
#5602 = CARTESIAN_POINT('',(2.714999999999999,0.175,-3.));
#5603 = VERTEX_POINT('',#5602);
#5604 = DIRECTION('',(0.38949041885226054,0.3894904188522602,0.8346223261119856));
#5605 = VECTOR('',#5604,1.);
#5606 = LINE('',#5602,#5605);
#5607 = EDGE_CURVE('',#5603,#5487,#5606,.T.);
#5608 = ORIENTED_EDGE('',*,*,#5607,.T.);
#5609 = ORIENTED_EDGE('',*,*,#5494,.F.);
#5610 = ORIENTED_EDGE('',*,*,#5521,.F.);
#5611 = DIRECTION('',(0.,1.,0.));
#5612 = VECTOR('',#5611,1.);
#5613 = LINE('',#5514,#5612);
#5614 = EDGE_CURVE('',#5515,#5603,#5613,.T.);
#5615 = ORIENTED_EDGE('',*,*,#5614,.T.);
#5616 = CARTESIAN_POINT('',(2.714999999999999,0.175,-3.));
#5617 = DIRECTION('',(0.906183139995265,0.,-0.42288546533112464));
#5618 = DIRECTION('',(0.38949041885226054,0.3894904188522602,0.8346223261119856));
#5619 = AXIS2_PLACEMENT_3D('',#5616,#5617,#5618);
#5620 = PLANE('',#5619);
#5621 = EDGE_LOOP('',(#5608,#5609,#5610,#5615));
#5622 = FACE_OUTER_BOUND('',#5621,.T.);
#5623 = ADVANCED_FACE('',(#5622),#5620,.T.);
#5624 = CARTESIAN_POINT('',(2.3649999999999993,0.175,-3.));
#5625 = VERTEX_POINT('',#5624);
#5626 = DIRECTION('',(0.38949041885226054,-0.3894904188522602,-0.8346223261119856));
#5627 = VECTOR('',#5626,1.);
#5628 = LINE('',#5544,#5627);
#5629 = EDGE_CURVE('',#5545,#5625,#5628,.T.);
#5630 = ORIENTED_EDGE('',*,*,#5629,.F.);
#5631 = ORIENTED_EDGE('',*,*,#5555,.T.);
#5632 = ORIENTED_EDGE('',*,*,#5607,.F.);
#5633 = DIRECTION('',(1.,0.,0.));
#5634 = VECTOR('',#5633,1.);
#5635 = LINE('',#5624,#5634);
#5636 = EDGE_CURVE('',#5625,#5603,#5635,.T.);
#5637 = ORIENTED_EDGE('',*,*,#5636,.F.);
#5638 = CARTESIAN_POINT('',(2.3649999999999993,0.175,-3.));
#5639 = DIRECTION('',(0.,0.9061831399952653,-0.4228854653311239));
#5640 = DIRECTION('',(-0.38949041885226054,0.3894904188522602,0.8346223261119856));
#5641 = AXIS2_PLACEMENT_3D('',#5638,#5639,#5640);
#5642 = PLANE('',#5641);
#5643 = EDGE_LOOP('',(#5630,#5631,#5632,#5637));
#5644 = FACE_OUTER_BOUND('',#5643,.T.);
#5645 = ADVANCED_FACE('',(#5644),#5642,.T.);
#5646 = ORIENTED_EDGE('',*,*,#5636,.T.);
#5647 = ORIENTED_EDGE('',*,*,#5614,.F.);
#5648 = ORIENTED_EDGE('',*,*,#5532,.F.);
#5649 = DIRECTION('',(0.,1.,0.));
#5650 = VECTOR('',#5649,1.);
#5651 = LINE('',#5516,#5650);
#5652 = EDGE_CURVE('',#5517,#5625,#5651,.T.);
#5653 = ORIENTED_EDGE('',*,*,#5652,.T.);
#5654 = CARTESIAN_POINT('',(2.3649999999999993,0.175,-3.));
#5655 = DIRECTION('',(0.,0.,-1.));
#5656 = DIRECTION('',(1.,0.,0.));
#5657 = AXIS2_PLACEMENT_3D('',#5654,#5655,#5656);
#5658 = PLANE('',#5657);
#5659 = EDGE_LOOP('',(#5646,#5647,#5648,#5653));
#5660 = FACE_OUTER_BOUND('',#5659,.T.);
#5661 = ADVANCED_FACE('',(#5660),#5658,.T.);
#5662 = ORIENTED_EDGE('',*,*,#5652,.F.);
#5663 = ORIENTED_EDGE('',*,*,#5527,.F.);
#5664 = ORIENTED_EDGE('',*,*,#5574,.T.);
#5665 = ORIENTED_EDGE('',*,*,#5629,.T.);
#5666 = CARTESIAN_POINT('',(2.3649999999999993,0.175,-3.));
#5667 = DIRECTION('',(-0.9061831399952652,0.,-0.4228854653311246));
#5668 = DIRECTION('',(0.,-1.,0.));
#5669 = AXIS2_PLACEMENT_3D('',#5666,#5667,#5668);
#5670 = PLANE('',#5669);
#5671 = EDGE_LOOP('',(#5662,#5663,#5664,#5665));
#5672 = FACE_OUTER_BOUND('',#5671,.T.);
#5673 = ADVANCED_FACE('',(#5672),#5670,.T.);
#5674 = CLOSED_SHELL('',(#5485,#5513,#5541,#5569,#5589,#5601,#5623,#5645,#5661,#5673));
#5675 = MANIFOLD_SOLID_BREP('',#5674);
#5676 = CARTESIAN_POINT('',(2.035999999999999,-0.504,0.));
#5677 = VERTEX_POINT('',#5676);
#5678 = CARTESIAN_POINT('',(2.035999999999999,-0.504,0.504));
#5679 = VERTEX_POINT('',#5678);
#5680 = CARTESIAN_POINT('',(2.035999999999999,0.504,0.504));
#5681 = VERTEX_POINT('',#5680);
#5682 = CARTESIAN_POINT('',(2.035999999999999,0.504,0.));
#5683 = VERTEX_POINT('',#5682);
#5684 = DIRECTION('',(0.,0.,1.));
#5685 = VECTOR('',#5684,1.);
#5686 = LINE('',#5676,#5685);
#5687 = EDGE_CURVE('',#5677,#5679,#5686,.T.);
#5688 = ORIENTED_EDGE('',*,*,#5687,.T.);
#5689 = DIRECTION('',(0.,1.,0.));
#5690 = VECTOR('',#5689,1.);
#5691 = LINE('',#5678,#5690);
#5692 = EDGE_CURVE('',#5679,#5681,#5691,.T.);
#5693 = ORIENTED_EDGE('',*,*,#5692,.T.);
#5694 = DIRECTION('',(0.,0.,1.));
#5695 = VECTOR('',#5694,1.);
#5696 = LINE('',#5682,#5695);
#5697 = EDGE_CURVE('',#5683,#5681,#5696,.T.);
#5698 = ORIENTED_EDGE('',*,*,#5697,.F.);
#5699 = DIRECTION('',(0.,1.,0.));
#5700 = VECTOR('',#5699,1.);
#5701 = LINE('',#5676,#5700);
#5702 = EDGE_CURVE('',#5677,#5683,#5701,.T.);
#5703 = ORIENTED_EDGE('',*,*,#5702,.F.);
#5704 = CARTESIAN_POINT('',(2.035999999999999,-0.504,0.));
#5705 = DIRECTION('',(-1.,0.,0.));
#5706 = DIRECTION('',(0.,0.,1.));
#5707 = AXIS2_PLACEMENT_3D('',#5704,#5705,#5706);
#5708 = PLANE('',#5707);
#5709 = EDGE_LOOP('',(#5688,#5693,#5698,#5703));
#5710 = FACE_OUTER_BOUND('',#5709,.T.);
#5711 = ADVANCED_FACE('',(#5710),#5708,.T.);
#5712 = CARTESIAN_POINT('',(3.043999999999999,-0.504,0.));
#5713 = VERTEX_POINT('',#5712);
#5714 = CARTESIAN_POINT('',(3.043999999999999,0.504,0.));
#5715 = VERTEX_POINT('',#5714);
#5716 = CARTESIAN_POINT('',(3.043999999999999,0.504,0.504));
#5717 = VERTEX_POINT('',#5716);
#5718 = CARTESIAN_POINT('',(3.043999999999999,-0.504,0.504));
#5719 = VERTEX_POINT('',#5718);
#5720 = DIRECTION('',(0.,1.,0.));
#5721 = VECTOR('',#5720,1.);
#5722 = LINE('',#5712,#5721);
#5723 = EDGE_CURVE('',#5713,#5715,#5722,.T.);
#5724 = ORIENTED_EDGE('',*,*,#5723,.T.);
#5725 = DIRECTION('',(0.,0.,1.));
#5726 = VECTOR('',#5725,1.);
#5727 = LINE('',#5714,#5726);
#5728 = EDGE_CURVE('',#5715,#5717,#5727,.T.);
#5729 = ORIENTED_EDGE('',*,*,#5728,.T.);
#5730 = DIRECTION('',(0.,1.,0.));
#5731 = VECTOR('',#5730,1.);
#5732 = LINE('',#5718,#5731);
#5733 = EDGE_CURVE('',#5719,#5717,#5732,.T.);
#5734 = ORIENTED_EDGE('',*,*,#5733,.F.);
#5735 = DIRECTION('',(0.,0.,1.));
#5736 = VECTOR('',#5735,1.);
#5737 = LINE('',#5712,#5736);
#5738 = EDGE_CURVE('',#5713,#5719,#5737,.T.);
#5739 = ORIENTED_EDGE('',*,*,#5738,.F.);
#5740 = CARTESIAN_POINT('',(3.043999999999999,-0.504,0.));
#5741 = DIRECTION('',(1.,0.,0.));
#5742 = DIRECTION('',(0.,1.,0.));
#5743 = AXIS2_PLACEMENT_3D('',#5740,#5741,#5742);
#5744 = PLANE('',#5743);
#5745 = EDGE_LOOP('',(#5724,#5729,#5734,#5739));
#5746 = FACE_OUTER_BOUND('',#5745,.T.);
#5747 = ADVANCED_FACE('',(#5746),#5744,.T.);
#5748 = DIRECTION('',(1.,0.,0.));
#5749 = VECTOR('',#5748,1.);
#5750 = LINE('',#5676,#5749);
#5751 = EDGE_CURVE('',#5677,#5713,#5750,.T.);
#5752 = ORIENTED_EDGE('',*,*,#5751,.T.);
#5753 = ORIENTED_EDGE('',*,*,#5738,.T.);
#5754 = DIRECTION('',(1.,0.,0.));
#5755 = VECTOR('',#5754,1.);
#5756 = LINE('',#5678,#5755);
#5757 = EDGE_CURVE('',#5679,#5719,#5756,.T.);
#5758 = ORIENTED_EDGE('',*,*,#5757,.F.);
#5759 = ORIENTED_EDGE('',*,*,#5687,.F.);
#5760 = CARTESIAN_POINT('',(2.035999999999999,-0.504,0.));
#5761 = DIRECTION('',(0.,-1.,0.));
#5762 = DIRECTION('',(1.,0.,0.));
#5763 = AXIS2_PLACEMENT_3D('',#5760,#5761,#5762);
#5764 = PLANE('',#5763);
#5765 = EDGE_LOOP('',(#5752,#5753,#5758,#5759));
#5766 = FACE_OUTER_BOUND('',#5765,.T.);
#5767 = ADVANCED_FACE('',(#5766),#5764,.T.);
#5768 = ORIENTED_EDGE('',*,*,#5697,.T.);
#5769 = DIRECTION('',(1.,0.,0.));
#5770 = VECTOR('',#5769,1.);
#5771 = LINE('',#5680,#5770);
#5772 = EDGE_CURVE('',#5681,#5717,#5771,.T.);
#5773 = ORIENTED_EDGE('',*,*,#5772,.T.);
#5774 = ORIENTED_EDGE('',*,*,#5728,.F.);
#5775 = DIRECTION('',(1.,0.,0.));
#5776 = VECTOR('',#5775,1.);
#5777 = LINE('',#5682,#5776);
#5778 = EDGE_CURVE('',#5683,#5715,#5777,.T.);
#5779 = ORIENTED_EDGE('',*,*,#5778,.F.);
#5780 = CARTESIAN_POINT('',(2.035999999999999,0.504,0.));
#5781 = DIRECTION('',(0.,1.,0.));
#5782 = DIRECTION('',(0.,0.,1.));
#5783 = AXIS2_PLACEMENT_3D('',#5780,#5781,#5782);
#5784 = PLANE('',#5783);
#5785 = EDGE_LOOP('',(#5768,#5773,#5774,#5779));
#5786 = FACE_OUTER_BOUND('',#5785,.T.);
#5787 = ADVANCED_FACE('',(#5786),#5784,.T.);
#5788 = ORIENTED_EDGE('',*,*,#5702,.T.);
#5789 = ORIENTED_EDGE('',*,*,#5778,.T.);
#5790 = ORIENTED_EDGE('',*,*,#5723,.F.);
#5791 = ORIENTED_EDGE('',*,*,#5751,.F.);
#5792 = CARTESIAN_POINT('',(2.035999999999999,-0.504,0.));
#5793 = DIRECTION('',(0.,0.,-1.));
#5794 = DIRECTION('',(0.,1.,0.));
#5795 = AXIS2_PLACEMENT_3D('',#5792,#5793,#5794);
#5796 = PLANE('',#5795);
#5797 = EDGE_LOOP('',(#5788,#5789,#5790,#5791));
#5798 = FACE_OUTER_BOUND('',#5797,.T.);
#5799 = ADVANCED_FACE('',(#5798),#5796,.T.);
#5800 = ORIENTED_EDGE('',*,*,#5757,.T.);
#5801 = ORIENTED_EDGE('',*,*,#5733,.T.);
#5802 = ORIENTED_EDGE('',*,*,#5772,.F.);
#5803 = ORIENTED_EDGE('',*,*,#5692,.F.);
#5804 = CARTESIAN_POINT('',(2.035999999999999,-0.504,0.504));
#5805 = DIRECTION('',(0.,0.,1.));
#5806 = DIRECTION('',(1.,0.,0.));
#5807 = AXIS2_PLACEMENT_3D('',#5804,#5805,#5806);
#5808 = PLANE('',#5807);
#5809 = EDGE_LOOP('',(#5800,#5801,#5802,#5803));
#5810 = FACE_OUTER_BOUND('',#5809,.T.);
#5811 = ADVANCED_FACE('',(#5810),#5808,.T.);
#5812 = CLOSED_SHELL('',(#5711,#5747,#5767,#5787,#5799,#5811));
#5813 = MANIFOLD_SOLID_BREP('',#5812);
#5814 = CARTESIAN_POINT('',(3.81,-1.27,0.));
#5815 = VERTEX_POINT('',#5814);
#5816 = CARTESIAN_POINT('',(3.81,-1.27,5.));
#5817 = VERTEX_POINT('',#5816);
#5818 = CARTESIAN_POINT('',(3.81,-0.8504999999999999,5.));
#5819 = VERTEX_POINT('',#5818);
#5820 = CARTESIAN_POINT('',(3.81,0.8504999999999999,5.));
#5821 = VERTEX_POINT('',#5820);
#5822 = CARTESIAN_POINT('',(3.81,1.27,5.));
#5823 = VERTEX_POINT('',#5822);
#5824 = CARTESIAN_POINT('',(3.81,1.27,0.));
#5825 = VERTEX_POINT('',#5824);
#5826 = CARTESIAN_POINT('',(3.81,0.4724999999999999,0.));
#5827 = VERTEX_POINT('',#5826);
#5828 = CARTESIAN_POINT('',(3.81,-0.4724999999999999,0.));
#5829 = VERTEX_POINT('',#5828);
#5830 = DIRECTION('',(0.,0.,1.));
#5831 = VECTOR('',#5830,1.);
#5832 = LINE('',#5814,#5831);
#5833 = EDGE_CURVE('',#5815,#5817,#5832,.T.);
#5834 = ORIENTED_EDGE('',*,*,#5833,.T.);
#5835 = DIRECTION('',(0.,-1.,0.));
#5836 = VECTOR('',#5835,1.);
#5837 = LINE('',#5818,#5836);
#5838 = EDGE_CURVE('',#5819,#5817,#5837,.T.);
#5839 = ORIENTED_EDGE('',*,*,#5838,.F.);
#5840 = DIRECTION('',(0.,1.,0.));
#5841 = VECTOR('',#5840,1.);
#5842 = LINE('',#5818,#5841);
#5843 = EDGE_CURVE('',#5819,#5821,#5842,.T.);
#5844 = ORIENTED_EDGE('',*,*,#5843,.T.);
#5845 = DIRECTION('',(0.,1.,0.));
#5846 = VECTOR('',#5845,1.);
#5847 = LINE('',#5820,#5846);
#5848 = EDGE_CURVE('',#5821,#5823,#5847,.T.);
#5849 = ORIENTED_EDGE('',*,*,#5848,.T.);
#5850 = DIRECTION('',(0.,0.,1.));
#5851 = VECTOR('',#5850,1.);
#5852 = LINE('',#5824,#5851);
#5853 = EDGE_CURVE('',#5825,#5823,#5852,.T.);
#5854 = ORIENTED_EDGE('',*,*,#5853,.F.);
#5855 = DIRECTION('',(0.,1.,0.));
#5856 = VECTOR('',#5855,1.);
#5857 = LINE('',#5826,#5856);
#5858 = EDGE_CURVE('',#5827,#5825,#5857,.T.);
#5859 = ORIENTED_EDGE('',*,*,#5858,.F.);
#5860 = DIRECTION('',(0.,1.,0.));
#5861 = VECTOR('',#5860,1.);
#5862 = LINE('',#5828,#5861);
#5863 = EDGE_CURVE('',#5829,#5827,#5862,.T.);
#5864 = ORIENTED_EDGE('',*,*,#5863,.F.);
#5865 = DIRECTION('',(0.,-1.,0.));
#5866 = VECTOR('',#5865,1.);
#5867 = LINE('',#5828,#5866);
#5868 = EDGE_CURVE('',#5829,#5815,#5867,.T.);
#5869 = ORIENTED_EDGE('',*,*,#5868,.T.);
#5870 = CARTESIAN_POINT('',(3.81,-1.27,0.));
#5871 = DIRECTION('',(-1.,0.,0.));
#5872 = DIRECTION('',(0.,0.,1.));
#5873 = AXIS2_PLACEMENT_3D('',#5870,#5871,#5872);
#5874 = PLANE('',#5873);
#5875 = EDGE_LOOP('',(#5834,#5839,#5844,#5849,#5854,#5859,#5864,#5869));
#5876 = FACE_OUTER_BOUND('',#5875,.T.);
#5877 = ADVANCED_FACE('',(#5876),#5874,.T.);
#5878 = CARTESIAN_POINT('',(6.35,-1.27,0.));
#5879 = VERTEX_POINT('',#5878);
#5880 = CARTESIAN_POINT('',(6.35,-0.4724999999999999,0.));
#5881 = VERTEX_POINT('',#5880);
#5882 = CARTESIAN_POINT('',(6.35,0.4724999999999999,0.));
#5883 = VERTEX_POINT('',#5882);
#5884 = CARTESIAN_POINT('',(6.35,1.27,0.));
#5885 = VERTEX_POINT('',#5884);
#5886 = CARTESIAN_POINT('',(6.35,1.27,5.));
#5887 = VERTEX_POINT('',#5886);
#5888 = CARTESIAN_POINT('',(6.35,0.8504999999999999,5.));
#5889 = VERTEX_POINT('',#5888);
#5890 = CARTESIAN_POINT('',(6.35,-0.8504999999999999,5.));
#5891 = VERTEX_POINT('',#5890);
#5892 = CARTESIAN_POINT('',(6.35,-1.27,5.));
#5893 = VERTEX_POINT('',#5892);
#5894 = DIRECTION('',(0.,-1.,0.));
#5895 = VECTOR('',#5894,1.);
#5896 = LINE('',#5880,#5895);
#5897 = EDGE_CURVE('',#5881,#5879,#5896,.T.);
#5898 = ORIENTED_EDGE('',*,*,#5897,.F.);
#5899 = DIRECTION('',(0.,1.,0.));
#5900 = VECTOR('',#5899,1.);
#5901 = LINE('',#5880,#5900);
#5902 = EDGE_CURVE('',#5881,#5883,#5901,.T.);
#5903 = ORIENTED_EDGE('',*,*,#5902,.T.);
#5904 = DIRECTION('',(0.,1.,0.));
#5905 = VECTOR('',#5904,1.);
#5906 = LINE('',#5882,#5905);
#5907 = EDGE_CURVE('',#5883,#5885,#5906,.T.);
#5908 = ORIENTED_EDGE('',*,*,#5907,.T.);
#5909 = DIRECTION('',(0.,0.,1.));
#5910 = VECTOR('',#5909,1.);
#5911 = LINE('',#5884,#5910);
#5912 = EDGE_CURVE('',#5885,#5887,#5911,.T.);
#5913 = ORIENTED_EDGE('',*,*,#5912,.T.);
#5914 = DIRECTION('',(0.,1.,0.));
#5915 = VECTOR('',#5914,1.);
#5916 = LINE('',#5888,#5915);
#5917 = EDGE_CURVE('',#5889,#5887,#5916,.T.);
#5918 = ORIENTED_EDGE('',*,*,#5917,.F.);
#5919 = DIRECTION('',(0.,1.,0.));
#5920 = VECTOR('',#5919,1.);
#5921 = LINE('',#5890,#5920);
#5922 = EDGE_CURVE('',#5891,#5889,#5921,.T.);
#5923 = ORIENTED_EDGE('',*,*,#5922,.F.);
#5924 = DIRECTION('',(0.,-1.,0.));
#5925 = VECTOR('',#5924,1.);
#5926 = LINE('',#5890,#5925);
#5927 = EDGE_CURVE('',#5891,#5893,#5926,.T.);
#5928 = ORIENTED_EDGE('',*,*,#5927,.T.);
#5929 = DIRECTION('',(0.,0.,1.));
#5930 = VECTOR('',#5929,1.);
#5931 = LINE('',#5878,#5930);
#5932 = EDGE_CURVE('',#5879,#5893,#5931,.T.);
#5933 = ORIENTED_EDGE('',*,*,#5932,.F.);
#5934 = CARTESIAN_POINT('',(6.35,-1.27,0.));
#5935 = DIRECTION('',(1.,0.,0.));
#5936 = DIRECTION('',(0.,1.,0.));
#5937 = AXIS2_PLACEMENT_3D('',#5934,#5935,#5936);
#5938 = PLANE('',#5937);
#5939 = EDGE_LOOP('',(#5898,#5903,#5908,#5913,#5918,#5923,#5928,#5933));
#5940 = FACE_OUTER_BOUND('',#5939,.T.);
#5941 = ADVANCED_FACE('',(#5940),#5938,.T.);
#5942 = DIRECTION('',(1.,0.,0.));
#5943 = VECTOR('',#5942,1.);
#5944 = LINE('',#5814,#5943);
#5945 = EDGE_CURVE('',#5815,#5879,#5944,.T.);
#5946 = ORIENTED_EDGE('',*,*,#5945,.T.);
#5947 = ORIENTED_EDGE('',*,*,#5932,.T.);
#5948 = DIRECTION('',(1.,0.,0.));
#5949 = VECTOR('',#5948,1.);
#5950 = LINE('',#5816,#5949);
#5951 = EDGE_CURVE('',#5817,#5893,#5950,.T.);
#5952 = ORIENTED_EDGE('',*,*,#5951,.F.);
#5953 = ORIENTED_EDGE('',*,*,#5833,.F.);
#5954 = CARTESIAN_POINT('',(3.81,-1.27,0.));
#5955 = DIRECTION('',(0.,-1.,0.));
#5956 = DIRECTION('',(1.,0.,0.));
#5957 = AXIS2_PLACEMENT_3D('',#5954,#5955,#5956);
#5958 = PLANE('',#5957);
#5959 = EDGE_LOOP('',(#5946,#5947,#5952,#5953));
#5960 = FACE_OUTER_BOUND('',#5959,.T.);
#5961 = ADVANCED_FACE('',(#5960),#5958,.T.);
#5962 = ORIENTED_EDGE('',*,*,#5853,.T.);
#5963 = DIRECTION('',(1.,0.,0.));
#5964 = VECTOR('',#5963,1.);
#5965 = LINE('',#5822,#5964);
#5966 = EDGE_CURVE('',#5823,#5887,#5965,.T.);
#5967 = ORIENTED_EDGE('',*,*,#5966,.T.);
#5968 = ORIENTED_EDGE('',*,*,#5912,.F.);
#5969 = DIRECTION('',(1.,0.,0.));
#5970 = VECTOR('',#5969,1.);
#5971 = LINE('',#5824,#5970);
#5972 = EDGE_CURVE('',#5825,#5885,#5971,.T.);
#5973 = ORIENTED_EDGE('',*,*,#5972,.F.);
#5974 = CARTESIAN_POINT('',(3.81,1.27,0.));
#5975 = DIRECTION('',(0.,1.,0.));
#5976 = DIRECTION('',(0.,0.,1.));
#5977 = AXIS2_PLACEMENT_3D('',#5974,#5975,#5976);
#5978 = PLANE('',#5977);
#5979 = EDGE_LOOP('',(#5962,#5967,#5968,#5973));
#5980 = FACE_OUTER_BOUND('',#5979,.T.);
#5981 = ADVANCED_FACE('',(#5980),#5978,.T.);
#5982 = CARTESIAN_POINT('',(5.5525,0.4725,0.));
#5983 = VERTEX_POINT('',#5982);
#5984 = CARTESIAN_POINT('',(4.6075,0.4725,0.));
#5985 = VERTEX_POINT('',#5984);
#5986 = ORIENTED_EDGE('',*,*,#5907,.F.);
#5987 = DIRECTION('',(1.,0.,0.));
#5988 = VECTOR('',#5987,1.);
#5989 = LINE('',#5982,#5988);
#5990 = EDGE_CURVE('',#5983,#5883,#5989,.T.);
#5991 = ORIENTED_EDGE('',*,*,#5990,.F.);
#5992 = DIRECTION('',(1.,0.,0.));
#5993 = VECTOR('',#5992,1.);
#5994 = LINE('',#5984,#5993);
#5995 = EDGE_CURVE('',#5985,#5983,#5994,.T.);
#5996 = ORIENTED_EDGE('',*,*,#5995,.F.);
#5997 = DIRECTION('',(1.,0.,0.));
#5998 = VECTOR('',#5997,1.);
#5999 = LINE('',#5826,#5998);
#6000 = EDGE_CURVE('',#5827,#5985,#5999,.T.);
#6001 = ORIENTED_EDGE('',*,*,#6000,.F.);
#6002 = ORIENTED_EDGE('',*,*,#5858,.T.);
#6003 = ORIENTED_EDGE('',*,*,#5972,.T.);
#6004 = CARTESIAN_POINT('',(6.35,1.27,0.));
#6005 = DIRECTION('',(0.,0.,-1.));
#6006 = DIRECTION('',(0.,-1.,0.));
#6007 = AXIS2_PLACEMENT_3D('',#6004,#6005,#6006);
#6008 = PLANE('',#6007);
#6009 = EDGE_LOOP('',(#5986,#5991,#5996,#6001,#6002,#6003));
#6010 = FACE_OUTER_BOUND('',#6009,.T.);
#6011 = ADVANCED_FACE('',(#6010),#6008,.T.);
#6012 = CARTESIAN_POINT('',(4.6075,-0.4724999999999999,0.));
#6013 = VERTEX_POINT('',#6012);
#6014 = DIRECTION('',(0.,1.,0.));
#6015 = VECTOR('',#6014,1.);
#6016 = LINE('',#6012,#6015);
#6017 = EDGE_CURVE('',#6013,#5985,#6016,.T.);
#6018 = ORIENTED_EDGE('',*,*,#6017,.F.);
#6019 = DIRECTION('',(1.,0.,0.));
#6020 = VECTOR('',#6019,1.);
#6021 = LINE('',#5828,#6020);
#6022 = EDGE_CURVE('',#5829,#6013,#6021,.T.);
#6023 = ORIENTED_EDGE('',*,*,#6022,.F.);
#6024 = ORIENTED_EDGE('',*,*,#5863,.T.);
#6025 = ORIENTED_EDGE('',*,*,#6000,.T.);
#6026 = CARTESIAN_POINT('',(4.6075,0.4724999999999999,0.));
#6027 = DIRECTION('',(0.,0.,-1.));
#6028 = DIRECTION('',(0.,-1.,0.));
#6029 = AXIS2_PLACEMENT_3D('',#6026,#6027,#6028);
#6030 = PLANE('',#6029);
#6031 = EDGE_LOOP('',(#6018,#6023,#6024,#6025));
#6032 = FACE_OUTER_BOUND('',#6031,.T.);
#6033 = ADVANCED_FACE('',(#6032),#6030,.T.);
#6034 = CARTESIAN_POINT('',(5.5525,-0.4724999999999999,0.));
#6035 = VERTEX_POINT('',#6034);
#6036 = ORIENTED_EDGE('',*,*,#5902,.F.);
#6037 = DIRECTION('',(1.,0.,0.));
#6038 = VECTOR('',#6037,1.);
#6039 = LINE('',#6034,#6038);
#6040 = EDGE_CURVE('',#6035,#5881,#6039,.T.);
#6041 = ORIENTED_EDGE('',*,*,#6040,.F.);
#6042 = DIRECTION('',(0.,1.,0.));
#6043 = VECTOR('',#6042,1.);
#6044 = LINE('',#6034,#6043);
#6045 = EDGE_CURVE('',#6035,#5983,#6044,.T.);
#6046 = ORIENTED_EDGE('',*,*,#6045,.T.);
#6047 = ORIENTED_EDGE('',*,*,#5990,.T.);
#6048 = CARTESIAN_POINT('',(6.35,0.4724999999999999,0.));
#6049 = DIRECTION('',(0.,0.,-1.));
#6050 = DIRECTION('',(0.,-1.,0.));
#6051 = AXIS2_PLACEMENT_3D('',#6048,#6049,#6050);
#6052 = PLANE('',#6051);
#6053 = EDGE_LOOP('',(#6036,#6041,#6046,#6047));
#6054 = FACE_OUTER_BOUND('',#6053,.T.);
#6055 = ADVANCED_FACE('',(#6054),#6052,.T.);
#6056 = ORIENTED_EDGE('',*,*,#5897,.T.);
#6057 = ORIENTED_EDGE('',*,*,#5945,.F.);
#6058 = ORIENTED_EDGE('',*,*,#5868,.F.);
#6059 = ORIENTED_EDGE('',*,*,#6022,.T.);
#6060 = DIRECTION('',(1.,0.,0.));
#6061 = VECTOR('',#6060,1.);
#6062 = LINE('',#6012,#6061);
#6063 = EDGE_CURVE('',#6013,#6035,#6062,.T.);
#6064 = ORIENTED_EDGE('',*,*,#6063,.T.);
#6065 = ORIENTED_EDGE('',*,*,#6040,.T.);
#6066 = CARTESIAN_POINT('',(6.35,-0.4724999999999999,0.));
#6067 = DIRECTION('',(0.,0.,-1.));
#6068 = DIRECTION('',(0.,-1.,0.));
#6069 = AXIS2_PLACEMENT_3D('',#6066,#6067,#6068);
#6070 = PLANE('',#6069);
#6071 = EDGE_LOOP('',(#6056,#6057,#6058,#6059,#6064,#6065));
#6072 = FACE_OUTER_BOUND('',#6071,.T.);
#6073 = ADVANCED_FACE('',(#6072),#6070,.T.);
#6074 = CARTESIAN_POINT('',(4.2295,-0.8504999999999999,4.995));
#6075 = VERTEX_POINT('',#6074);
#6076 = CARTESIAN_POINT('',(5.9305,-0.8504999999999999,4.995));
#6077 = VERTEX_POINT('',#6076);
#6078 = CARTESIAN_POINT('',(5.5525,-0.4725,4.3854));
#6079 = VERTEX_POINT('',#6078);
#6080 = CARTESIAN_POINT('',(4.6075,-0.4725,4.3854));
#6081 = VERTEX_POINT('',#6080);
#6082 = DIRECTION('',(1.,0.,0.));
#6083 = VECTOR('',#6082,1.);
#6084 = LINE('',#6074,#6083);
#6085 = EDGE_CURVE('',#6075,#6077,#6084,.T.);
#6086 = ORIENTED_EDGE('',*,*,#6085,.T.);
#6087 = DIRECTION('',(0.46621205975657015,-0.46621205975656993,0.7518594487502784));
#6088 = VECTOR('',#6087,1.);
#6089 = LINE('',#6078,#6088);
#6090 = EDGE_CURVE('',#6079,#6077,#6089,.T.);
#6091 = ORIENTED_EDGE('',*,*,#6090,.F.);
#6092 = DIRECTION('',(1.,0.,0.));
#6093 = VECTOR('',#6092,1.);
#6094 = LINE('',#6080,#6093);
#6095 = EDGE_CURVE('',#6081,#6079,#6094,.T.);
#6096 = ORIENTED_EDGE('',*,*,#6095,.F.);
#6097 = DIRECTION('',(0.46621205975657015,0.46621205975656993,-0.7518594487502784));
#6098 = VECTOR('',#6097,1.);
#6099 = LINE('',#6074,#6098);
#6100 = EDGE_CURVE('',#6075,#6081,#6099,.T.);
#6101 = ORIENTED_EDGE('',*,*,#6100,.F.);
#6102 = CARTESIAN_POINT('',(4.2295,-0.8504999999999999,4.995));
#6103 = DIRECTION('',(0.,0.8498727207846388,0.5269880059983485));
#6104 = DIRECTION('',(1.,0.,0.));
#6105 = AXIS2_PLACEMENT_3D('',#6102,#6103,#6104);
#6106 = PLANE('',#6105);
#6107 = EDGE_LOOP('',(#6086,#6091,#6096,#6101));
#6108 = FACE_OUTER_BOUND('',#6107,.T.);
#6109 = ADVANCED_FACE('',(#6108),#6106,.T.);
#6110 = CARTESIAN_POINT('',(4.6075,0.4725,4.3854));
#6111 = VERTEX_POINT('',#6110);
#6112 = CARTESIAN_POINT('',(4.2295,0.8504999999999999,4.995));
#6113 = VERTEX_POINT('',#6112);
#6114 = DIRECTION('',(0.46621205975657015,-0.46621205975656993,-0.7518594487502784));
#6115 = VECTOR('',#6114,1.);
#6116 = LINE('',#6112,#6115);
#6117 = EDGE_CURVE('',#6113,#6111,#6116,.T.);
#6118 = ORIENTED_EDGE('',*,*,#6117,.F.);
#6119 = DIRECTION('',(0.,1.,0.));
#6120 = VECTOR('',#6119,1.);
#6121 = LINE('',#6074,#6120);
#6122 = EDGE_CURVE('',#6075,#6113,#6121,.T.);
#6123 = ORIENTED_EDGE('',*,*,#6122,.F.);
#6124 = ORIENTED_EDGE('',*,*,#6100,.T.);
#6125 = DIRECTION('',(0.,1.,0.));
#6126 = VECTOR('',#6125,1.);
#6127 = LINE('',#6080,#6126);
#6128 = EDGE_CURVE('',#6081,#6111,#6127,.T.);
#6129 = ORIENTED_EDGE('',*,*,#6128,.T.);
#6130 = CARTESIAN_POINT('',(4.6075,0.4725,4.3854));
#6131 = DIRECTION('',(0.8498727207846386,0.,0.5269880059983487));
#6132 = DIRECTION('',(-0.46621205975657015,0.46621205975656993,0.7518594487502784));
#6133 = AXIS2_PLACEMENT_3D('',#6130,#6131,#6132);
#6134 = PLANE('',#6133);
#6135 = EDGE_LOOP('',(#6118,#6123,#6124,#6129));
#6136 = FACE_OUTER_BOUND('',#6135,.T.);
#6137 = ADVANCED_FACE('',(#6136),#6134,.T.);
#6138 = CARTESIAN_POINT('',(5.9305,0.8504999999999999,4.995));
#6139 = VERTEX_POINT('',#6138);
#6140 = CARTESIAN_POINT('',(5.5525,0.4725,4.3854));
#6141 = VERTEX_POINT('',#6140);
#6142 = DIRECTION('',(1.,0.,0.));
#6143 = VECTOR('',#6142,1.);
#6144 = LINE('',#6112,#6143);
#6145 = EDGE_CURVE('',#6113,#6139,#6144,.T.);
#6146 = ORIENTED_EDGE('',*,*,#6145,.F.);
#6147 = ORIENTED_EDGE('',*,*,#6117,.T.);
#6148 = DIRECTION('',(1.,0.,0.));
#6149 = VECTOR('',#6148,1.);
#6150 = LINE('',#6110,#6149);
#6151 = EDGE_CURVE('',#6111,#6141,#6150,.T.);
#6152 = ORIENTED_EDGE('',*,*,#6151,.T.);
#6153 = DIRECTION('',(0.46621205975657015,0.46621205975656993,0.7518594487502784));
#6154 = VECTOR('',#6153,1.);
#6155 = LINE('',#6140,#6154);
#6156 = EDGE_CURVE('',#6141,#6139,#6155,.T.);
#6157 = ORIENTED_EDGE('',*,*,#6156,.T.);
#6158 = CARTESIAN_POINT('',(5.9305,0.8504999999999999,4.995));
#6159 = DIRECTION('',(0.,-0.8498727207846388,0.5269880059983485));
#6160 = DIRECTION('',(-1.,0.,0.));
#6161 = AXIS2_PLACEMENT_3D('',#6158,#6159,#6160);
#6162 = PLANE('',#6161);
#6163 = EDGE_LOOP('',(#6146,#6147,#6152,#6157));
#6164 = FACE_OUTER_BOUND('',#6163,.T.);
#6165 = ADVANCED_FACE('',(#6164),#6162,.T.);
#6166 = ORIENTED_EDGE('',*,*,#6090,.T.);
#6167 = DIRECTION('',(0.,1.,0.));
#6168 = VECTOR('',#6167,1.);
#6169 = LINE('',#6076,#6168);
#6170 = EDGE_CURVE('',#6077,#6139,#6169,.T.);
#6171 = ORIENTED_EDGE('',*,*,#6170,.T.);
#6172 = ORIENTED_EDGE('',*,*,#6156,.F.);
#6173 = DIRECTION('',(0.,1.,0.));
#6174 = VECTOR('',#6173,1.);
#6175 = LINE('',#6078,#6174);
#6176 = EDGE_CURVE('',#6079,#6141,#6175,.T.);
#6177 = ORIENTED_EDGE('',*,*,#6176,.F.);
#6178 = CARTESIAN_POINT('',(5.5525,-0.4725,4.3854));
#6179 = DIRECTION('',(-0.8498727207846386,0.,0.5269880059983487));
#6180 = DIRECTION('',(0.46621205975657015,-0.46621205975656993,0.7518594487502784));
#6181 = AXIS2_PLACEMENT_3D('',#6178,#6179,#6180);
#6182 = PLANE('',#6181);
#6183 = EDGE_LOOP('',(#6166,#6171,#6172,#6177));
#6184 = FACE_OUTER_BOUND('',#6183,.T.);
#6185 = ADVANCED_FACE('',(#6184),#6182,.T.);
#6186 = CARTESIAN_POINT('',(5.9305,-0.8504999999999999,5.));
#6187 = VERTEX_POINT('',#6186);
#6188 = CARTESIAN_POINT('',(4.2295,-0.8504999999999999,5.));
#6189 = VERTEX_POINT('',#6188);
#6190 = DIRECTION('',(0.,0.,1.));
#6191 = VECTOR('',#6190,1.);
#6192 = LINE('',#6076,#6191);
#6193 = EDGE_CURVE('',#6077,#6187,#6192,.T.);
#6194 = ORIENTED_EDGE('',*,*,#6193,.F.);
#6195 = ORIENTED_EDGE('',*,*,#6085,.F.);
#6196 = DIRECTION('',(0.,0.,1.));
#6197 = VECTOR('',#6196,1.);
#6198 = LINE('',#6074,#6197);
#6199 = EDGE_CURVE('',#6075,#6189,#6198,.T.);
#6200 = ORIENTED_EDGE('',*,*,#6199,.T.);
#6201 = DIRECTION('',(1.,0.,0.));
#6202 = VECTOR('',#6201,1.);
#6203 = LINE('',#6188,#6202);
#6204 = EDGE_CURVE('',#6189,#6187,#6203,.T.);
#6205 = ORIENTED_EDGE('',*,*,#6204,.T.);
#6206 = CARTESIAN_POINT('',(5.9305,-0.8504999999999999,5.));
#6207 = DIRECTION('',(0.,1.,0.));
#6208 = DIRECTION('',(0.,0.,-1.));
#6209 = AXIS2_PLACEMENT_3D('',#6206,#6207,#6208);
#6210 = PLANE('',#6209);
#6211 = EDGE_LOOP('',(#6194,#6195,#6200,#6205));
#6212 = FACE_OUTER_BOUND('',#6211,.T.);
#6213 = ADVANCED_FACE('',(#6212),#6210,.T.);
#6214 = CARTESIAN_POINT('',(4.2295,0.8504999999999999,5.));
#6215 = VERTEX_POINT('',#6214);
#6216 = ORIENTED_EDGE('',*,*,#6199,.F.);
#6217 = ORIENTED_EDGE('',*,*,#6122,.T.);
#6218 = DIRECTION('',(0.,0.,1.));
#6219 = VECTOR('',#6218,1.);
#6220 = LINE('',#6112,#6219);
#6221 = EDGE_CURVE('',#6113,#6215,#6220,.T.);
#6222 = ORIENTED_EDGE('',*,*,#6221,.T.);
#6223 = DIRECTION('',(0.,1.,0.));
#6224 = VECTOR('',#6223,1.);
#6225 = LINE('',#6188,#6224);
#6226 = EDGE_CURVE('',#6189,#6215,#6225,.T.);
#6227 = ORIENTED_EDGE('',*,*,#6226,.F.);
#6228 = CARTESIAN_POINT('',(4.2295,-0.8504999999999999,5.));
#6229 = DIRECTION('',(1.,0.,0.));
#6230 = DIRECTION('',(0.,0.,-1.));
#6231 = AXIS2_PLACEMENT_3D('',#6228,#6229,#6230);
#6232 = PLANE('',#6231);
#6233 = EDGE_LOOP('',(#6216,#6217,#6222,#6227));
#6234 = FACE_OUTER_BOUND('',#6233,.T.);
#6235 = ADVANCED_FACE('',(#6234),#6232,.T.);
#6236 = CARTESIAN_POINT('',(5.9305,0.8504999999999999,5.));
#6237 = VERTEX_POINT('',#6236);
#6238 = DIRECTION('',(0.,0.,1.));
#6239 = VECTOR('',#6238,1.);
#6240 = LINE('',#6138,#6239);
#6241 = EDGE_CURVE('',#6139,#6237,#6240,.T.);
#6242 = ORIENTED_EDGE('',*,*,#6241,.F.);
#6243 = ORIENTED_EDGE('',*,*,#6170,.F.);
#6244 = ORIENTED_EDGE('',*,*,#6193,.T.);
#6245 = DIRECTION('',(0.,1.,0.));
#6246 = VECTOR('',#6245,1.);
#6247 = LINE('',#6186,#6246);
#6248 = EDGE_CURVE('',#6187,#6237,#6247,.T.);
#6249 = ORIENTED_EDGE('',*,*,#6248,.T.);
#6250 = CARTESIAN_POINT('',(5.9305,0.8504999999999999,5.));
#6251 = DIRECTION('',(-1.,0.,0.));
#6252 = DIRECTION('',(0.,0.,-1.));
#6253 = AXIS2_PLACEMENT_3D('',#6250,#6251,#6252);
#6254 = PLANE('',#6253);
#6255 = EDGE_LOOP('',(#6242,#6243,#6244,#6249));
#6256 = FACE_OUTER_BOUND('',#6255,.T.);
#6257 = ADVANCED_FACE('',(#6256),#6254,.T.);
#6258 = ORIENTED_EDGE('',*,*,#6221,.F.);
#6259 = ORIENTED_EDGE('',*,*,#6145,.T.);
#6260 = ORIENTED_EDGE('',*,*,#6241,.T.);
#6261 = DIRECTION('',(1.,0.,0.));
#6262 = VECTOR('',#6261,1.);
#6263 = LINE('',#6214,#6262);
#6264 = EDGE_CURVE('',#6215,#6237,#6263,.T.);
#6265 = ORIENTED_EDGE('',*,*,#6264,.F.);
#6266 = CARTESIAN_POINT('',(4.2295,0.8504999999999999,5.));
#6267 = DIRECTION('',(0.,-1.,0.));
#6268 = DIRECTION('',(0.,0.,-1.));
#6269 = AXIS2_PLACEMENT_3D('',#6266,#6267,#6268);
#6270 = PLANE('',#6269);
#6271 = EDGE_LOOP('',(#6258,#6259,#6260,#6265));
#6272 = FACE_OUTER_BOUND('',#6271,.T.);
#6273 = ADVANCED_FACE('',(#6272),#6270,.T.);
#6274 = DIRECTION('',(0.,0.,1.));
#6275 = VECTOR('',#6274,1.);
#6276 = LINE('',#6012,#6275);
#6277 = EDGE_CURVE('',#6013,#6081,#6276,.T.);
#6278 = ORIENTED_EDGE('',*,*,#6277,.F.);
#6279 = ORIENTED_EDGE('',*,*,#6017,.T.);
#6280 = DIRECTION('',(0.,0.,1.));
#6281 = VECTOR('',#6280,1.);
#6282 = LINE('',#5984,#6281);
#6283 = EDGE_CURVE('',#5985,#6111,#6282,.T.);
#6284 = ORIENTED_EDGE('',*,*,#6283,.T.);
#6285 = ORIENTED_EDGE('',*,*,#6128,.F.);
#6286 = CARTESIAN_POINT('',(4.6075,-0.4725,4.385399999999999));
#6287 = DIRECTION('',(1.,0.,0.));
#6288 = DIRECTION('',(0.,0.,-1.));
#6289 = AXIS2_PLACEMENT_3D('',#6286,#6287,#6288);
#6290 = PLANE('',#6289);
#6291 = EDGE_LOOP('',(#6278,#6279,#6284,#6285));
#6292 = FACE_OUTER_BOUND('',#6291,.T.);
#6293 = ADVANCED_FACE('',(#6292),#6290,.T.);
#6294 = ORIENTED_EDGE('',*,*,#6176,.T.);
#6295 = DIRECTION('',(0.,0.,1.));
#6296 = VECTOR('',#6295,1.);
#6297 = LINE('',#5982,#6296);
#6298 = EDGE_CURVE('',#5983,#6141,#6297,.T.);
#6299 = ORIENTED_EDGE('',*,*,#6298,.F.);
#6300 = ORIENTED_EDGE('',*,*,#6045,.F.);
#6301 = DIRECTION('',(0.,0.,1.));
#6302 = VECTOR('',#6301,1.);
#6303 = LINE('',#6034,#6302);
#6304 = EDGE_CURVE('',#6035,#6079,#6303,.T.);
#6305 = ORIENTED_EDGE('',*,*,#6304,.T.);
#6306 = CARTESIAN_POINT('',(5.5525,-0.4725,4.385399999999999));
#6307 = DIRECTION('',(-1.,0.,0.));
#6308 = DIRECTION('',(0.,1.,0.));
#6309 = AXIS2_PLACEMENT_3D('',#6306,#6307,#6308);
#6310 = PLANE('',#6309);
#6311 = EDGE_LOOP('',(#6294,#6299,#6300,#6305));
#6312 = FACE_OUTER_BOUND('',#6311,.T.);
#6313 = ADVANCED_FACE('',(#6312),#6310,.T.);
#6314 = ORIENTED_EDGE('',*,*,#6304,.F.);
#6315 = ORIENTED_EDGE('',*,*,#6063,.F.);
#6316 = ORIENTED_EDGE('',*,*,#6277,.T.);
#6317 = ORIENTED_EDGE('',*,*,#6095,.T.);
#6318 = CARTESIAN_POINT('',(5.5525,-0.4725,4.385399999999999));
#6319 = DIRECTION('',(0.,1.,0.));
#6320 = DIRECTION('',(0.,0.,-1.));
#6321 = AXIS2_PLACEMENT_3D('',#6318,#6319,#6320);
#6322 = PLANE('',#6321);
#6323 = EDGE_LOOP('',(#6314,#6315,#6316,#6317));
#6324 = FACE_OUTER_BOUND('',#6323,.T.);
#6325 = ADVANCED_FACE('',(#6324),#6322,.T.);
#6326 = ORIENTED_EDGE('',*,*,#6283,.F.);
#6327 = ORIENTED_EDGE('',*,*,#5995,.T.);
#6328 = ORIENTED_EDGE('',*,*,#6298,.T.);
#6329 = ORIENTED_EDGE('',*,*,#6151,.F.);
#6330 = CARTESIAN_POINT('',(4.6075,0.4725,4.385399999999999));
#6331 = DIRECTION('',(0.,-1.,0.));
#6332 = DIRECTION('',(0.,0.,-1.));
#6333 = AXIS2_PLACEMENT_3D('',#6330,#6331,#6332);
#6334 = PLANE('',#6333);
#6335 = EDGE_LOOP('',(#6326,#6327,#6328,#6329));
#6336 = FACE_OUTER_BOUND('',#6335,.T.);
#6337 = ADVANCED_FACE('',(#6336),#6334,.T.);
#6338 = ORIENTED_EDGE('',*,*,#5848,.F.);
#6339 = DIRECTION('',(1.,0.,0.));
#6340 = VECTOR('',#6339,1.);
#6341 = LINE('',#5820,#6340);
#6342 = EDGE_CURVE('',#5821,#6215,#6341,.T.);
#6343 = ORIENTED_EDGE('',*,*,#6342,.T.);
#6344 = ORIENTED_EDGE('',*,*,#6264,.T.);
#6345 = DIRECTION('',(1.,0.,0.));
#6346 = VECTOR('',#6345,1.);
#6347 = LINE('',#6236,#6346);
#6348 = EDGE_CURVE('',#6237,#5889,#6347,.T.);
#6349 = ORIENTED_EDGE('',*,*,#6348,.T.);
#6350 = ORIENTED_EDGE('',*,*,#5917,.T.);
#6351 = ORIENTED_EDGE('',*,*,#5966,.F.);
#6352 = CARTESIAN_POINT('',(3.81,1.27,5.));
#6353 = DIRECTION('',(0.,0.,1.));
#6354 = DIRECTION('',(0.,-1.,0.));
#6355 = AXIS2_PLACEMENT_3D('',#6352,#6353,#6354);
#6356 = PLANE('',#6355);
#6357 = EDGE_LOOP('',(#6338,#6343,#6344,#6349,#6350,#6351));
#6358 = FACE_OUTER_BOUND('',#6357,.T.);
#6359 = ADVANCED_FACE('',(#6358),#6356,.T.);
#6360 = ORIENTED_EDGE('',*,*,#6248,.F.);
#6361 = DIRECTION('',(1.,0.,0.));
#6362 = VECTOR('',#6361,1.);
#6363 = LINE('',#6186,#6362);
#6364 = EDGE_CURVE('',#6187,#5891,#6363,.T.);
#6365 = ORIENTED_EDGE('',*,*,#6364,.T.);
#6366 = ORIENTED_EDGE('',*,*,#5922,.T.);
#6367 = ORIENTED_EDGE('',*,*,#6348,.F.);
#6368 = CARTESIAN_POINT('',(5.9305,0.8504999999999999,5.));
#6369 = DIRECTION('',(0.,0.,1.));
#6370 = DIRECTION('',(0.,-1.,0.));
#6371 = AXIS2_PLACEMENT_3D('',#6368,#6369,#6370);
#6372 = PLANE('',#6371);
#6373 = EDGE_LOOP('',(#6360,#6365,#6366,#6367));
#6374 = FACE_OUTER_BOUND('',#6373,.T.);
#6375 = ADVANCED_FACE('',(#6374),#6372,.T.);
#6376 = ORIENTED_EDGE('',*,*,#5843,.F.);
#6377 = DIRECTION('',(1.,0.,0.));
#6378 = VECTOR('',#6377,1.);
#6379 = LINE('',#5818,#6378);
#6380 = EDGE_CURVE('',#5819,#6189,#6379,.T.);
#6381 = ORIENTED_EDGE('',*,*,#6380,.T.);
#6382 = ORIENTED_EDGE('',*,*,#6226,.T.);
#6383 = ORIENTED_EDGE('',*,*,#6342,.F.);
#6384 = CARTESIAN_POINT('',(3.81,0.8504999999999999,5.));
#6385 = DIRECTION('',(0.,0.,1.));
#6386 = DIRECTION('',(0.,-1.,0.));
#6387 = AXIS2_PLACEMENT_3D('',#6384,#6385,#6386);
#6388 = PLANE('',#6387);
#6389 = EDGE_LOOP('',(#6376,#6381,#6382,#6383));
#6390 = FACE_OUTER_BOUND('',#6389,.T.);
#6391 = ADVANCED_FACE('',(#6390),#6388,.T.);
#6392 = ORIENTED_EDGE('',*,*,#5838,.T.);
#6393 = ORIENTED_EDGE('',*,*,#5951,.T.);
#6394 = ORIENTED_EDGE('',*,*,#5927,.F.);
#6395 = ORIENTED_EDGE('',*,*,#6364,.F.);
#6396 = ORIENTED_EDGE('',*,*,#6204,.F.);
#6397 = ORIENTED_EDGE('',*,*,#6380,.F.);
#6398 = CARTESIAN_POINT('',(3.81,-0.8504999999999999,5.));
#6399 = DIRECTION('',(0.,0.,1.));
#6400 = DIRECTION('',(0.,-1.,0.));
#6401 = AXIS2_PLACEMENT_3D('',#6398,#6399,#6400);
#6402 = PLANE('',#6401);
#6403 = EDGE_LOOP('',(#6392,#6393,#6394,#6395,#6396,#6397));
#6404 = FACE_OUTER_BOUND('',#6403,.T.);
#6405 = ADVANCED_FACE('',(#6404),#6402,.T.);
#6406 = CLOSED_SHELL('',(#5877,#5941,#5961,#5981,#6011,#6033,#6055,#6073,#6109,#6137,#6165,#6185,#6213,#6235,#6257,#6273,#6293,#6313,#6325,#6337,#6359,#6375,#6391,#6405));
#6407 = MANIFOLD_SOLID_BREP('',#6406);
#6408 = COLOUR_RGB('',0.10196078431372549,0.10196078431372549,0.10196078431372549);
#6409 = FILL_AREA_STYLE_COLOUR('',#6408);
#6410 = FILL_AREA_STYLE('',(#6409));
#6411 = SURFACE_STYLE_FILL_AREA(#6410);
#6412 = SURFACE_SIDE_STYLE('',(#6411));
#6413 = SURFACE_STYLE_USAGE(.BOTH.,#6412);
#6414 = PRESENTATION_STYLE_ASSIGNMENT((#6413));
#6415 = STYLED_ITEM('',(#6414),#6407);
#6416 = CARTESIAN_POINT('',(4.765,0.315,0.));
#6417 = VERTEX_POINT('',#6416);
#6418 = CARTESIAN_POINT('',(4.765,0.315,-2.7));
#6419 = VERTEX_POINT('',#6418);
#6420 = CARTESIAN_POINT('',(4.765,-0.315,-2.7));
#6421 = VERTEX_POINT('',#6420);
#6422 = CARTESIAN_POINT('',(4.765,-0.315,0.));
#6423 = VERTEX_POINT('',#6422);
#6424 = DIRECTION('',(0.,0.,1.));
#6425 = VECTOR('',#6424,1.);
#6426 = LINE('',#6418,#6425);
#6427 = EDGE_CURVE('',#6419,#6417,#6426,.T.);
#6428 = ORIENTED_EDGE('',*,*,#6427,.F.);
#6429 = DIRECTION('',(0.,1.,0.));
#6430 = VECTOR('',#6429,1.);
#6431 = LINE('',#6420,#6430);
#6432 = EDGE_CURVE('',#6421,#6419,#6431,.T.);
#6433 = ORIENTED_EDGE('',*,*,#6432,.F.);
#6434 = DIRECTION('',(0.,0.,1.));
#6435 = VECTOR('',#6434,1.);
#6436 = LINE('',#6420,#6435);
#6437 = EDGE_CURVE('',#6421,#6423,#6436,.T.);
#6438 = ORIENTED_EDGE('',*,*,#6437,.T.);
#6439 = DIRECTION('',(0.,1.,0.));
#6440 = VECTOR('',#6439,1.);
#6441 = LINE('',#6422,#6440);
#6442 = EDGE_CURVE('',#6423,#6417,#6441,.T.);
#6443 = ORIENTED_EDGE('',*,*,#6442,.T.);
#6444 = CARTESIAN_POINT('',(4.765,0.315,0.));
#6445 = DIRECTION('',(-1.,0.,0.));
#6446 = DIRECTION('',(0.,0.,-1.));
#6447 = AXIS2_PLACEMENT_3D('',#6444,#6445,#6446);
#6448 = PLANE('',#6447);
#6449 = EDGE_LOOP('',(#6428,#6433,#6438,#6443));
#6450 = FACE_OUTER_BOUND('',#6449,.T.);
#6451 = ADVANCED_FACE('',(#6450),#6448,.T.);
#6452 = CARTESIAN_POINT('',(5.3950000000000005,0.315,-2.7));
#6453 = VERTEX_POINT('',#6452);
#6454 = CARTESIAN_POINT('',(5.3950000000000005,0.315,0.));
#6455 = VERTEX_POINT('',#6454);
#6456 = DIRECTION('',(1.,0.,0.));
#6457 = VECTOR('',#6456,1.);
#6458 = LINE('',#6418,#6457);
#6459 = EDGE_CURVE('',#6419,#6453,#6458,.T.);
#6460 = ORIENTED_EDGE('',*,*,#6459,.F.);
#6461 = ORIENTED_EDGE('',*,*,#6427,.T.);
#6462 = DIRECTION('',(1.,0.,0.));
#6463 = VECTOR('',#6462,1.);
#6464 = LINE('',#6416,#6463);
#6465 = EDGE_CURVE('',#6417,#6455,#6464,.T.);
#6466 = ORIENTED_EDGE('',*,*,#6465,.T.);
#6467 = DIRECTION('',(0.,0.,1.));
#6468 = VECTOR('',#6467,1.);
#6469 = LINE('',#6452,#6468);
#6470 = EDGE_CURVE('',#6453,#6455,#6469,.T.);
#6471 = ORIENTED_EDGE('',*,*,#6470,.F.);
#6472 = CARTESIAN_POINT('',(5.3950000000000005,0.315,-2.7));
#6473 = DIRECTION('',(0.,1.,0.));
#6474 = DIRECTION('',(-1.,0.,0.));
#6475 = AXIS2_PLACEMENT_3D('',#6472,#6473,#6474);
#6476 = PLANE('',#6475);
#6477 = EDGE_LOOP('',(#6460,#6461,#6466,#6471));
#6478 = FACE_OUTER_BOUND('',#6477,.T.);
#6479 = ADVANCED_FACE('',(#6478),#6476,.T.);
#6480 = CARTESIAN_POINT('',(5.3950000000000005,-0.315,0.));
#6481 = VERTEX_POINT('',#6480);
#6482 = DIRECTION('',(0.,1.,0.));
#6483 = VECTOR('',#6482,1.);
#6484 = LINE('',#6480,#6483);
#6485 = EDGE_CURVE('',#6481,#6455,#6484,.T.);
#6486 = ORIENTED_EDGE('',*,*,#6485,.T.);
#6487 = ORIENTED_EDGE('',*,*,#6465,.F.);
#6488 = ORIENTED_EDGE('',*,*,#6442,.F.);
#6489 = DIRECTION('',(1.,0.,0.));
#6490 = VECTOR('',#6489,1.);
#6491 = LINE('',#6422,#6490);
#6492 = EDGE_CURVE('',#6423,#6481,#6491,.T.);
#6493 = ORIENTED_EDGE('',*,*,#6492,.T.);
#6494 = CARTESIAN_POINT('',(5.3950000000000005,-0.315,0.));
#6495 = DIRECTION('',(0.,0.,1.));
#6496 = DIRECTION('',(0.,1.,0.));
#6497 = AXIS2_PLACEMENT_3D('',#6494,#6495,#6496);
#6498 = PLANE('',#6497);
#6499 = EDGE_LOOP('',(#6486,#6487,#6488,#6493));
#6500 = FACE_OUTER_BOUND('',#6499,.T.);
#6501 = ADVANCED_FACE('',(#6500),#6498,.T.);
#6502 = CARTESIAN_POINT('',(4.905,0.175,-3.));
#6503 = VERTEX_POINT('',#6502);
#6504 = CARTESIAN_POINT('',(4.905,-0.175,-3.));
#6505 = VERTEX_POINT('',#6504);
#6506 = DIRECTION('',(0.,1.,0.));
#6507 = VECTOR('',#6506,1.);
#6508 = LINE('',#6504,#6507);
#6509 = EDGE_CURVE('',#6505,#6503,#6508,.T.);
#6510 = ORIENTED_EDGE('',*,*,#6509,.F.);
#6511 = DIRECTION('',(0.38949041885226154,0.38949041885226,-0.8346223261119851));
#6512 = VECTOR('',#6511,1.);
#6513 = LINE('',#6420,#6512);
#6514 = EDGE_CURVE('',#6421,#6505,#6513,.T.);
#6515 = ORIENTED_EDGE('',*,*,#6514,.F.);
#6516 = ORIENTED_EDGE('',*,*,#6432,.T.);
#6517 = DIRECTION('',(0.38949041885226154,-0.38949041885226,-0.8346223261119851));
#6518 = VECTOR('',#6517,1.);
#6519 = LINE('',#6418,#6518);
#6520 = EDGE_CURVE('',#6419,#6503,#6519,.T.);
#6521 = ORIENTED_EDGE('',*,*,#6520,.T.);
#6522 = CARTESIAN_POINT('',(4.905,0.175,-3.));
#6523 = DIRECTION('',(-0.9061831399952646,0.,-0.4228854653311256));
#6524 = DIRECTION('',(0.,-1.,0.));
#6525 = AXIS2_PLACEMENT_3D('',#6522,#6523,#6524);
#6526 = PLANE('',#6525);
#6527 = EDGE_LOOP('',(#6510,#6515,#6516,#6521));
#6528 = FACE_OUTER_BOUND('',#6527,.T.);
#6529 = ADVANCED_FACE('',(#6528),#6526,.T.);
#6530 = CARTESIAN_POINT('',(5.3950000000000005,-0.315,-2.7));
#6531 = VERTEX_POINT('',#6530);
#6532 = DIRECTION('',(0.,1.,0.));
#6533 = VECTOR('',#6532,1.);
#6534 = LINE('',#6530,#6533);
#6535 = EDGE_CURVE('',#6531,#6453,#6534,.T.);
#6536 = ORIENTED_EDGE('',*,*,#6535,.T.);
#6537 = ORIENTED_EDGE('',*,*,#6470,.T.);
#6538 = ORIENTED_EDGE('',*,*,#6485,.F.);
#6539 = DIRECTION('',(0.,0.,1.));
#6540 = VECTOR('',#6539,1.);
#6541 = LINE('',#6530,#6540);
#6542 = EDGE_CURVE('',#6531,#6481,#6541,.T.);
#6543 = ORIENTED_EDGE('',*,*,#6542,.F.);
#6544 = CARTESIAN_POINT('',(5.3950000000000005,-0.315,-2.7));
#6545 = DIRECTION('',(1.,0.,0.));
#6546 = DIRECTION('',(0.,1.,0.));
#6547 = AXIS2_PLACEMENT_3D('',#6544,#6545,#6546);
#6548 = PLANE('',#6547);
#6549 = EDGE_LOOP('',(#6536,#6537,#6538,#6543));
#6550 = FACE_OUTER_BOUND('',#6549,.T.);
#6551 = ADVANCED_FACE('',(#6550),#6548,.T.);
#6552 = ORIENTED_EDGE('',*,*,#6542,.T.);
#6553 = ORIENTED_EDGE('',*,*,#6492,.F.);
#6554 = ORIENTED_EDGE('',*,*,#6437,.F.);
#6555 = DIRECTION('',(1.,0.,0.));
#6556 = VECTOR('',#6555,1.);
#6557 = LINE('',#6420,#6556);
#6558 = EDGE_CURVE('',#6421,#6531,#6557,.T.);
#6559 = ORIENTED_EDGE('',*,*,#6558,.T.);
#6560 = CARTESIAN_POINT('',(5.3950000000000005,-0.315,-2.7));
#6561 = DIRECTION('',(0.,-1.,0.));
#6562 = DIRECTION('',(0.,0.,1.));
#6563 = AXIS2_PLACEMENT_3D('',#6560,#6561,#6562);
#6564 = PLANE('',#6563);
#6565 = EDGE_LOOP('',(#6552,#6553,#6554,#6559));
#6566 = FACE_OUTER_BOUND('',#6565,.T.);
#6567 = ADVANCED_FACE('',(#6566),#6564,.T.);
#6568 = CARTESIAN_POINT('',(5.255,-0.175,-3.));
#6569 = VERTEX_POINT('',#6568);
#6570 = DIRECTION('',(0.38949041885226154,-0.38949041885226,0.8346223261119851));
#6571 = VECTOR('',#6570,1.);
#6572 = LINE('',#6568,#6571);
#6573 = EDGE_CURVE('',#6569,#6531,#6572,.T.);
#6574 = ORIENTED_EDGE('',*,*,#6573,.T.);
#6575 = ORIENTED_EDGE('',*,*,#6558,.F.);
#6576 = ORIENTED_EDGE('',*,*,#6514,.T.);
#6577 = DIRECTION('',(1.,0.,0.));
#6578 = VECTOR('',#6577,1.);
#6579 = LINE('',#6504,#6578);
#6580 = EDGE_CURVE('',#6505,#6569,#6579,.T.);
#6581 = ORIENTED_EDGE('',*,*,#6580,.T.);
#6582 = CARTESIAN_POINT('',(5.255,-0.175,-3.));
#6583 = DIRECTION('',(0.,-0.9061831399952652,-0.4228854653311245));
#6584 = DIRECTION('',(0.38949041885226154,-0.38949041885226,0.8346223261119851));
#6585 = AXIS2_PLACEMENT_3D('',#6582,#6583,#6584);
#6586 = PLANE('',#6585);
#6587 = EDGE_LOOP('',(#6574,#6575,#6576,#6581));
#6588 = FACE_OUTER_BOUND('',#6587,.T.);
#6589 = ADVANCED_FACE('',(#6588),#6586,.T.);
#6590 = CARTESIAN_POINT('',(5.255,0.175,-3.));
#6591 = VERTEX_POINT('',#6590);
#6592 = DIRECTION('',(0.38949041885226154,0.38949041885226,0.8346223261119851));
#6593 = VECTOR('',#6592,1.);
#6594 = LINE('',#6590,#6593);
#6595 = EDGE_CURVE('',#6591,#6453,#6594,.T.);
#6596 = ORIENTED_EDGE('',*,*,#6595,.T.);
#6597 = ORIENTED_EDGE('',*,*,#6535,.F.);
#6598 = ORIENTED_EDGE('',*,*,#6573,.F.);
#6599 = DIRECTION('',(0.,1.,0.));
#6600 = VECTOR('',#6599,1.);
#6601 = LINE('',#6568,#6600);
#6602 = EDGE_CURVE('',#6569,#6591,#6601,.T.);
#6603 = ORIENTED_EDGE('',*,*,#6602,.T.);
#6604 = CARTESIAN_POINT('',(5.255,0.175,-3.));
#6605 = DIRECTION('',(0.9061831399952646,0.,-0.4228854653311257));
#6606 = DIRECTION('',(0.38949041885226154,0.38949041885226,0.8346223261119851));
#6607 = AXIS2_PLACEMENT_3D('',#6604,#6605,#6606);
#6608 = PLANE('',#6607);
#6609 = EDGE_LOOP('',(#6596,#6597,#6598,#6603));
#6610 = FACE_OUTER_BOUND('',#6609,.T.);
#6611 = ADVANCED_FACE('',(#6610),#6608,.T.);
#6612 = ORIENTED_EDGE('',*,*,#6602,.F.);
#6613 = ORIENTED_EDGE('',*,*,#6580,.F.);
#6614 = ORIENTED_EDGE('',*,*,#6509,.T.);
#6615 = DIRECTION('',(1.,0.,0.));
#6616 = VECTOR('',#6615,1.);
#6617 = LINE('',#6502,#6616);
#6618 = EDGE_CURVE('',#6503,#6591,#6617,.T.);
#6619 = ORIENTED_EDGE('',*,*,#6618,.T.);
#6620 = CARTESIAN_POINT('',(5.255,0.175,-3.));
#6621 = DIRECTION('',(0.,0.,-1.));
#6622 = DIRECTION('',(0.,-1.,0.));
#6623 = AXIS2_PLACEMENT_3D('',#6620,#6621,#6622);
#6624 = PLANE('',#6623);
#6625 = EDGE_LOOP('',(#6612,#6613,#6614,#6619));
#6626 = FACE_OUTER_BOUND('',#6625,.T.);
#6627 = ADVANCED_FACE('',(#6626),#6624,.T.);
#6628 = ORIENTED_EDGE('',*,*,#6618,.F.);
#6629 = ORIENTED_EDGE('',*,*,#6520,.F.);
#6630 = ORIENTED_EDGE('',*,*,#6459,.T.);
#6631 = ORIENTED_EDGE('',*,*,#6595,.F.);
#6632 = CARTESIAN_POINT('',(5.255,0.175,-3.));
#6633 = DIRECTION('',(0.,0.9061831399952652,-0.4228854653311245));
#6634 = DIRECTION('',(-1.,0.,0.));
#6635 = AXIS2_PLACEMENT_3D('',#6632,#6633,#6634);
#6636 = PLANE('',#6635);
#6637 = EDGE_LOOP('',(#6628,#6629,#6630,#6631));
#6638 = FACE_OUTER_BOUND('',#6637,.T.);
#6639 = ADVANCED_FACE('',(#6638),#6636,.T.);
#6640 = CLOSED_SHELL('',(#6451,#6479,#6501,#6529,#6551,#6567,#6589,#6611,#6627,#6639));
#6641 = MANIFOLD_SOLID_BREP('',#6640);
#6642 = CARTESIAN_POINT('',(4.5760000000000005,-0.504,0.));
#6643 = VERTEX_POINT('',#6642);
#6644 = CARTESIAN_POINT('',(4.5760000000000005,-0.504,0.504));
#6645 = VERTEX_POINT('',#6644);
#6646 = CARTESIAN_POINT('',(4.5760000000000005,0.504,0.504));
#6647 = VERTEX_POINT('',#6646);
#6648 = CARTESIAN_POINT('',(4.5760000000000005,0.504,0.));
#6649 = VERTEX_POINT('',#6648);
#6650 = DIRECTION('',(0.,0.,1.));
#6651 = VECTOR('',#6650,1.);
#6652 = LINE('',#6642,#6651);
#6653 = EDGE_CURVE('',#6643,#6645,#6652,.T.);
#6654 = ORIENTED_EDGE('',*,*,#6653,.T.);
#6655 = DIRECTION('',(0.,1.,0.));
#6656 = VECTOR('',#6655,1.);
#6657 = LINE('',#6644,#6656);
#6658 = EDGE_CURVE('',#6645,#6647,#6657,.T.);
#6659 = ORIENTED_EDGE('',*,*,#6658,.T.);
#6660 = DIRECTION('',(0.,0.,1.));
#6661 = VECTOR('',#6660,1.);
#6662 = LINE('',#6648,#6661);
#6663 = EDGE_CURVE('',#6649,#6647,#6662,.T.);
#6664 = ORIENTED_EDGE('',*,*,#6663,.F.);
#6665 = DIRECTION('',(0.,1.,0.));
#6666 = VECTOR('',#6665,1.);
#6667 = LINE('',#6642,#6666);
#6668 = EDGE_CURVE('',#6643,#6649,#6667,.T.);
#6669 = ORIENTED_EDGE('',*,*,#6668,.F.);
#6670 = CARTESIAN_POINT('',(4.5760000000000005,-0.504,0.));
#6671 = DIRECTION('',(-1.,0.,0.));
#6672 = DIRECTION('',(0.,0.,1.));
#6673 = AXIS2_PLACEMENT_3D('',#6670,#6671,#6672);
#6674 = PLANE('',#6673);
#6675 = EDGE_LOOP('',(#6654,#6659,#6664,#6669));
#6676 = FACE_OUTER_BOUND('',#6675,.T.);
#6677 = ADVANCED_FACE('',(#6676),#6674,.T.);
#6678 = CARTESIAN_POINT('',(5.584,-0.504,0.));
#6679 = VERTEX_POINT('',#6678);
#6680 = CARTESIAN_POINT('',(5.584,0.504,0.));
#6681 = VERTEX_POINT('',#6680);
#6682 = CARTESIAN_POINT('',(5.584,0.504,0.504));
#6683 = VERTEX_POINT('',#6682);
#6684 = CARTESIAN_POINT('',(5.584,-0.504,0.504));
#6685 = VERTEX_POINT('',#6684);
#6686 = DIRECTION('',(0.,1.,0.));
#6687 = VECTOR('',#6686,1.);
#6688 = LINE('',#6678,#6687);
#6689 = EDGE_CURVE('',#6679,#6681,#6688,.T.);
#6690 = ORIENTED_EDGE('',*,*,#6689,.T.);
#6691 = DIRECTION('',(0.,0.,1.));
#6692 = VECTOR('',#6691,1.);
#6693 = LINE('',#6680,#6692);
#6694 = EDGE_CURVE('',#6681,#6683,#6693,.T.);
#6695 = ORIENTED_EDGE('',*,*,#6694,.T.);
#6696 = DIRECTION('',(0.,1.,0.));
#6697 = VECTOR('',#6696,1.);
#6698 = LINE('',#6684,#6697);
#6699 = EDGE_CURVE('',#6685,#6683,#6698,.T.);
#6700 = ORIENTED_EDGE('',*,*,#6699,.F.);
#6701 = DIRECTION('',(0.,0.,1.));
#6702 = VECTOR('',#6701,1.);
#6703 = LINE('',#6678,#6702);
#6704 = EDGE_CURVE('',#6679,#6685,#6703,.T.);
#6705 = ORIENTED_EDGE('',*,*,#6704,.F.);
#6706 = CARTESIAN_POINT('',(5.584,-0.504,0.));
#6707 = DIRECTION('',(1.,0.,0.));
#6708 = DIRECTION('',(0.,1.,0.));
#6709 = AXIS2_PLACEMENT_3D('',#6706,#6707,#6708);
#6710 = PLANE('',#6709);
#6711 = EDGE_LOOP('',(#6690,#6695,#6700,#6705));
#6712 = FACE_OUTER_BOUND('',#6711,.T.);
#6713 = ADVANCED_FACE('',(#6712),#6710,.T.);
#6714 = DIRECTION('',(1.,0.,0.));
#6715 = VECTOR('',#6714,1.);
#6716 = LINE('',#6642,#6715);
#6717 = EDGE_CURVE('',#6643,#6679,#6716,.T.);
#6718 = ORIENTED_EDGE('',*,*,#6717,.T.);
#6719 = ORIENTED_EDGE('',*,*,#6704,.T.);
#6720 = DIRECTION('',(1.,0.,0.));
#6721 = VECTOR('',#6720,1.);
#6722 = LINE('',#6644,#6721);
#6723 = EDGE_CURVE('',#6645,#6685,#6722,.T.);
#6724 = ORIENTED_EDGE('',*,*,#6723,.F.);
#6725 = ORIENTED_EDGE('',*,*,#6653,.F.);
#6726 = CARTESIAN_POINT('',(4.5760000000000005,-0.504,0.));
#6727 = DIRECTION('',(0.,-1.,0.));
#6728 = DIRECTION('',(1.,0.,0.));
#6729 = AXIS2_PLACEMENT_3D('',#6726,#6727,#6728);
#6730 = PLANE('',#6729);
#6731 = EDGE_LOOP('',(#6718,#6719,#6724,#6725));
#6732 = FACE_OUTER_BOUND('',#6731,.T.);
#6733 = ADVANCED_FACE('',(#6732),#6730,.T.);
#6734 = ORIENTED_EDGE('',*,*,#6663,.T.);
#6735 = DIRECTION('',(1.,0.,0.));
#6736 = VECTOR('',#6735,1.);
#6737 = LINE('',#6646,#6736);
#6738 = EDGE_CURVE('',#6647,#6683,#6737,.T.);
#6739 = ORIENTED_EDGE('',*,*,#6738,.T.);
#6740 = ORIENTED_EDGE('',*,*,#6694,.F.);
#6741 = DIRECTION('',(1.,0.,0.));
#6742 = VECTOR('',#6741,1.);
#6743 = LINE('',#6648,#6742);
#6744 = EDGE_CURVE('',#6649,#6681,#6743,.T.);
#6745 = ORIENTED_EDGE('',*,*,#6744,.F.);
#6746 = CARTESIAN_POINT('',(4.5760000000000005,0.504,0.));
#6747 = DIRECTION('',(0.,1.,0.));
#6748 = DIRECTION('',(0.,0.,1.));
#6749 = AXIS2_PLACEMENT_3D('',#6746,#6747,#6748);
#6750 = PLANE('',#6749);
#6751 = EDGE_LOOP('',(#6734,#6739,#6740,#6745));
#6752 = FACE_OUTER_BOUND('',#6751,.T.);
#6753 = ADVANCED_FACE('',(#6752),#6750,.T.);
#6754 = ORIENTED_EDGE('',*,*,#6668,.T.);
#6755 = ORIENTED_EDGE('',*,*,#6744,.T.);
#6756 = ORIENTED_EDGE('',*,*,#6689,.F.);
#6757 = ORIENTED_EDGE('',*,*,#6717,.F.);
#6758 = CARTESIAN_POINT('',(4.5760000000000005,-0.504,0.));
#6759 = DIRECTION('',(0.,0.,-1.));
#6760 = DIRECTION('',(0.,1.,0.));
#6761 = AXIS2_PLACEMENT_3D('',#6758,#6759,#6760);
#6762 = PLANE('',#6761);
#6763 = EDGE_LOOP('',(#6754,#6755,#6756,#6757));
#6764 = FACE_OUTER_BOUND('',#6763,.T.);
#6765 = ADVANCED_FACE('',(#6764),#6762,.T.);
#6766 = ORIENTED_EDGE('',*,*,#6723,.T.);
#6767 = ORIENTED_EDGE('',*,*,#6699,.T.);
#6768 = ORIENTED_EDGE('',*,*,#6738,.F.);
#6769 = ORIENTED_EDGE('',*,*,#6658,.F.);
#6770 = CARTESIAN_POINT('',(4.5760000000000005,-0.504,0.504));
#6771 = DIRECTION('',(0.,0.,1.));
#6772 = DIRECTION('',(1.,0.,0.));
#6773 = AXIS2_PLACEMENT_3D('',#6770,#6771,#6772);
#6774 = PLANE('',#6773);
#6775 = EDGE_LOOP('',(#6766,#6767,#6768,#6769));
#6776 = FACE_OUTER_BOUND('',#6775,.T.);
#6777 = ADVANCED_FACE('',(#6776),#6774,.T.);
#6778 = CLOSED_SHELL('',(#6677,#6713,#6733,#6753,#6765,#6777));
#6779 = MANIFOLD_SOLID_BREP('',#6778);
#6780 = CARTESIAN_POINT('',(6.350000000000001,-1.27,0.));
#6781 = VERTEX_POINT('',#6780);
#6782 = CARTESIAN_POINT('',(6.350000000000001,-1.27,5.));
#6783 = VERTEX_POINT('',#6782);
#6784 = CARTESIAN_POINT('',(6.350000000000001,-0.8504999999999999,5.));
#6785 = VERTEX_POINT('',#6784);
#6786 = CARTESIAN_POINT('',(6.350000000000001,0.8504999999999999,5.));
#6787 = VERTEX_POINT('',#6786);
#6788 = CARTESIAN_POINT('',(6.350000000000001,1.27,5.));
#6789 = VERTEX_POINT('',#6788);
#6790 = CARTESIAN_POINT('',(6.350000000000001,1.27,0.));
#6791 = VERTEX_POINT('',#6790);
#6792 = CARTESIAN_POINT('',(6.350000000000001,0.4724999999999999,0.));
#6793 = VERTEX_POINT('',#6792);
#6794 = CARTESIAN_POINT('',(6.350000000000001,-0.4724999999999999,0.));
#6795 = VERTEX_POINT('',#6794);
#6796 = DIRECTION('',(0.,0.,1.));
#6797 = VECTOR('',#6796,1.);
#6798 = LINE('',#6780,#6797);
#6799 = EDGE_CURVE('',#6781,#6783,#6798,.T.);
#6800 = ORIENTED_EDGE('',*,*,#6799,.T.);
#6801 = DIRECTION('',(0.,-1.,0.));
#6802 = VECTOR('',#6801,1.);
#6803 = LINE('',#6784,#6802);
#6804 = EDGE_CURVE('',#6785,#6783,#6803,.T.);
#6805 = ORIENTED_EDGE('',*,*,#6804,.F.);
#6806 = DIRECTION('',(0.,1.,0.));
#6807 = VECTOR('',#6806,1.);
#6808 = LINE('',#6784,#6807);
#6809 = EDGE_CURVE('',#6785,#6787,#6808,.T.);
#6810 = ORIENTED_EDGE('',*,*,#6809,.T.);
#6811 = DIRECTION('',(0.,1.,0.));
#6812 = VECTOR('',#6811,1.);
#6813 = LINE('',#6786,#6812);
#6814 = EDGE_CURVE('',#6787,#6789,#6813,.T.);
#6815 = ORIENTED_EDGE('',*,*,#6814,.T.);
#6816 = DIRECTION('',(0.,0.,1.));
#6817 = VECTOR('',#6816,1.);
#6818 = LINE('',#6790,#6817);
#6819 = EDGE_CURVE('',#6791,#6789,#6818,.T.);
#6820 = ORIENTED_EDGE('',*,*,#6819,.F.);
#6821 = DIRECTION('',(0.,1.,0.));
#6822 = VECTOR('',#6821,1.);
#6823 = LINE('',#6792,#6822);
#6824 = EDGE_CURVE('',#6793,#6791,#6823,.T.);
#6825 = ORIENTED_EDGE('',*,*,#6824,.F.);
#6826 = DIRECTION('',(0.,1.,0.));
#6827 = VECTOR('',#6826,1.);
#6828 = LINE('',#6794,#6827);
#6829 = EDGE_CURVE('',#6795,#6793,#6828,.T.);
#6830 = ORIENTED_EDGE('',*,*,#6829,.F.);
#6831 = DIRECTION('',(0.,-1.,0.));
#6832 = VECTOR('',#6831,1.);
#6833 = LINE('',#6794,#6832);
#6834 = EDGE_CURVE('',#6795,#6781,#6833,.T.);
#6835 = ORIENTED_EDGE('',*,*,#6834,.T.);
#6836 = CARTESIAN_POINT('',(6.350000000000001,-1.27,0.));
#6837 = DIRECTION('',(-1.,0.,0.));
#6838 = DIRECTION('',(0.,0.,1.));
#6839 = AXIS2_PLACEMENT_3D('',#6836,#6837,#6838);
#6840 = PLANE('',#6839);
#6841 = EDGE_LOOP('',(#6800,#6805,#6810,#6815,#6820,#6825,#6830,#6835));
#6842 = FACE_OUTER_BOUND('',#6841,.T.);
#6843 = ADVANCED_FACE('',(#6842),#6840,.T.);
#6844 = CARTESIAN_POINT('',(8.89,-1.27,0.));
#6845 = VERTEX_POINT('',#6844);
#6846 = CARTESIAN_POINT('',(8.89,-0.4724999999999999,0.));
#6847 = VERTEX_POINT('',#6846);
#6848 = CARTESIAN_POINT('',(8.89,0.4724999999999999,0.));
#6849 = VERTEX_POINT('',#6848);
#6850 = CARTESIAN_POINT('',(8.89,1.27,0.));
#6851 = VERTEX_POINT('',#6850);
#6852 = CARTESIAN_POINT('',(8.89,1.27,5.));
#6853 = VERTEX_POINT('',#6852);
#6854 = CARTESIAN_POINT('',(8.89,0.8504999999999999,5.));
#6855 = VERTEX_POINT('',#6854);
#6856 = CARTESIAN_POINT('',(8.89,-0.8504999999999999,5.));
#6857 = VERTEX_POINT('',#6856);
#6858 = CARTESIAN_POINT('',(8.89,-1.27,5.));
#6859 = VERTEX_POINT('',#6858);
#6860 = DIRECTION('',(0.,-1.,0.));
#6861 = VECTOR('',#6860,1.);
#6862 = LINE('',#6846,#6861);
#6863 = EDGE_CURVE('',#6847,#6845,#6862,.T.);
#6864 = ORIENTED_EDGE('',*,*,#6863,.F.);
#6865 = DIRECTION('',(0.,1.,0.));
#6866 = VECTOR('',#6865,1.);
#6867 = LINE('',#6846,#6866);
#6868 = EDGE_CURVE('',#6847,#6849,#6867,.T.);
#6869 = ORIENTED_EDGE('',*,*,#6868,.T.);
#6870 = DIRECTION('',(0.,1.,0.));
#6871 = VECTOR('',#6870,1.);
#6872 = LINE('',#6848,#6871);
#6873 = EDGE_CURVE('',#6849,#6851,#6872,.T.);
#6874 = ORIENTED_EDGE('',*,*,#6873,.T.);
#6875 = DIRECTION('',(0.,0.,1.));
#6876 = VECTOR('',#6875,1.);
#6877 = LINE('',#6850,#6876);
#6878 = EDGE_CURVE('',#6851,#6853,#6877,.T.);
#6879 = ORIENTED_EDGE('',*,*,#6878,.T.);
#6880 = DIRECTION('',(0.,1.,0.));
#6881 = VECTOR('',#6880,1.);
#6882 = LINE('',#6854,#6881);
#6883 = EDGE_CURVE('',#6855,#6853,#6882,.T.);
#6884 = ORIENTED_EDGE('',*,*,#6883,.F.);
#6885 = DIRECTION('',(0.,1.,0.));
#6886 = VECTOR('',#6885,1.);
#6887 = LINE('',#6856,#6886);
#6888 = EDGE_CURVE('',#6857,#6855,#6887,.T.);
#6889 = ORIENTED_EDGE('',*,*,#6888,.F.);
#6890 = DIRECTION('',(0.,-1.,0.));
#6891 = VECTOR('',#6890,1.);
#6892 = LINE('',#6856,#6891);
#6893 = EDGE_CURVE('',#6857,#6859,#6892,.T.);
#6894 = ORIENTED_EDGE('',*,*,#6893,.T.);
#6895 = DIRECTION('',(0.,0.,1.));
#6896 = VECTOR('',#6895,1.);
#6897 = LINE('',#6844,#6896);
#6898 = EDGE_CURVE('',#6845,#6859,#6897,.T.);
#6899 = ORIENTED_EDGE('',*,*,#6898,.F.);
#6900 = CARTESIAN_POINT('',(8.89,-1.27,0.));
#6901 = DIRECTION('',(1.,0.,0.));
#6902 = DIRECTION('',(0.,1.,0.));
#6903 = AXIS2_PLACEMENT_3D('',#6900,#6901,#6902);
#6904 = PLANE('',#6903);
#6905 = EDGE_LOOP('',(#6864,#6869,#6874,#6879,#6884,#6889,#6894,#6899));
#6906 = FACE_OUTER_BOUND('',#6905,.T.);
#6907 = ADVANCED_FACE('',(#6906),#6904,.T.);
#6908 = DIRECTION('',(1.,0.,0.));
#6909 = VECTOR('',#6908,1.);
#6910 = LINE('',#6780,#6909);
#6911 = EDGE_CURVE('',#6781,#6845,#6910,.T.);
#6912 = ORIENTED_EDGE('',*,*,#6911,.T.);
#6913 = ORIENTED_EDGE('',*,*,#6898,.T.);
#6914 = DIRECTION('',(1.,0.,0.));
#6915 = VECTOR('',#6914,1.);
#6916 = LINE('',#6782,#6915);
#6917 = EDGE_CURVE('',#6783,#6859,#6916,.T.);
#6918 = ORIENTED_EDGE('',*,*,#6917,.F.);
#6919 = ORIENTED_EDGE('',*,*,#6799,.F.);
#6920 = CARTESIAN_POINT('',(6.350000000000001,-1.27,0.));
#6921 = DIRECTION('',(0.,-1.,0.));
#6922 = DIRECTION('',(1.,0.,0.));
#6923 = AXIS2_PLACEMENT_3D('',#6920,#6921,#6922);
#6924 = PLANE('',#6923);
#6925 = EDGE_LOOP('',(#6912,#6913,#6918,#6919));
#6926 = FACE_OUTER_BOUND('',#6925,.T.);
#6927 = ADVANCED_FACE('',(#6926),#6924,.T.);
#6928 = ORIENTED_EDGE('',*,*,#6819,.T.);
#6929 = DIRECTION('',(1.,0.,0.));
#6930 = VECTOR('',#6929,1.);
#6931 = LINE('',#6788,#6930);
#6932 = EDGE_CURVE('',#6789,#6853,#6931,.T.);
#6933 = ORIENTED_EDGE('',*,*,#6932,.T.);
#6934 = ORIENTED_EDGE('',*,*,#6878,.F.);
#6935 = DIRECTION('',(1.,0.,0.));
#6936 = VECTOR('',#6935,1.);
#6937 = LINE('',#6790,#6936);
#6938 = EDGE_CURVE('',#6791,#6851,#6937,.T.);
#6939 = ORIENTED_EDGE('',*,*,#6938,.F.);
#6940 = CARTESIAN_POINT('',(6.350000000000001,1.27,0.));
#6941 = DIRECTION('',(0.,1.,0.));
#6942 = DIRECTION('',(0.,0.,1.));
#6943 = AXIS2_PLACEMENT_3D('',#6940,#6941,#6942);
#6944 = PLANE('',#6943);
#6945 = EDGE_LOOP('',(#6928,#6933,#6934,#6939));
#6946 = FACE_OUTER_BOUND('',#6945,.T.);
#6947 = ADVANCED_FACE('',(#6946),#6944,.T.);
#6948 = CARTESIAN_POINT('',(8.092500000000001,0.4725,0.));
#6949 = VERTEX_POINT('',#6948);
#6950 = CARTESIAN_POINT('',(7.147500000000001,0.4725,0.));
#6951 = VERTEX_POINT('',#6950);
#6952 = ORIENTED_EDGE('',*,*,#6873,.F.);
#6953 = DIRECTION('',(1.,0.,0.));
#6954 = VECTOR('',#6953,1.);
#6955 = LINE('',#6948,#6954);
#6956 = EDGE_CURVE('',#6949,#6849,#6955,.T.);
#6957 = ORIENTED_EDGE('',*,*,#6956,.F.);
#6958 = DIRECTION('',(1.,0.,0.));
#6959 = VECTOR('',#6958,1.);
#6960 = LINE('',#6950,#6959);
#6961 = EDGE_CURVE('',#6951,#6949,#6960,.T.);
#6962 = ORIENTED_EDGE('',*,*,#6961,.F.);
#6963 = DIRECTION('',(1.,0.,0.));
#6964 = VECTOR('',#6963,1.);
#6965 = LINE('',#6792,#6964);
#6966 = EDGE_CURVE('',#6793,#6951,#6965,.T.);
#6967 = ORIENTED_EDGE('',*,*,#6966,.F.);
#6968 = ORIENTED_EDGE('',*,*,#6824,.T.);
#6969 = ORIENTED_EDGE('',*,*,#6938,.T.);
#6970 = CARTESIAN_POINT('',(8.89,1.27,0.));
#6971 = DIRECTION('',(0.,0.,-1.));
#6972 = DIRECTION('',(0.,-1.,0.));
#6973 = AXIS2_PLACEMENT_3D('',#6970,#6971,#6972);
#6974 = PLANE('',#6973);
#6975 = EDGE_LOOP('',(#6952,#6957,#6962,#6967,#6968,#6969));
#6976 = FACE_OUTER_BOUND('',#6975,.T.);
#6977 = ADVANCED_FACE('',(#6976),#6974,.T.);
#6978 = CARTESIAN_POINT('',(7.147500000000001,-0.4724999999999999,0.));
#6979 = VERTEX_POINT('',#6978);
#6980 = DIRECTION('',(0.,1.,0.));
#6981 = VECTOR('',#6980,1.);
#6982 = LINE('',#6978,#6981);
#6983 = EDGE_CURVE('',#6979,#6951,#6982,.T.);
#6984 = ORIENTED_EDGE('',*,*,#6983,.F.);
#6985 = DIRECTION('',(1.,0.,0.));
#6986 = VECTOR('',#6985,1.);
#6987 = LINE('',#6794,#6986);
#6988 = EDGE_CURVE('',#6795,#6979,#6987,.T.);
#6989 = ORIENTED_EDGE('',*,*,#6988,.F.);
#6990 = ORIENTED_EDGE('',*,*,#6829,.T.);
#6991 = ORIENTED_EDGE('',*,*,#6966,.T.);
#6992 = CARTESIAN_POINT('',(7.147500000000001,0.4724999999999999,0.));
#6993 = DIRECTION('',(0.,0.,-1.));
#6994 = DIRECTION('',(0.,-1.,0.));
#6995 = AXIS2_PLACEMENT_3D('',#6992,#6993,#6994);
#6996 = PLANE('',#6995);
#6997 = EDGE_LOOP('',(#6984,#6989,#6990,#6991));
#6998 = FACE_OUTER_BOUND('',#6997,.T.);
#6999 = ADVANCED_FACE('',(#6998),#6996,.T.);
#7000 = CARTESIAN_POINT('',(8.092500000000001,-0.4724999999999999,0.));
#7001 = VERTEX_POINT('',#7000);
#7002 = ORIENTED_EDGE('',*,*,#6868,.F.);
#7003 = DIRECTION('',(1.,0.,0.));
#7004 = VECTOR('',#7003,1.);
#7005 = LINE('',#7000,#7004);
#7006 = EDGE_CURVE('',#7001,#6847,#7005,.T.);
#7007 = ORIENTED_EDGE('',*,*,#7006,.F.);
#7008 = DIRECTION('',(0.,1.,0.));
#7009 = VECTOR('',#7008,1.);
#7010 = LINE('',#7000,#7009);
#7011 = EDGE_CURVE('',#7001,#6949,#7010,.T.);
#7012 = ORIENTED_EDGE('',*,*,#7011,.T.);
#7013 = ORIENTED_EDGE('',*,*,#6956,.T.);
#7014 = CARTESIAN_POINT('',(8.89,0.4724999999999999,0.));
#7015 = DIRECTION('',(0.,0.,-1.));
#7016 = DIRECTION('',(0.,-1.,0.));
#7017 = AXIS2_PLACEMENT_3D('',#7014,#7015,#7016);
#7018 = PLANE('',#7017);
#7019 = EDGE_LOOP('',(#7002,#7007,#7012,#7013));
#7020 = FACE_OUTER_BOUND('',#7019,.T.);
#7021 = ADVANCED_FACE('',(#7020),#7018,.T.);
#7022 = ORIENTED_EDGE('',*,*,#6863,.T.);
#7023 = ORIENTED_EDGE('',*,*,#6911,.F.);
#7024 = ORIENTED_EDGE('',*,*,#6834,.F.);
#7025 = ORIENTED_EDGE('',*,*,#6988,.T.);
#7026 = DIRECTION('',(1.,0.,0.));
#7027 = VECTOR('',#7026,1.);
#7028 = LINE('',#6978,#7027);
#7029 = EDGE_CURVE('',#6979,#7001,#7028,.T.);
#7030 = ORIENTED_EDGE('',*,*,#7029,.T.);
#7031 = ORIENTED_EDGE('',*,*,#7006,.T.);
#7032 = CARTESIAN_POINT('',(8.89,-0.4724999999999999,0.));
#7033 = DIRECTION('',(0.,0.,-1.));
#7034 = DIRECTION('',(0.,-1.,0.));
#7035 = AXIS2_PLACEMENT_3D('',#7032,#7033,#7034);
#7036 = PLANE('',#7035);
#7037 = EDGE_LOOP('',(#7022,#7023,#7024,#7025,#7030,#7031));
#7038 = FACE_OUTER_BOUND('',#7037,.T.);
#7039 = ADVANCED_FACE('',(#7038),#7036,.T.);
#7040 = CARTESIAN_POINT('',(6.769500000000001,-0.8504999999999999,4.995));
#7041 = VERTEX_POINT('',#7040);
#7042 = CARTESIAN_POINT('',(8.470500000000001,-0.8504999999999999,4.995));
#7043 = VERTEX_POINT('',#7042);
#7044 = CARTESIAN_POINT('',(8.092500000000001,-0.4725,4.3854));
#7045 = VERTEX_POINT('',#7044);
#7046 = CARTESIAN_POINT('',(7.147500000000001,-0.4725,4.3854));
#7047 = VERTEX_POINT('',#7046);
#7048 = DIRECTION('',(1.,0.,0.));
#7049 = VECTOR('',#7048,1.);
#7050 = LINE('',#7040,#7049);
#7051 = EDGE_CURVE('',#7041,#7043,#7050,.T.);
#7052 = ORIENTED_EDGE('',*,*,#7051,.T.);
#7053 = DIRECTION('',(0.46621205975657015,-0.46621205975656993,0.7518594487502784));
#7054 = VECTOR('',#7053,1.);
#7055 = LINE('',#7044,#7054);
#7056 = EDGE_CURVE('',#7045,#7043,#7055,.T.);
#7057 = ORIENTED_EDGE('',*,*,#7056,.F.);
#7058 = DIRECTION('',(1.,0.,0.));
#7059 = VECTOR('',#7058,1.);
#7060 = LINE('',#7046,#7059);
#7061 = EDGE_CURVE('',#7047,#7045,#7060,.T.);
#7062 = ORIENTED_EDGE('',*,*,#7061,.F.);
#7063 = DIRECTION('',(0.46621205975657015,0.46621205975656993,-0.7518594487502784));
#7064 = VECTOR('',#7063,1.);
#7065 = LINE('',#7040,#7064);
#7066 = EDGE_CURVE('',#7041,#7047,#7065,.T.);
#7067 = ORIENTED_EDGE('',*,*,#7066,.F.);
#7068 = CARTESIAN_POINT('',(6.769500000000001,-0.8504999999999999,4.995));
#7069 = DIRECTION('',(0.,0.849872720784639,0.5269880059983483));
#7070 = DIRECTION('',(1.,0.,0.));
#7071 = AXIS2_PLACEMENT_3D('',#7068,#7069,#7070);
#7072 = PLANE('',#7071);
#7073 = EDGE_LOOP('',(#7052,#7057,#7062,#7067));
#7074 = FACE_OUTER_BOUND('',#7073,.T.);
#7075 = ADVANCED_FACE('',(#7074),#7072,.T.);
#7076 = CARTESIAN_POINT('',(7.147500000000001,0.4725,4.3854));
#7077 = VERTEX_POINT('',#7076);
#7078 = CARTESIAN_POINT('',(6.769500000000001,0.8504999999999999,4.995));
#7079 = VERTEX_POINT('',#7078);
#7080 = DIRECTION('',(0.46621205975657015,-0.46621205975656993,-0.7518594487502784));
#7081 = VECTOR('',#7080,1.);
#7082 = LINE('',#7078,#7081);
#7083 = EDGE_CURVE('',#7079,#7077,#7082,.T.);
#7084 = ORIENTED_EDGE('',*,*,#7083,.F.);
#7085 = DIRECTION('',(0.,1.,0.));
#7086 = VECTOR('',#7085,1.);
#7087 = LINE('',#7040,#7086);
#7088 = EDGE_CURVE('',#7041,#7079,#7087,.T.);
#7089 = ORIENTED_EDGE('',*,*,#7088,.F.);
#7090 = ORIENTED_EDGE('',*,*,#7066,.T.);
#7091 = DIRECTION('',(0.,1.,0.));
#7092 = VECTOR('',#7091,1.);
#7093 = LINE('',#7046,#7092);
#7094 = EDGE_CURVE('',#7047,#7077,#7093,.T.);
#7095 = ORIENTED_EDGE('',*,*,#7094,.T.);
#7096 = CARTESIAN_POINT('',(7.147500000000001,0.4725,4.3854));
#7097 = DIRECTION('',(0.8498727207846386,0.,0.5269880059983487));
#7098 = DIRECTION('',(-0.46621205975657015,0.46621205975656993,0.7518594487502784));
#7099 = AXIS2_PLACEMENT_3D('',#7096,#7097,#7098);
#7100 = PLANE('',#7099);
#7101 = EDGE_LOOP('',(#7084,#7089,#7090,#7095));
#7102 = FACE_OUTER_BOUND('',#7101,.T.);
#7103 = ADVANCED_FACE('',(#7102),#7100,.T.);
#7104 = CARTESIAN_POINT('',(8.470500000000001,0.8504999999999999,4.995));
#7105 = VERTEX_POINT('',#7104);
#7106 = CARTESIAN_POINT('',(8.092500000000001,0.4725,4.3854));
#7107 = VERTEX_POINT('',#7106);
#7108 = DIRECTION('',(1.,0.,0.));
#7109 = VECTOR('',#7108,1.);
#7110 = LINE('',#7078,#7109);
#7111 = EDGE_CURVE('',#7079,#7105,#7110,.T.);
#7112 = ORIENTED_EDGE('',*,*,#7111,.F.);
#7113 = ORIENTED_EDGE('',*,*,#7083,.T.);
#7114 = DIRECTION('',(1.,0.,0.));
#7115 = VECTOR('',#7114,1.);
#7116 = LINE('',#7076,#7115);
#7117 = EDGE_CURVE('',#7077,#7107,#7116,.T.);
#7118 = ORIENTED_EDGE('',*,*,#7117,.T.);
#7119 = DIRECTION('',(0.46621205975657015,0.46621205975656993,0.7518594487502784));
#7120 = VECTOR('',#7119,1.);
#7121 = LINE('',#7106,#7120);
#7122 = EDGE_CURVE('',#7107,#7105,#7121,.T.);
#7123 = ORIENTED_EDGE('',*,*,#7122,.T.);
#7124 = CARTESIAN_POINT('',(8.470500000000001,0.8504999999999999,4.995));
#7125 = DIRECTION('',(0.,-0.849872720784639,0.5269880059983483));
#7126 = DIRECTION('',(-1.,0.,0.));
#7127 = AXIS2_PLACEMENT_3D('',#7124,#7125,#7126);
#7128 = PLANE('',#7127);
#7129 = EDGE_LOOP('',(#7112,#7113,#7118,#7123));
#7130 = FACE_OUTER_BOUND('',#7129,.T.);
#7131 = ADVANCED_FACE('',(#7130),#7128,.T.);
#7132 = ORIENTED_EDGE('',*,*,#7056,.T.);
#7133 = DIRECTION('',(0.,1.,0.));
#7134 = VECTOR('',#7133,1.);
#7135 = LINE('',#7042,#7134);
#7136 = EDGE_CURVE('',#7043,#7105,#7135,.T.);
#7137 = ORIENTED_EDGE('',*,*,#7136,.T.);
#7138 = ORIENTED_EDGE('',*,*,#7122,.F.);
#7139 = DIRECTION('',(0.,1.,0.));
#7140 = VECTOR('',#7139,1.);
#7141 = LINE('',#7044,#7140);
#7142 = EDGE_CURVE('',#7045,#7107,#7141,.T.);
#7143 = ORIENTED_EDGE('',*,*,#7142,.F.);
#7144 = CARTESIAN_POINT('',(8.092500000000001,-0.4725,4.3854));
#7145 = DIRECTION('',(-0.8498727207846386,0.,0.5269880059983487));
#7146 = DIRECTION('',(0.46621205975657015,-0.46621205975656993,0.7518594487502784));
#7147 = AXIS2_PLACEMENT_3D('',#7144,#7145,#7146);
#7148 = PLANE('',#7147);
#7149 = EDGE_LOOP('',(#7132,#7137,#7138,#7143));
#7150 = FACE_OUTER_BOUND('',#7149,.T.);
#7151 = ADVANCED_FACE('',(#7150),#7148,.T.);
#7152 = CARTESIAN_POINT('',(8.470500000000001,-0.8504999999999999,5.));
#7153 = VERTEX_POINT('',#7152);
#7154 = CARTESIAN_POINT('',(6.769500000000001,-0.8504999999999999,5.));
#7155 = VERTEX_POINT('',#7154);
#7156 = DIRECTION('',(0.,0.,1.));
#7157 = VECTOR('',#7156,1.);
#7158 = LINE('',#7042,#7157);
#7159 = EDGE_CURVE('',#7043,#7153,#7158,.T.);
#7160 = ORIENTED_EDGE('',*,*,#7159,.F.);
#7161 = ORIENTED_EDGE('',*,*,#7051,.F.);
#7162 = DIRECTION('',(0.,0.,1.));
#7163 = VECTOR('',#7162,1.);
#7164 = LINE('',#7040,#7163);
#7165 = EDGE_CURVE('',#7041,#7155,#7164,.T.);
#7166 = ORIENTED_EDGE('',*,*,#7165,.T.);
#7167 = DIRECTION('',(1.,0.,0.));
#7168 = VECTOR('',#7167,1.);
#7169 = LINE('',#7154,#7168);
#7170 = EDGE_CURVE('',#7155,#7153,#7169,.T.);
#7171 = ORIENTED_EDGE('',*,*,#7170,.T.);
#7172 = CARTESIAN_POINT('',(8.470500000000001,-0.8504999999999999,5.));
#7173 = DIRECTION('',(0.,1.,0.));
#7174 = DIRECTION('',(0.,0.,-1.));
#7175 = AXIS2_PLACEMENT_3D('',#7172,#7173,#7174);
#7176 = PLANE('',#7175);
#7177 = EDGE_LOOP('',(#7160,#7161,#7166,#7171));
#7178 = FACE_OUTER_BOUND('',#7177,.T.);
#7179 = ADVANCED_FACE('',(#7178),#7176,.T.);
#7180 = CARTESIAN_POINT('',(6.769500000000001,0.8504999999999999,5.));
#7181 = VERTEX_POINT('',#7180);
#7182 = ORIENTED_EDGE('',*,*,#7165,.F.);
#7183 = ORIENTED_EDGE('',*,*,#7088,.T.);
#7184 = DIRECTION('',(0.,0.,1.));
#7185 = VECTOR('',#7184,1.);
#7186 = LINE('',#7078,#7185);
#7187 = EDGE_CURVE('',#7079,#7181,#7186,.T.);
#7188 = ORIENTED_EDGE('',*,*,#7187,.T.);
#7189 = DIRECTION('',(0.,1.,0.));
#7190 = VECTOR('',#7189,1.);
#7191 = LINE('',#7154,#7190);
#7192 = EDGE_CURVE('',#7155,#7181,#7191,.T.);
#7193 = ORIENTED_EDGE('',*,*,#7192,.F.);
#7194 = CARTESIAN_POINT('',(6.769500000000001,-0.8504999999999999,5.));
#7195 = DIRECTION('',(1.,0.,0.));
#7196 = DIRECTION('',(0.,0.,-1.));
#7197 = AXIS2_PLACEMENT_3D('',#7194,#7195,#7196);
#7198 = PLANE('',#7197);
#7199 = EDGE_LOOP('',(#7182,#7183,#7188,#7193));
#7200 = FACE_OUTER_BOUND('',#7199,.T.);
#7201 = ADVANCED_FACE('',(#7200),#7198,.T.);
#7202 = CARTESIAN_POINT('',(8.470500000000001,0.8504999999999999,5.));
#7203 = VERTEX_POINT('',#7202);
#7204 = DIRECTION('',(0.,0.,1.));
#7205 = VECTOR('',#7204,1.);
#7206 = LINE('',#7104,#7205);
#7207 = EDGE_CURVE('',#7105,#7203,#7206,.T.);
#7208 = ORIENTED_EDGE('',*,*,#7207,.F.);
#7209 = ORIENTED_EDGE('',*,*,#7136,.F.);
#7210 = ORIENTED_EDGE('',*,*,#7159,.T.);
#7211 = DIRECTION('',(0.,1.,0.));
#7212 = VECTOR('',#7211,1.);
#7213 = LINE('',#7152,#7212);
#7214 = EDGE_CURVE('',#7153,#7203,#7213,.T.);
#7215 = ORIENTED_EDGE('',*,*,#7214,.T.);
#7216 = CARTESIAN_POINT('',(8.470500000000001,0.8504999999999999,5.));
#7217 = DIRECTION('',(-1.,0.,0.));
#7218 = DIRECTION('',(0.,0.,-1.));
#7219 = AXIS2_PLACEMENT_3D('',#7216,#7217,#7218);
#7220 = PLANE('',#7219);
#7221 = EDGE_LOOP('',(#7208,#7209,#7210,#7215));
#7222 = FACE_OUTER_BOUND('',#7221,.T.);
#7223 = ADVANCED_FACE('',(#7222),#7220,.T.);
#7224 = ORIENTED_EDGE('',*,*,#7187,.F.);
#7225 = ORIENTED_EDGE('',*,*,#7111,.T.);
#7226 = ORIENTED_EDGE('',*,*,#7207,.T.);
#7227 = DIRECTION('',(1.,0.,0.));
#7228 = VECTOR('',#7227,1.);
#7229 = LINE('',#7180,#7228);
#7230 = EDGE_CURVE('',#7181,#7203,#7229,.T.);
#7231 = ORIENTED_EDGE('',*,*,#7230,.F.);
#7232 = CARTESIAN_POINT('',(6.769500000000001,0.8504999999999999,5.));
#7233 = DIRECTION('',(0.,-1.,0.));
#7234 = DIRECTION('',(0.,0.,-1.));
#7235 = AXIS2_PLACEMENT_3D('',#7232,#7233,#7234);
#7236 = PLANE('',#7235);
#7237 = EDGE_LOOP('',(#7224,#7225,#7226,#7231));
#7238 = FACE_OUTER_BOUND('',#7237,.T.);
#7239 = ADVANCED_FACE('',(#7238),#7236,.T.);
#7240 = DIRECTION('',(0.,0.,1.));
#7241 = VECTOR('',#7240,1.);
#7242 = LINE('',#6978,#7241);
#7243 = EDGE_CURVE('',#6979,#7047,#7242,.T.);
#7244 = ORIENTED_EDGE('',*,*,#7243,.F.);
#7245 = ORIENTED_EDGE('',*,*,#6983,.T.);
#7246 = DIRECTION('',(0.,0.,1.));
#7247 = VECTOR('',#7246,1.);
#7248 = LINE('',#6950,#7247);
#7249 = EDGE_CURVE('',#6951,#7077,#7248,.T.);
#7250 = ORIENTED_EDGE('',*,*,#7249,.T.);
#7251 = ORIENTED_EDGE('',*,*,#7094,.F.);
#7252 = CARTESIAN_POINT('',(7.147500000000001,-0.4725,4.385399999999999));
#7253 = DIRECTION('',(1.,0.,0.));
#7254 = DIRECTION('',(0.,0.,-1.));
#7255 = AXIS2_PLACEMENT_3D('',#7252,#7253,#7254);
#7256 = PLANE('',#7255);
#7257 = EDGE_LOOP('',(#7244,#7245,#7250,#7251));
#7258 = FACE_OUTER_BOUND('',#7257,.T.);
#7259 = ADVANCED_FACE('',(#7258),#7256,.T.);
#7260 = ORIENTED_EDGE('',*,*,#7142,.T.);
#7261 = DIRECTION('',(0.,0.,1.));
#7262 = VECTOR('',#7261,1.);
#7263 = LINE('',#6948,#7262);
#7264 = EDGE_CURVE('',#6949,#7107,#7263,.T.);
#7265 = ORIENTED_EDGE('',*,*,#7264,.F.);
#7266 = ORIENTED_EDGE('',*,*,#7011,.F.);
#7267 = DIRECTION('',(0.,0.,1.));
#7268 = VECTOR('',#7267,1.);
#7269 = LINE('',#7000,#7268);
#7270 = EDGE_CURVE('',#7001,#7045,#7269,.T.);
#7271 = ORIENTED_EDGE('',*,*,#7270,.T.);
#7272 = CARTESIAN_POINT('',(8.092500000000001,-0.4725,4.385399999999999));
#7273 = DIRECTION('',(-1.,0.,0.));
#7274 = DIRECTION('',(0.,1.,0.));
#7275 = AXIS2_PLACEMENT_3D('',#7272,#7273,#7274);
#7276 = PLANE('',#7275);
#7277 = EDGE_LOOP('',(#7260,#7265,#7266,#7271));
#7278 = FACE_OUTER_BOUND('',#7277,.T.);
#7279 = ADVANCED_FACE('',(#7278),#7276,.T.);
#7280 = ORIENTED_EDGE('',*,*,#7270,.F.);
#7281 = ORIENTED_EDGE('',*,*,#7029,.F.);
#7282 = ORIENTED_EDGE('',*,*,#7243,.T.);
#7283 = ORIENTED_EDGE('',*,*,#7061,.T.);
#7284 = CARTESIAN_POINT('',(8.092500000000001,-0.4725,4.385399999999999));
#7285 = DIRECTION('',(0.,1.,0.));
#7286 = DIRECTION('',(0.,0.,-1.));
#7287 = AXIS2_PLACEMENT_3D('',#7284,#7285,#7286);
#7288 = PLANE('',#7287);
#7289 = EDGE_LOOP('',(#7280,#7281,#7282,#7283));
#7290 = FACE_OUTER_BOUND('',#7289,.T.);
#7291 = ADVANCED_FACE('',(#7290),#7288,.T.);
#7292 = ORIENTED_EDGE('',*,*,#7249,.F.);
#7293 = ORIENTED_EDGE('',*,*,#6961,.T.);
#7294 = ORIENTED_EDGE('',*,*,#7264,.T.);
#7295 = ORIENTED_EDGE('',*,*,#7117,.F.);
#7296 = CARTESIAN_POINT('',(7.147500000000001,0.4725,4.385399999999999));
#7297 = DIRECTION('',(0.,-1.,0.));
#7298 = DIRECTION('',(0.,0.,-1.));
#7299 = AXIS2_PLACEMENT_3D('',#7296,#7297,#7298);
#7300 = PLANE('',#7299);
#7301 = EDGE_LOOP('',(#7292,#7293,#7294,#7295));
#7302 = FACE_OUTER_BOUND('',#7301,.T.);
#7303 = ADVANCED_FACE('',(#7302),#7300,.T.);
#7304 = ORIENTED_EDGE('',*,*,#6814,.F.);
#7305 = DIRECTION('',(1.,0.,0.));
#7306 = VECTOR('',#7305,1.);
#7307 = LINE('',#6786,#7306);
#7308 = EDGE_CURVE('',#6787,#7181,#7307,.T.);
#7309 = ORIENTED_EDGE('',*,*,#7308,.T.);
#7310 = ORIENTED_EDGE('',*,*,#7230,.T.);
#7311 = DIRECTION('',(1.,0.,0.));
#7312 = VECTOR('',#7311,1.);
#7313 = LINE('',#7202,#7312);
#7314 = EDGE_CURVE('',#7203,#6855,#7313,.T.);
#7315 = ORIENTED_EDGE('',*,*,#7314,.T.);
#7316 = ORIENTED_EDGE('',*,*,#6883,.T.);
#7317 = ORIENTED_EDGE('',*,*,#6932,.F.);
#7318 = CARTESIAN_POINT('',(6.350000000000001,1.27,5.));
#7319 = DIRECTION('',(0.,0.,1.));
#7320 = DIRECTION('',(0.,-1.,0.));
#7321 = AXIS2_PLACEMENT_3D('',#7318,#7319,#7320);
#7322 = PLANE('',#7321);
#7323 = EDGE_LOOP('',(#7304,#7309,#7310,#7315,#7316,#7317));
#7324 = FACE_OUTER_BOUND('',#7323,.T.);
#7325 = ADVANCED_FACE('',(#7324),#7322,.T.);
#7326 = ORIENTED_EDGE('',*,*,#7214,.F.);
#7327 = DIRECTION('',(1.,0.,0.));
#7328 = VECTOR('',#7327,1.);
#7329 = LINE('',#7152,#7328);
#7330 = EDGE_CURVE('',#7153,#6857,#7329,.T.);
#7331 = ORIENTED_EDGE('',*,*,#7330,.T.);
#7332 = ORIENTED_EDGE('',*,*,#6888,.T.);
#7333 = ORIENTED_EDGE('',*,*,#7314,.F.);
#7334 = CARTESIAN_POINT('',(8.470500000000001,0.8504999999999999,5.));
#7335 = DIRECTION('',(0.,0.,1.));
#7336 = DIRECTION('',(0.,-1.,0.));
#7337 = AXIS2_PLACEMENT_3D('',#7334,#7335,#7336);
#7338 = PLANE('',#7337);
#7339 = EDGE_LOOP('',(#7326,#7331,#7332,#7333));
#7340 = FACE_OUTER_BOUND('',#7339,.T.);
#7341 = ADVANCED_FACE('',(#7340),#7338,.T.);
#7342 = ORIENTED_EDGE('',*,*,#6809,.F.);
#7343 = DIRECTION('',(1.,0.,0.));
#7344 = VECTOR('',#7343,1.);
#7345 = LINE('',#6784,#7344);
#7346 = EDGE_CURVE('',#6785,#7155,#7345,.T.);
#7347 = ORIENTED_EDGE('',*,*,#7346,.T.);
#7348 = ORIENTED_EDGE('',*,*,#7192,.T.);
#7349 = ORIENTED_EDGE('',*,*,#7308,.F.);
#7350 = CARTESIAN_POINT('',(6.350000000000001,0.8504999999999999,5.));
#7351 = DIRECTION('',(0.,0.,1.));
#7352 = DIRECTION('',(0.,-1.,0.));
#7353 = AXIS2_PLACEMENT_3D('',#7350,#7351,#7352);
#7354 = PLANE('',#7353);
#7355 = EDGE_LOOP('',(#7342,#7347,#7348,#7349));
#7356 = FACE_OUTER_BOUND('',#7355,.T.);
#7357 = ADVANCED_FACE('',(#7356),#7354,.T.);
#7358 = ORIENTED_EDGE('',*,*,#6804,.T.);
#7359 = ORIENTED_EDGE('',*,*,#6917,.T.);
#7360 = ORIENTED_EDGE('',*,*,#6893,.F.);
#7361 = ORIENTED_EDGE('',*,*,#7330,.F.);
#7362 = ORIENTED_EDGE('',*,*,#7170,.F.);
#7363 = ORIENTED_EDGE('',*,*,#7346,.F.);
#7364 = CARTESIAN_POINT('',(6.350000000000001,-0.8504999999999999,5.));
#7365 = DIRECTION('',(0.,0.,1.));
#7366 = DIRECTION('',(0.,-1.,0.));
#7367 = AXIS2_PLACEMENT_3D('',#7364,#7365,#7366);
#7368 = PLANE('',#7367);
#7369 = EDGE_LOOP('',(#7358,#7359,#7360,#7361,#7362,#7363));
#7370 = FACE_OUTER_BOUND('',#7369,.T.);
#7371 = ADVANCED_FACE('',(#7370),#7368,.T.);
#7372 = CLOSED_SHELL('',(#6843,#6907,#6927,#6947,#6977,#6999,#7021,#7039,#7075,#7103,#7131,#7151,#7179,#7201,#7223,#7239,#7259,#7279,#7291,#7303,#7325,#7341,#7357,#7371));
#7373 = MANIFOLD_SOLID_BREP('',#7372);
#7374 = COLOUR_RGB('',0.10196078431372549,0.10196078431372549,0.10196078431372549);
#7375 = FILL_AREA_STYLE_COLOUR('',#7374);
#7376 = FILL_AREA_STYLE('',(#7375));
#7377 = SURFACE_STYLE_FILL_AREA(#7376);
#7378 = SURFACE_SIDE_STYLE('',(#7377));
#7379 = SURFACE_STYLE_USAGE(.BOTH.,#7378);
#7380 = PRESENTATION_STYLE_ASSIGNMENT((#7379));
#7381 = STYLED_ITEM('',(#7380),#7373);
#7382 = CARTESIAN_POINT('',(7.935000000000001,-0.315,0.));
#7383 = VERTEX_POINT('',#7382);
#7384 = CARTESIAN_POINT('',(7.935000000000001,0.315,0.));
#7385 = VERTEX_POINT('',#7384);
#7386 = CARTESIAN_POINT('',(7.305000000000001,0.315,0.));
#7387 = VERTEX_POINT('',#7386);
#7388 = CARTESIAN_POINT('',(7.305000000000001,-0.315,0.));
#7389 = VERTEX_POINT('',#7388);
#7390 = DIRECTION('',(0.,1.,0.));
#7391 = VECTOR('',#7390,1.);
#7392 = LINE('',#7382,#7391);
#7393 = EDGE_CURVE('',#7383,#7385,#7392,.T.);
#7394 = ORIENTED_EDGE('',*,*,#7393,.T.);
#7395 = DIRECTION('',(1.,0.,0.));
#7396 = VECTOR('',#7395,1.);
#7397 = LINE('',#7386,#7396);
#7398 = EDGE_CURVE('',#7387,#7385,#7397,.T.);
#7399 = ORIENTED_EDGE('',*,*,#7398,.F.);
#7400 = DIRECTION('',(0.,1.,0.));
#7401 = VECTOR('',#7400,1.);
#7402 = LINE('',#7388,#7401);
#7403 = EDGE_CURVE('',#7389,#7387,#7402,.T.);
#7404 = ORIENTED_EDGE('',*,*,#7403,.F.);
#7405 = DIRECTION('',(1.,0.,0.));
#7406 = VECTOR('',#7405,1.);
#7407 = LINE('',#7388,#7406);
#7408 = EDGE_CURVE('',#7389,#7383,#7407,.T.);
#7409 = ORIENTED_EDGE('',*,*,#7408,.T.);
#7410 = CARTESIAN_POINT('',(7.935000000000001,-0.315,0.));
#7411 = DIRECTION('',(0.,0.,1.));
#7412 = DIRECTION('',(0.,1.,0.));
#7413 = AXIS2_PLACEMENT_3D('',#7410,#7411,#7412);
#7414 = PLANE('',#7413);
#7415 = EDGE_LOOP('',(#7394,#7399,#7404,#7409));
#7416 = FACE_OUTER_BOUND('',#7415,.T.);
#7417 = ADVANCED_FACE('',(#7416),#7414,.T.);
#7418 = CARTESIAN_POINT('',(7.305000000000001,0.315,-2.7));
#7419 = VERTEX_POINT('',#7418);
#7420 = CARTESIAN_POINT('',(7.935000000000001,0.315,-2.7));
#7421 = VERTEX_POINT('',#7420);
#7422 = DIRECTION('',(0.,0.,1.));
#7423 = VECTOR('',#7422,1.);
#7424 = LINE('',#7418,#7423);
#7425 = EDGE_CURVE('',#7419,#7387,#7424,.T.);
#7426 = ORIENTED_EDGE('',*,*,#7425,.T.);
#7427 = ORIENTED_EDGE('',*,*,#7398,.T.);
#7428 = DIRECTION('',(0.,0.,1.));
#7429 = VECTOR('',#7428,1.);
#7430 = LINE('',#7420,#7429);
#7431 = EDGE_CURVE('',#7421,#7385,#7430,.T.);
#7432 = ORIENTED_EDGE('',*,*,#7431,.F.);
#7433 = DIRECTION('',(1.,0.,0.));
#7434 = VECTOR('',#7433,1.);
#7435 = LINE('',#7418,#7434);
#7436 = EDGE_CURVE('',#7419,#7421,#7435,.T.);
#7437 = ORIENTED_EDGE('',*,*,#7436,.F.);
#7438 = CARTESIAN_POINT('',(7.305000000000001,0.315,-2.7));
#7439 = DIRECTION('',(0.,1.,0.));
#7440 = DIRECTION('',(0.,0.,1.));
#7441 = AXIS2_PLACEMENT_3D('',#7438,#7439,#7440);
#7442 = PLANE('',#7441);
#7443 = EDGE_LOOP('',(#7426,#7427,#7432,#7437));
#7444 = FACE_OUTER_BOUND('',#7443,.T.);
#7445 = ADVANCED_FACE('',(#7444),#7442,.T.);
#7446 = CARTESIAN_POINT('',(7.305000000000001,-0.315,-2.7));
#7447 = VERTEX_POINT('',#7446);
#7448 = DIRECTION('',(0.,1.,0.));
#7449 = VECTOR('',#7448,1.);
#7450 = LINE('',#7446,#7449);
#7451 = EDGE_CURVE('',#7447,#7419,#7450,.T.);
#7452 = ORIENTED_EDGE('',*,*,#7451,.F.);
#7453 = DIRECTION('',(0.,0.,1.));
#7454 = VECTOR('',#7453,1.);
#7455 = LINE('',#7446,#7454);
#7456 = EDGE_CURVE('',#7447,#7389,#7455,.T.);
#7457 = ORIENTED_EDGE('',*,*,#7456,.T.);
#7458 = ORIENTED_EDGE('',*,*,#7403,.T.);
#7459 = ORIENTED_EDGE('',*,*,#7425,.F.);
#7460 = CARTESIAN_POINT('',(7.305000000000001,0.315,-2.7));
#7461 = DIRECTION('',(-1.,0.,0.));
#7462 = DIRECTION('',(0.,-1.,0.));
#7463 = AXIS2_PLACEMENT_3D('',#7460,#7461,#7462);
#7464 = PLANE('',#7463);
#7465 = EDGE_LOOP('',(#7452,#7457,#7458,#7459));
#7466 = FACE_OUTER_BOUND('',#7465,.T.);
#7467 = ADVANCED_FACE('',(#7466),#7464,.T.);
#7468 = CARTESIAN_POINT('',(7.935000000000001,-0.315,-2.7));
#7469 = VERTEX_POINT('',#7468);
#7470 = DIRECTION('',(0.,1.,0.));
#7471 = VECTOR('',#7470,1.);
#7472 = LINE('',#7468,#7471);
#7473 = EDGE_CURVE('',#7469,#7421,#7472,.T.);
#7474 = ORIENTED_EDGE('',*,*,#7473,.T.);
#7475 = ORIENTED_EDGE('',*,*,#7431,.T.);
#7476 = ORIENTED_EDGE('',*,*,#7393,.F.);
#7477 = DIRECTION('',(0.,0.,1.));
#7478 = VECTOR('',#7477,1.);
#7479 = LINE('',#7468,#7478);
#7480 = EDGE_CURVE('',#7469,#7383,#7479,.T.);
#7481 = ORIENTED_EDGE('',*,*,#7480,.F.);
#7482 = CARTESIAN_POINT('',(7.935000000000001,-0.315,-2.7));
#7483 = DIRECTION('',(1.,0.,0.));
#7484 = DIRECTION('',(0.,1.,0.));
#7485 = AXIS2_PLACEMENT_3D('',#7482,#7483,#7484);
#7486 = PLANE('',#7485);
#7487 = EDGE_LOOP('',(#7474,#7475,#7476,#7481));
#7488 = FACE_OUTER_BOUND('',#7487,.T.);
#7489 = ADVANCED_FACE('',(#7488),#7486,.T.);
#7490 = ORIENTED_EDGE('',*,*,#7480,.T.);
#7491 = ORIENTED_EDGE('',*,*,#7408,.F.);
#7492 = ORIENTED_EDGE('',*,*,#7456,.F.);
#7493 = DIRECTION('',(1.,0.,0.));
#7494 = VECTOR('',#7493,1.);
#7495 = LINE('',#7446,#7494);
#7496 = EDGE_CURVE('',#7447,#7469,#7495,.T.);
#7497 = ORIENTED_EDGE('',*,*,#7496,.T.);
#7498 = CARTESIAN_POINT('',(7.935000000000001,-0.315,-2.7));
#7499 = DIRECTION('',(0.,-1.,0.));
#7500 = DIRECTION('',(0.,0.,1.));
#7501 = AXIS2_PLACEMENT_3D('',#7498,#7499,#7500);
#7502 = PLANE('',#7501);
#7503 = EDGE_LOOP('',(#7490,#7491,#7492,#7497));
#7504 = FACE_OUTER_BOUND('',#7503,.T.);
#7505 = ADVANCED_FACE('',(#7504),#7502,.T.);
#7506 = CARTESIAN_POINT('',(7.445000000000001,0.175,-3.));
#7507 = VERTEX_POINT('',#7506);
#7508 = CARTESIAN_POINT('',(7.795000000000001,0.175,-3.));
#7509 = VERTEX_POINT('',#7508);
#7510 = DIRECTION('',(0.38949041885226154,-0.38949041885226,-0.8346223261119851));
#7511 = VECTOR('',#7510,1.);
#7512 = LINE('',#7418,#7511);
#7513 = EDGE_CURVE('',#7419,#7507,#7512,.T.);
#7514 = ORIENTED_EDGE('',*,*,#7513,.F.);
#7515 = ORIENTED_EDGE('',*,*,#7436,.T.);
#7516 = DIRECTION('',(0.38949041885226154,0.38949041885226,0.8346223261119851));
#7517 = VECTOR('',#7516,1.);
#7518 = LINE('',#7508,#7517);
#7519 = EDGE_CURVE('',#7509,#7421,#7518,.T.);
#7520 = ORIENTED_EDGE('',*,*,#7519,.F.);
#7521 = DIRECTION('',(1.,0.,0.));
#7522 = VECTOR('',#7521,1.);
#7523 = LINE('',#7506,#7522);
#7524 = EDGE_CURVE('',#7507,#7509,#7523,.T.);
#7525 = ORIENTED_EDGE('',*,*,#7524,.F.);
#7526 = CARTESIAN_POINT('',(7.445000000000001,0.175,-3.));
#7527 = DIRECTION('',(0.,0.9061831399952652,-0.4228854653311245));
#7528 = DIRECTION('',(-0.38949041885226154,0.38949041885226,0.8346223261119851));
#7529 = AXIS2_PLACEMENT_3D('',#7526,#7527,#7528);
#7530 = PLANE('',#7529);
#7531 = EDGE_LOOP('',(#7514,#7515,#7520,#7525));
#7532 = FACE_OUTER_BOUND('',#7531,.T.);
#7533 = ADVANCED_FACE('',(#7532),#7530,.T.);
#7534 = CARTESIAN_POINT('',(7.445000000000001,-0.175,-3.));
#7535 = VERTEX_POINT('',#7534);
#7536 = DIRECTION('',(0.,1.,0.));
#7537 = VECTOR('',#7536,1.);
#7538 = LINE('',#7534,#7537);
#7539 = EDGE_CURVE('',#7535,#7507,#7538,.T.);
#7540 = ORIENTED_EDGE('',*,*,#7539,.F.);
#7541 = DIRECTION('',(0.38949041885226154,0.38949041885226,-0.8346223261119851));
#7542 = VECTOR('',#7541,1.);
#7543 = LINE('',#7446,#7542);
#7544 = EDGE_CURVE('',#7447,#7535,#7543,.T.);
#7545 = ORIENTED_EDGE('',*,*,#7544,.F.);
#7546 = ORIENTED_EDGE('',*,*,#7451,.T.);
#7547 = ORIENTED_EDGE('',*,*,#7513,.T.);
#7548 = CARTESIAN_POINT('',(7.445000000000001,0.175,-3.));
#7549 = DIRECTION('',(-0.9061831399952646,0.,-0.4228854653311256));
#7550 = DIRECTION('',(0.,-1.,0.));
#7551 = AXIS2_PLACEMENT_3D('',#7548,#7549,#7550);
#7552 = PLANE('',#7551);
#7553 = EDGE_LOOP('',(#7540,#7545,#7546,#7547));
#7554 = FACE_OUTER_BOUND('',#7553,.T.);
#7555 = ADVANCED_FACE('',(#7554),#7552,.T.);
#7556 = CARTESIAN_POINT('',(7.795000000000001,-0.175,-3.));
#7557 = VERTEX_POINT('',#7556);
#7558 = DIRECTION('',(1.,0.,0.));
#7559 = VECTOR('',#7558,1.);
#7560 = LINE('',#7534,#7559);
#7561 = EDGE_CURVE('',#7535,#7557,#7560,.T.);
#7562 = ORIENTED_EDGE('',*,*,#7561,.F.);
#7563 = ORIENTED_EDGE('',*,*,#7539,.T.);
#7564 = ORIENTED_EDGE('',*,*,#7524,.T.);
#7565 = DIRECTION('',(0.,1.,0.));
#7566 = VECTOR('',#7565,1.);
#7567 = LINE('',#7556,#7566);
#7568 = EDGE_CURVE('',#7557,#7509,#7567,.T.);
#7569 = ORIENTED_EDGE('',*,*,#7568,.F.);
#7570 = CARTESIAN_POINT('',(7.795000000000001,-0.175,-3.));
#7571 = DIRECTION('',(0.,0.,-1.));
#7572 = DIRECTION('',(-1.,0.,0.));
#7573 = AXIS2_PLACEMENT_3D('',#7570,#7571,#7572);
#7574 = PLANE('',#7573);
#7575 = EDGE_LOOP('',(#7562,#7563,#7564,#7569));
#7576 = FACE_OUTER_BOUND('',#7575,.T.);
#7577 = ADVANCED_FACE('',(#7576),#7574,.T.);
#7578 = ORIENTED_EDGE('',*,*,#7568,.T.);
#7579 = ORIENTED_EDGE('',*,*,#7519,.T.);
#7580 = ORIENTED_EDGE('',*,*,#7473,.F.);
#7581 = DIRECTION('',(0.38949041885226154,-0.38949041885226,0.8346223261119851));
#7582 = VECTOR('',#7581,1.);
#7583 = LINE('',#7556,#7582);
#7584 = EDGE_CURVE('',#7557,#7469,#7583,.T.);
#7585 = ORIENTED_EDGE('',*,*,#7584,.F.);
#7586 = CARTESIAN_POINT('',(7.795000000000001,-0.175,-3.));
#7587 = DIRECTION('',(0.9061831399952646,0.,-0.4228854653311256));
#7588 = DIRECTION('',(0.,1.,0.));
#7589 = AXIS2_PLACEMENT_3D('',#7586,#7587,#7588);
#7590 = PLANE('',#7589);
#7591 = EDGE_LOOP('',(#7578,#7579,#7580,#7585));
#7592 = FACE_OUTER_BOUND('',#7591,.T.);
#7593 = ADVANCED_FACE('',(#7592),#7590,.T.);
#7594 = ORIENTED_EDGE('',*,*,#7584,.T.);
#7595 = ORIENTED_EDGE('',*,*,#7496,.F.);
#7596 = ORIENTED_EDGE('',*,*,#7544,.T.);
#7597 = ORIENTED_EDGE('',*,*,#7561,.T.);
#7598 = CARTESIAN_POINT('',(7.795000000000001,-0.175,-3.));
#7599 = DIRECTION('',(0.,-0.9061831399952652,-0.4228854653311245));
#7600 = DIRECTION('',(0.38949041885226154,-0.38949041885226,0.8346223261119851));
#7601 = AXIS2_PLACEMENT_3D('',#7598,#7599,#7600);
#7602 = PLANE('',#7601);
#7603 = EDGE_LOOP('',(#7594,#7595,#7596,#7597));
#7604 = FACE_OUTER_BOUND('',#7603,.T.);
#7605 = ADVANCED_FACE('',(#7604),#7602,.T.);
#7606 = CLOSED_SHELL('',(#7417,#7445,#7467,#7489,#7505,#7533,#7555,#7577,#7593,#7605));
#7607 = MANIFOLD_SOLID_BREP('',#7606);
#7608 = CARTESIAN_POINT('',(7.116000000000001,-0.504,0.));
#7609 = VERTEX_POINT('',#7608);
#7610 = CARTESIAN_POINT('',(7.116000000000001,-0.504,0.504));
#7611 = VERTEX_POINT('',#7610);
#7612 = CARTESIAN_POINT('',(7.116000000000001,0.504,0.504));
#7613 = VERTEX_POINT('',#7612);
#7614 = CARTESIAN_POINT('',(7.116000000000001,0.504,0.));
#7615 = VERTEX_POINT('',#7614);
#7616 = DIRECTION('',(0.,0.,1.));
#7617 = VECTOR('',#7616,1.);
#7618 = LINE('',#7608,#7617);
#7619 = EDGE_CURVE('',#7609,#7611,#7618,.T.);
#7620 = ORIENTED_EDGE('',*,*,#7619,.T.);
#7621 = DIRECTION('',(0.,1.,0.));
#7622 = VECTOR('',#7621,1.);
#7623 = LINE('',#7610,#7622);
#7624 = EDGE_CURVE('',#7611,#7613,#7623,.T.);
#7625 = ORIENTED_EDGE('',*,*,#7624,.T.);
#7626 = DIRECTION('',(0.,0.,1.));
#7627 = VECTOR('',#7626,1.);
#7628 = LINE('',#7614,#7627);
#7629 = EDGE_CURVE('',#7615,#7613,#7628,.T.);
#7630 = ORIENTED_EDGE('',*,*,#7629,.F.);
#7631 = DIRECTION('',(0.,1.,0.));
#7632 = VECTOR('',#7631,1.);
#7633 = LINE('',#7608,#7632);
#7634 = EDGE_CURVE('',#7609,#7615,#7633,.T.);
#7635 = ORIENTED_EDGE('',*,*,#7634,.F.);
#7636 = CARTESIAN_POINT('',(7.116000000000001,-0.504,0.));
#7637 = DIRECTION('',(-1.,0.,0.));
#7638 = DIRECTION('',(0.,0.,1.));
#7639 = AXIS2_PLACEMENT_3D('',#7636,#7637,#7638);
#7640 = PLANE('',#7639);
#7641 = EDGE_LOOP('',(#7620,#7625,#7630,#7635));
#7642 = FACE_OUTER_BOUND('',#7641,.T.);
#7643 = ADVANCED_FACE('',(#7642),#7640,.T.);
#7644 = CARTESIAN_POINT('',(8.124,-0.504,0.));
#7645 = VERTEX_POINT('',#7644);
#7646 = CARTESIAN_POINT('',(8.124,0.504,0.));
#7647 = VERTEX_POINT('',#7646);
#7648 = CARTESIAN_POINT('',(8.124,0.504,0.504));
#7649 = VERTEX_POINT('',#7648);
#7650 = CARTESIAN_POINT('',(8.124,-0.504,0.504));
#7651 = VERTEX_POINT('',#7650);
#7652 = DIRECTION('',(0.,1.,0.));
#7653 = VECTOR('',#7652,1.);
#7654 = LINE('',#7644,#7653);
#7655 = EDGE_CURVE('',#7645,#7647,#7654,.T.);
#7656 = ORIENTED_EDGE('',*,*,#7655,.T.);
#7657 = DIRECTION('',(0.,0.,1.));
#7658 = VECTOR('',#7657,1.);
#7659 = LINE('',#7646,#7658);
#7660 = EDGE_CURVE('',#7647,#7649,#7659,.T.);
#7661 = ORIENTED_EDGE('',*,*,#7660,.T.);
#7662 = DIRECTION('',(0.,1.,0.));
#7663 = VECTOR('',#7662,1.);
#7664 = LINE('',#7650,#7663);
#7665 = EDGE_CURVE('',#7651,#7649,#7664,.T.);
#7666 = ORIENTED_EDGE('',*,*,#7665,.F.);
#7667 = DIRECTION('',(0.,0.,1.));
#7668 = VECTOR('',#7667,1.);
#7669 = LINE('',#7644,#7668);
#7670 = EDGE_CURVE('',#7645,#7651,#7669,.T.);
#7671 = ORIENTED_EDGE('',*,*,#7670,.F.);
#7672 = CARTESIAN_POINT('',(8.124,-0.504,0.));
#7673 = DIRECTION('',(1.,0.,0.));
#7674 = DIRECTION('',(0.,1.,0.));
#7675 = AXIS2_PLACEMENT_3D('',#7672,#7673,#7674);
#7676 = PLANE('',#7675);
#7677 = EDGE_LOOP('',(#7656,#7661,#7666,#7671));
#7678 = FACE_OUTER_BOUND('',#7677,.T.);
#7679 = ADVANCED_FACE('',(#7678),#7676,.T.);
#7680 = DIRECTION('',(1.,0.,0.));
#7681 = VECTOR('',#7680,1.);
#7682 = LINE('',#7608,#7681);
#7683 = EDGE_CURVE('',#7609,#7645,#7682,.T.);
#7684 = ORIENTED_EDGE('',*,*,#7683,.T.);
#7685 = ORIENTED_EDGE('',*,*,#7670,.T.);
#7686 = DIRECTION('',(1.,0.,0.));
#7687 = VECTOR('',#7686,1.);
#7688 = LINE('',#7610,#7687);
#7689 = EDGE_CURVE('',#7611,#7651,#7688,.T.);
#7690 = ORIENTED_EDGE('',*,*,#7689,.F.);
#7691 = ORIENTED_EDGE('',*,*,#7619,.F.);
#7692 = CARTESIAN_POINT('',(7.116000000000001,-0.504,0.));
#7693 = DIRECTION('',(0.,-1.,0.));
#7694 = DIRECTION('',(1.,0.,0.));
#7695 = AXIS2_PLACEMENT_3D('',#7692,#7693,#7694);
#7696 = PLANE('',#7695);
#7697 = EDGE_LOOP('',(#7684,#7685,#7690,#7691));
#7698 = FACE_OUTER_BOUND('',#7697,.T.);
#7699 = ADVANCED_FACE('',(#7698),#7696,.T.);
#7700 = ORIENTED_EDGE('',*,*,#7629,.T.);
#7701 = DIRECTION('',(1.,0.,0.));
#7702 = VECTOR('',#7701,1.);
#7703 = LINE('',#7612,#7702);
#7704 = EDGE_CURVE('',#7613,#7649,#7703,.T.);
#7705 = ORIENTED_EDGE('',*,*,#7704,.T.);
#7706 = ORIENTED_EDGE('',*,*,#7660,.F.);
#7707 = DIRECTION('',(1.,0.,0.));
#7708 = VECTOR('',#7707,1.);
#7709 = LINE('',#7614,#7708);
#7710 = EDGE_CURVE('',#7615,#7647,#7709,.T.);
#7711 = ORIENTED_EDGE('',*,*,#7710,.F.);
#7712 = CARTESIAN_POINT('',(7.116000000000001,0.504,0.));
#7713 = DIRECTION('',(0.,1.,0.));
#7714 = DIRECTION('',(0.,0.,1.));
#7715 = AXIS2_PLACEMENT_3D('',#7712,#7713,#7714);
#7716 = PLANE('',#7715);
#7717 = EDGE_LOOP('',(#7700,#7705,#7706,#7711));
#7718 = FACE_OUTER_BOUND('',#7717,.T.);
#7719 = ADVANCED_FACE('',(#7718),#7716,.T.);
#7720 = ORIENTED_EDGE('',*,*,#7634,.T.);
#7721 = ORIENTED_EDGE('',*,*,#7710,.T.);
#7722 = ORIENTED_EDGE('',*,*,#7655,.F.);
#7723 = ORIENTED_EDGE('',*,*,#7683,.F.);
#7724 = CARTESIAN_POINT('',(7.116000000000001,-0.504,0.));
#7725 = DIRECTION('',(0.,0.,-1.));
#7726 = DIRECTION('',(0.,1.,0.));
#7727 = AXIS2_PLACEMENT_3D('',#7724,#7725,#7726);
#7728 = PLANE('',#7727);
#7729 = EDGE_LOOP('',(#7720,#7721,#7722,#7723));
#7730 = FACE_OUTER_BOUND('',#7729,.T.);
#7731 = ADVANCED_FACE('',(#7730),#7728,.T.);
#7732 = ORIENTED_EDGE('',*,*,#7689,.T.);
#7733 = ORIENTED_EDGE('',*,*,#7665,.T.);
#7734 = ORIENTED_EDGE('',*,*,#7704,.F.);
#7735 = ORIENTED_EDGE('',*,*,#7624,.F.);
#7736 = CARTESIAN_POINT('',(7.116000000000001,-0.504,0.504));
#7737 = DIRECTION('',(0.,0.,1.));
#7738 = DIRECTION('',(1.,0.,0.));
#7739 = AXIS2_PLACEMENT_3D('',#7736,#7737,#7738);
#7740 = PLANE('',#7739);
#7741 = EDGE_LOOP('',(#7732,#7733,#7734,#7735));
#7742 = FACE_OUTER_BOUND('',#7741,.T.);
#7743 = ADVANCED_FACE('',(#7742),#7740,.T.);
#7744 = CLOSED_SHELL('',(#7643,#7679,#7699,#7719,#7731,#7743));
#7745 = MANIFOLD_SOLID_BREP('',#7744);
#7746 = CARTESIAN_POINT('',(8.89,-1.27,0.));
#7747 = VERTEX_POINT('',#7746);
#7748 = CARTESIAN_POINT('',(8.89,-1.27,5.));
#7749 = VERTEX_POINT('',#7748);
#7750 = CARTESIAN_POINT('',(8.89,-0.8504999999999999,5.));
#7751 = VERTEX_POINT('',#7750);
#7752 = CARTESIAN_POINT('',(8.89,0.8504999999999999,5.));
#7753 = VERTEX_POINT('',#7752);
#7754 = CARTESIAN_POINT('',(8.89,1.27,5.));
#7755 = VERTEX_POINT('',#7754);
#7756 = CARTESIAN_POINT('',(8.89,1.27,0.));
#7757 = VERTEX_POINT('',#7756);
#7758 = CARTESIAN_POINT('',(8.89,0.4724999999999999,0.));
#7759 = VERTEX_POINT('',#7758);
#7760 = CARTESIAN_POINT('',(8.89,-0.4724999999999999,0.));
#7761 = VERTEX_POINT('',#7760);
#7762 = DIRECTION('',(0.,0.,1.));
#7763 = VECTOR('',#7762,1.);
#7764 = LINE('',#7746,#7763);
#7765 = EDGE_CURVE('',#7747,#7749,#7764,.T.);
#7766 = ORIENTED_EDGE('',*,*,#7765,.T.);
#7767 = DIRECTION('',(0.,-1.,0.));
#7768 = VECTOR('',#7767,1.);
#7769 = LINE('',#7750,#7768);
#7770 = EDGE_CURVE('',#7751,#7749,#7769,.T.);
#7771 = ORIENTED_EDGE('',*,*,#7770,.F.);
#7772 = DIRECTION('',(0.,1.,0.));
#7773 = VECTOR('',#7772,1.);
#7774 = LINE('',#7750,#7773);
#7775 = EDGE_CURVE('',#7751,#7753,#7774,.T.);
#7776 = ORIENTED_EDGE('',*,*,#7775,.T.);
#7777 = DIRECTION('',(0.,1.,0.));
#7778 = VECTOR('',#7777,1.);
#7779 = LINE('',#7752,#7778);
#7780 = EDGE_CURVE('',#7753,#7755,#7779,.T.);
#7781 = ORIENTED_EDGE('',*,*,#7780,.T.);
#7782 = DIRECTION('',(0.,0.,1.));
#7783 = VECTOR('',#7782,1.);
#7784 = LINE('',#7756,#7783);
#7785 = EDGE_CURVE('',#7757,#7755,#7784,.T.);
#7786 = ORIENTED_EDGE('',*,*,#7785,.F.);
#7787 = DIRECTION('',(0.,1.,0.));
#7788 = VECTOR('',#7787,1.);
#7789 = LINE('',#7758,#7788);
#7790 = EDGE_CURVE('',#7759,#7757,#7789,.T.);
#7791 = ORIENTED_EDGE('',*,*,#7790,.F.);
#7792 = DIRECTION('',(0.,1.,0.));
#7793 = VECTOR('',#7792,1.);
#7794 = LINE('',#7760,#7793);
#7795 = EDGE_CURVE('',#7761,#7759,#7794,.T.);
#7796 = ORIENTED_EDGE('',*,*,#7795,.F.);
#7797 = DIRECTION('',(0.,-1.,0.));
#7798 = VECTOR('',#7797,1.);
#7799 = LINE('',#7760,#7798);
#7800 = EDGE_CURVE('',#7761,#7747,#7799,.T.);
#7801 = ORIENTED_EDGE('',*,*,#7800,.T.);
#7802 = CARTESIAN_POINT('',(8.89,-1.27,0.));
#7803 = DIRECTION('',(-1.,0.,0.));
#7804 = DIRECTION('',(0.,0.,1.));
#7805 = AXIS2_PLACEMENT_3D('',#7802,#7803,#7804);
#7806 = PLANE('',#7805);
#7807 = EDGE_LOOP('',(#7766,#7771,#7776,#7781,#7786,#7791,#7796,#7801));
#7808 = FACE_OUTER_BOUND('',#7807,.T.);
#7809 = ADVANCED_FACE('',(#7808),#7806,.T.);
#7810 = CARTESIAN_POINT('',(11.43,-1.27,0.));
#7811 = VERTEX_POINT('',#7810);
#7812 = CARTESIAN_POINT('',(11.43,-0.4724999999999999,0.));
#7813 = VERTEX_POINT('',#7812);
#7814 = CARTESIAN_POINT('',(11.43,0.4724999999999999,0.));
#7815 = VERTEX_POINT('',#7814);
#7816 = CARTESIAN_POINT('',(11.43,1.27,0.));
#7817 = VERTEX_POINT('',#7816);
#7818 = CARTESIAN_POINT('',(11.43,1.27,5.));
#7819 = VERTEX_POINT('',#7818);
#7820 = CARTESIAN_POINT('',(11.43,0.8504999999999999,5.));
#7821 = VERTEX_POINT('',#7820);
#7822 = CARTESIAN_POINT('',(11.43,-0.8504999999999999,5.));
#7823 = VERTEX_POINT('',#7822);
#7824 = CARTESIAN_POINT('',(11.43,-1.27,5.));
#7825 = VERTEX_POINT('',#7824);
#7826 = DIRECTION('',(0.,-1.,0.));
#7827 = VECTOR('',#7826,1.);
#7828 = LINE('',#7812,#7827);
#7829 = EDGE_CURVE('',#7813,#7811,#7828,.T.);
#7830 = ORIENTED_EDGE('',*,*,#7829,.F.);
#7831 = DIRECTION('',(0.,1.,0.));
#7832 = VECTOR('',#7831,1.);
#7833 = LINE('',#7812,#7832);
#7834 = EDGE_CURVE('',#7813,#7815,#7833,.T.);
#7835 = ORIENTED_EDGE('',*,*,#7834,.T.);
#7836 = DIRECTION('',(0.,1.,0.));
#7837 = VECTOR('',#7836,1.);
#7838 = LINE('',#7814,#7837);
#7839 = EDGE_CURVE('',#7815,#7817,#7838,.T.);
#7840 = ORIENTED_EDGE('',*,*,#7839,.T.);
#7841 = DIRECTION('',(0.,0.,1.));
#7842 = VECTOR('',#7841,1.);
#7843 = LINE('',#7816,#7842);
#7844 = EDGE_CURVE('',#7817,#7819,#7843,.T.);
#7845 = ORIENTED_EDGE('',*,*,#7844,.T.);
#7846 = DIRECTION('',(0.,1.,0.));
#7847 = VECTOR('',#7846,1.);
#7848 = LINE('',#7820,#7847);
#7849 = EDGE_CURVE('',#7821,#7819,#7848,.T.);
#7850 = ORIENTED_EDGE('',*,*,#7849,.F.);
#7851 = DIRECTION('',(0.,1.,0.));
#7852 = VECTOR('',#7851,1.);
#7853 = LINE('',#7822,#7852);
#7854 = EDGE_CURVE('',#7823,#7821,#7853,.T.);
#7855 = ORIENTED_EDGE('',*,*,#7854,.F.);
#7856 = DIRECTION('',(0.,-1.,0.));
#7857 = VECTOR('',#7856,1.);
#7858 = LINE('',#7822,#7857);
#7859 = EDGE_CURVE('',#7823,#7825,#7858,.T.);
#7860 = ORIENTED_EDGE('',*,*,#7859,.T.);
#7861 = DIRECTION('',(0.,0.,1.));
#7862 = VECTOR('',#7861,1.);
#7863 = LINE('',#7810,#7862);
#7864 = EDGE_CURVE('',#7811,#7825,#7863,.T.);
#7865 = ORIENTED_EDGE('',*,*,#7864,.F.);
#7866 = CARTESIAN_POINT('',(11.43,-1.27,0.));
#7867 = DIRECTION('',(1.,0.,0.));
#7868 = DIRECTION('',(0.,1.,0.));
#7869 = AXIS2_PLACEMENT_3D('',#7866,#7867,#7868);
#7870 = PLANE('',#7869);
#7871 = EDGE_LOOP('',(#7830,#7835,#7840,#7845,#7850,#7855,#7860,#7865));
#7872 = FACE_OUTER_BOUND('',#7871,.T.);
#7873 = ADVANCED_FACE('',(#7872),#7870,.T.);
#7874 = DIRECTION('',(-1.,0.,0.));
#7875 = VECTOR('',#7874,1.);
#7876 = LINE('',#7810,#7875);
#7877 = EDGE_CURVE('',#7811,#7747,#7876,.T.);
#7878 = ORIENTED_EDGE('',*,*,#7877,.F.);
#7879 = ORIENTED_EDGE('',*,*,#7864,.T.);
#7880 = DIRECTION('',(-1.,0.,0.));
#7881 = VECTOR('',#7880,1.);
#7882 = LINE('',#7824,#7881);
#7883 = EDGE_CURVE('',#7825,#7749,#7882,.T.);
#7884 = ORIENTED_EDGE('',*,*,#7883,.T.);
#7885 = ORIENTED_EDGE('',*,*,#7765,.F.);
#7886 = CARTESIAN_POINT('',(8.89,-1.27,0.));
#7887 = DIRECTION('',(0.,-1.,0.));
#7888 = DIRECTION('',(1.,0.,0.));
#7889 = AXIS2_PLACEMENT_3D('',#7886,#7887,#7888);
#7890 = PLANE('',#7889);
#7891 = EDGE_LOOP('',(#7878,#7879,#7884,#7885));
#7892 = FACE_OUTER_BOUND('',#7891,.T.);
#7893 = ADVANCED_FACE('',(#7892),#7890,.T.);
#7894 = ORIENTED_EDGE('',*,*,#7785,.T.);
#7895 = DIRECTION('',(-1.,0.,0.));
#7896 = VECTOR('',#7895,1.);
#7897 = LINE('',#7818,#7896);
#7898 = EDGE_CURVE('',#7819,#7755,#7897,.T.);
#7899 = ORIENTED_EDGE('',*,*,#7898,.F.);
#7900 = ORIENTED_EDGE('',*,*,#7844,.F.);
#7901 = DIRECTION('',(-1.,0.,0.));
#7902 = VECTOR('',#7901,1.);
#7903 = LINE('',#7816,#7902);
#7904 = EDGE_CURVE('',#7817,#7757,#7903,.T.);
#7905 = ORIENTED_EDGE('',*,*,#7904,.T.);
#7906 = CARTESIAN_POINT('',(8.89,1.27,0.));
#7907 = DIRECTION('',(0.,1.,0.));
#7908 = DIRECTION('',(0.,0.,1.));
#7909 = AXIS2_PLACEMENT_3D('',#7906,#7907,#7908);
#7910 = PLANE('',#7909);
#7911 = EDGE_LOOP('',(#7894,#7899,#7900,#7905));
#7912 = FACE_OUTER_BOUND('',#7911,.T.);
#7913 = ADVANCED_FACE('',(#7912),#7910,.T.);
#7914 = CARTESIAN_POINT('',(10.6325,0.4725,0.));
#7915 = VERTEX_POINT('',#7914);
#7916 = CARTESIAN_POINT('',(9.6875,0.4725,0.));
#7917 = VERTEX_POINT('',#7916);
#7918 = ORIENTED_EDGE('',*,*,#7839,.F.);
#7919 = DIRECTION('',(1.,0.,0.));
#7920 = VECTOR('',#7919,1.);
#7921 = LINE('',#7914,#7920);
#7922 = EDGE_CURVE('',#7915,#7815,#7921,.T.);
#7923 = ORIENTED_EDGE('',*,*,#7922,.F.);
#7924 = DIRECTION('',(-1.,0.,0.));
#7925 = VECTOR('',#7924,1.);
#7926 = LINE('',#7914,#7925);
#7927 = EDGE_CURVE('',#7915,#7917,#7926,.T.);
#7928 = ORIENTED_EDGE('',*,*,#7927,.T.);
#7929 = DIRECTION('',(1.,0.,0.));
#7930 = VECTOR('',#7929,1.);
#7931 = LINE('',#7758,#7930);
#7932 = EDGE_CURVE('',#7759,#7917,#7931,.T.);
#7933 = ORIENTED_EDGE('',*,*,#7932,.F.);
#7934 = ORIENTED_EDGE('',*,*,#7790,.T.);
#7935 = ORIENTED_EDGE('',*,*,#7904,.F.);
#7936 = CARTESIAN_POINT('',(11.43,1.27,0.));
#7937 = DIRECTION('',(0.,0.,-1.));
#7938 = DIRECTION('',(0.,-1.,0.));
#7939 = AXIS2_PLACEMENT_3D('',#7936,#7937,#7938);
#7940 = PLANE('',#7939);
#7941 = EDGE_LOOP('',(#7918,#7923,#7928,#7933,#7934,#7935));
#7942 = FACE_OUTER_BOUND('',#7941,.T.);
#7943 = ADVANCED_FACE('',(#7942),#7940,.T.);
#7944 = CARTESIAN_POINT('',(9.6875,-0.4724999999999999,0.));
#7945 = VERTEX_POINT('',#7944);
#7946 = DIRECTION('',(0.,1.,0.));
#7947 = VECTOR('',#7946,1.);
#7948 = LINE('',#7944,#7947);
#7949 = EDGE_CURVE('',#7945,#7917,#7948,.T.);
#7950 = ORIENTED_EDGE('',*,*,#7949,.F.);
#7951 = DIRECTION('',(1.,0.,0.));
#7952 = VECTOR('',#7951,1.);
#7953 = LINE('',#7760,#7952);
#7954 = EDGE_CURVE('',#7761,#7945,#7953,.T.);
#7955 = ORIENTED_EDGE('',*,*,#7954,.F.);
#7956 = ORIENTED_EDGE('',*,*,#7795,.T.);
#7957 = ORIENTED_EDGE('',*,*,#7932,.T.);
#7958 = CARTESIAN_POINT('',(9.6875,0.4724999999999999,0.));
#7959 = DIRECTION('',(0.,0.,-1.));
#7960 = DIRECTION('',(0.,-1.,0.));
#7961 = AXIS2_PLACEMENT_3D('',#7958,#7959,#7960);
#7962 = PLANE('',#7961);
#7963 = EDGE_LOOP('',(#7950,#7955,#7956,#7957));
#7964 = FACE_OUTER_BOUND('',#7963,.T.);
#7965 = ADVANCED_FACE('',(#7964),#7962,.T.);
#7966 = CARTESIAN_POINT('',(10.6325,-0.4724999999999999,0.));
#7967 = VERTEX_POINT('',#7966);
#7968 = ORIENTED_EDGE('',*,*,#7834,.F.);
#7969 = DIRECTION('',(1.,0.,0.));
#7970 = VECTOR('',#7969,1.);
#7971 = LINE('',#7966,#7970);
#7972 = EDGE_CURVE('',#7967,#7813,#7971,.T.);
#7973 = ORIENTED_EDGE('',*,*,#7972,.F.);
#7974 = DIRECTION('',(0.,1.,0.));
#7975 = VECTOR('',#7974,1.);
#7976 = LINE('',#7966,#7975);
#7977 = EDGE_CURVE('',#7967,#7915,#7976,.T.);
#7978 = ORIENTED_EDGE('',*,*,#7977,.T.);
#7979 = ORIENTED_EDGE('',*,*,#7922,.T.);
#7980 = CARTESIAN_POINT('',(11.43,0.4724999999999999,0.));
#7981 = DIRECTION('',(0.,0.,-1.));
#7982 = DIRECTION('',(0.,-1.,0.));
#7983 = AXIS2_PLACEMENT_3D('',#7980,#7981,#7982);
#7984 = PLANE('',#7983);
#7985 = EDGE_LOOP('',(#7968,#7973,#7978,#7979));
#7986 = FACE_OUTER_BOUND('',#7985,.T.);
#7987 = ADVANCED_FACE('',(#7986),#7984,.T.);
#7988 = ORIENTED_EDGE('',*,*,#7829,.T.);
#7989 = ORIENTED_EDGE('',*,*,#7877,.T.);
#7990 = ORIENTED_EDGE('',*,*,#7800,.F.);
#7991 = ORIENTED_EDGE('',*,*,#7954,.T.);
#7992 = DIRECTION('',(-1.,0.,0.));
#7993 = VECTOR('',#7992,1.);
#7994 = LINE('',#7966,#7993);
#7995 = EDGE_CURVE('',#7967,#7945,#7994,.T.);
#7996 = ORIENTED_EDGE('',*,*,#7995,.F.);
#7997 = ORIENTED_EDGE('',*,*,#7972,.T.);
#7998 = CARTESIAN_POINT('',(11.43,-0.4724999999999999,0.));
#7999 = DIRECTION('',(0.,0.,-1.));
#8000 = DIRECTION('',(0.,-1.,0.));
#8001 = AXIS2_PLACEMENT_3D('',#7998,#7999,#8000);
#8002 = PLANE('',#8001);
#8003 = EDGE_LOOP('',(#7988,#7989,#7990,#7991,#7996,#7997));
#8004 = FACE_OUTER_BOUND('',#8003,.T.);
#8005 = ADVANCED_FACE('',(#8004),#8002,.T.);
#8006 = CARTESIAN_POINT('',(9.3095,-0.8504999999999999,4.995));
#8007 = VERTEX_POINT('',#8006);
#8008 = CARTESIAN_POINT('',(11.0105,-0.8504999999999999,4.995));
#8009 = VERTEX_POINT('',#8008);
#8010 = CARTESIAN_POINT('',(10.6325,-0.4725,4.3854));
#8011 = VERTEX_POINT('',#8010);
#8012 = CARTESIAN_POINT('',(9.6875,-0.4725,4.3854));
#8013 = VERTEX_POINT('',#8012);
#8014 = DIRECTION('',(-1.,0.,0.));
#8015 = VECTOR('',#8014,1.);
#8016 = LINE('',#8008,#8015);
#8017 = EDGE_CURVE('',#8009,#8007,#8016,.T.);
#8018 = ORIENTED_EDGE('',*,*,#8017,.F.);
#8019 = DIRECTION('',(0.46621205975657015,-0.46621205975656993,0.7518594487502784));
#8020 = VECTOR('',#8019,1.);
#8021 = LINE('',#8010,#8020);
#8022 = EDGE_CURVE('',#8011,#8009,#8021,.T.);
#8023 = ORIENTED_EDGE('',*,*,#8022,.F.);
#8024 = DIRECTION('',(-1.,0.,0.));
#8025 = VECTOR('',#8024,1.);
#8026 = LINE('',#8010,#8025);
#8027 = EDGE_CURVE('',#8011,#8013,#8026,.T.);
#8028 = ORIENTED_EDGE('',*,*,#8027,.T.);
#8029 = DIRECTION('',(0.46621205975657015,0.46621205975656993,-0.7518594487502784));
#8030 = VECTOR('',#8029,1.);
#8031 = LINE('',#8006,#8030);
#8032 = EDGE_CURVE('',#8007,#8013,#8031,.T.);
#8033 = ORIENTED_EDGE('',*,*,#8032,.F.);
#8034 = CARTESIAN_POINT('',(9.3095,-0.8504999999999999,4.995));
#8035 = DIRECTION('',(0.,0.849872720784639,0.5269880059983483));
#8036 = DIRECTION('',(1.,0.,0.));
#8037 = AXIS2_PLACEMENT_3D('',#8034,#8035,#8036);
#8038 = PLANE('',#8037);
#8039 = EDGE_LOOP('',(#8018,#8023,#8028,#8033));
#8040 = FACE_OUTER_BOUND('',#8039,.T.);
#8041 = ADVANCED_FACE('',(#8040),#8038,.T.);
#8042 = CARTESIAN_POINT('',(9.6875,0.4725,4.3854));
#8043 = VERTEX_POINT('',#8042);
#8044 = CARTESIAN_POINT('',(9.3095,0.8504999999999999,4.995));
#8045 = VERTEX_POINT('',#8044);
#8046 = DIRECTION('',(0.46621205975657015,-0.46621205975656993,-0.7518594487502784));
#8047 = VECTOR('',#8046,1.);
#8048 = LINE('',#8044,#8047);
#8049 = EDGE_CURVE('',#8045,#8043,#8048,.T.);
#8050 = ORIENTED_EDGE('',*,*,#8049,.F.);
#8051 = DIRECTION('',(0.,1.,0.));
#8052 = VECTOR('',#8051,1.);
#8053 = LINE('',#8006,#8052);
#8054 = EDGE_CURVE('',#8007,#8045,#8053,.T.);
#8055 = ORIENTED_EDGE('',*,*,#8054,.F.);
#8056 = ORIENTED_EDGE('',*,*,#8032,.T.);
#8057 = DIRECTION('',(0.,1.,0.));
#8058 = VECTOR('',#8057,1.);
#8059 = LINE('',#8012,#8058);
#8060 = EDGE_CURVE('',#8013,#8043,#8059,.T.);
#8061 = ORIENTED_EDGE('',*,*,#8060,.T.);
#8062 = CARTESIAN_POINT('',(9.6875,0.4725,4.3854));
#8063 = DIRECTION('',(0.8498727207846386,0.,0.5269880059983487));
#8064 = DIRECTION('',(-0.46621205975657015,0.46621205975656993,0.7518594487502784));
#8065 = AXIS2_PLACEMENT_3D('',#8062,#8063,#8064);
#8066 = PLANE('',#8065);
#8067 = EDGE_LOOP('',(#8050,#8055,#8056,#8061));
#8068 = FACE_OUTER_BOUND('',#8067,.T.);
#8069 = ADVANCED_FACE('',(#8068),#8066,.T.);
#8070 = CARTESIAN_POINT('',(11.0105,0.8504999999999999,4.995));
#8071 = VERTEX_POINT('',#8070);
#8072 = CARTESIAN_POINT('',(10.6325,0.4725,4.3854));
#8073 = VERTEX_POINT('',#8072);
#8074 = DIRECTION('',(-1.,0.,0.));
#8075 = VECTOR('',#8074,1.);
#8076 = LINE('',#8070,#8075);
#8077 = EDGE_CURVE('',#8071,#8045,#8076,.T.);
#8078 = ORIENTED_EDGE('',*,*,#8077,.T.);
#8079 = ORIENTED_EDGE('',*,*,#8049,.T.);
#8080 = DIRECTION('',(-1.,0.,0.));
#8081 = VECTOR('',#8080,1.);
#8082 = LINE('',#8072,#8081);
#8083 = EDGE_CURVE('',#8073,#8043,#8082,.T.);
#8084 = ORIENTED_EDGE('',*,*,#8083,.F.);
#8085 = DIRECTION('',(0.46621205975657015,0.46621205975656993,0.7518594487502784));
#8086 = VECTOR('',#8085,1.);
#8087 = LINE('',#8072,#8086);
#8088 = EDGE_CURVE('',#8073,#8071,#8087,.T.);
#8089 = ORIENTED_EDGE('',*,*,#8088,.T.);
#8090 = CARTESIAN_POINT('',(11.0105,0.8504999999999999,4.995));
#8091 = DIRECTION('',(0.,-0.849872720784639,0.5269880059983483));
#8092 = DIRECTION('',(-1.,0.,0.));
#8093 = AXIS2_PLACEMENT_3D('',#8090,#8091,#8092);
#8094 = PLANE('',#8093);
#8095 = EDGE_LOOP('',(#8078,#8079,#8084,#8089));
#8096 = FACE_OUTER_BOUND('',#8095,.T.);
#8097 = ADVANCED_FACE('',(#8096),#8094,.T.);
#8098 = ORIENTED_EDGE('',*,*,#8022,.T.);
#8099 = DIRECTION('',(0.,1.,0.));
#8100 = VECTOR('',#8099,1.);
#8101 = LINE('',#8008,#8100);
#8102 = EDGE_CURVE('',#8009,#8071,#8101,.T.);
#8103 = ORIENTED_EDGE('',*,*,#8102,.T.);
#8104 = ORIENTED_EDGE('',*,*,#8088,.F.);
#8105 = DIRECTION('',(0.,1.,0.));
#8106 = VECTOR('',#8105,1.);
#8107 = LINE('',#8010,#8106);
#8108 = EDGE_CURVE('',#8011,#8073,#8107,.T.);
#8109 = ORIENTED_EDGE('',*,*,#8108,.F.);
#8110 = CARTESIAN_POINT('',(10.6325,-0.4725,4.3854));
#8111 = DIRECTION('',(-0.8498727207846386,0.,0.5269880059983487));
#8112 = DIRECTION('',(0.46621205975657015,-0.46621205975656993,0.7518594487502784));
#8113 = AXIS2_PLACEMENT_3D('',#8110,#8111,#8112);
#8114 = PLANE('',#8113);
#8115 = EDGE_LOOP('',(#8098,#8103,#8104,#8109));
#8116 = FACE_OUTER_BOUND('',#8115,.T.);
#8117 = ADVANCED_FACE('',(#8116),#8114,.T.);
#8118 = CARTESIAN_POINT('',(11.0105,-0.8504999999999999,5.));
#8119 = VERTEX_POINT('',#8118);
#8120 = CARTESIAN_POINT('',(9.3095,-0.8504999999999999,5.));
#8121 = VERTEX_POINT('',#8120);
#8122 = DIRECTION('',(0.,0.,1.));
#8123 = VECTOR('',#8122,1.);
#8124 = LINE('',#8008,#8123);
#8125 = EDGE_CURVE('',#8009,#8119,#8124,.T.);
#8126 = ORIENTED_EDGE('',*,*,#8125,.F.);
#8127 = ORIENTED_EDGE('',*,*,#8017,.T.);
#8128 = DIRECTION('',(0.,0.,1.));
#8129 = VECTOR('',#8128,1.);
#8130 = LINE('',#8006,#8129);
#8131 = EDGE_CURVE('',#8007,#8121,#8130,.T.);
#8132 = ORIENTED_EDGE('',*,*,#8131,.T.);
#8133 = DIRECTION('',(-1.,0.,0.));
#8134 = VECTOR('',#8133,1.);
#8135 = LINE('',#8118,#8134);
#8136 = EDGE_CURVE('',#8119,#8121,#8135,.T.);
#8137 = ORIENTED_EDGE('',*,*,#8136,.F.);
#8138 = CARTESIAN_POINT('',(11.0105,-0.8504999999999999,5.));
#8139 = DIRECTION('',(0.,1.,0.));
#8140 = DIRECTION('',(0.,0.,-1.));
#8141 = AXIS2_PLACEMENT_3D('',#8138,#8139,#8140);
#8142 = PLANE('',#8141);
#8143 = EDGE_LOOP('',(#8126,#8127,#8132,#8137));
#8144 = FACE_OUTER_BOUND('',#8143,.T.);
#8145 = ADVANCED_FACE('',(#8144),#8142,.T.);
#8146 = CARTESIAN_POINT('',(9.3095,0.8504999999999999,5.));
#8147 = VERTEX_POINT('',#8146);
#8148 = ORIENTED_EDGE('',*,*,#8131,.F.);
#8149 = ORIENTED_EDGE('',*,*,#8054,.T.);
#8150 = DIRECTION('',(0.,0.,1.));
#8151 = VECTOR('',#8150,1.);
#8152 = LINE('',#8044,#8151);
#8153 = EDGE_CURVE('',#8045,#8147,#8152,.T.);
#8154 = ORIENTED_EDGE('',*,*,#8153,.T.);
#8155 = DIRECTION('',(0.,1.,0.));
#8156 = VECTOR('',#8155,1.);
#8157 = LINE('',#8120,#8156);
#8158 = EDGE_CURVE('',#8121,#8147,#8157,.T.);
#8159 = ORIENTED_EDGE('',*,*,#8158,.F.);
#8160 = CARTESIAN_POINT('',(9.3095,-0.8504999999999999,5.));
#8161 = DIRECTION('',(1.,0.,0.));
#8162 = DIRECTION('',(0.,0.,-1.));
#8163 = AXIS2_PLACEMENT_3D('',#8160,#8161,#8162);
#8164 = PLANE('',#8163);
#8165 = EDGE_LOOP('',(#8148,#8149,#8154,#8159));
#8166 = FACE_OUTER_BOUND('',#8165,.T.);
#8167 = ADVANCED_FACE('',(#8166),#8164,.T.);
#8168 = CARTESIAN_POINT('',(11.0105,0.8504999999999999,5.));
#8169 = VERTEX_POINT('',#8168);
#8170 = DIRECTION('',(0.,0.,1.));
#8171 = VECTOR('',#8170,1.);
#8172 = LINE('',#8070,#8171);
#8173 = EDGE_CURVE('',#8071,#8169,#8172,.T.);
#8174 = ORIENTED_EDGE('',*,*,#8173,.F.);
#8175 = ORIENTED_EDGE('',*,*,#8102,.F.);
#8176 = ORIENTED_EDGE('',*,*,#8125,.T.);
#8177 = DIRECTION('',(0.,1.,0.));
#8178 = VECTOR('',#8177,1.);
#8179 = LINE('',#8118,#8178);
#8180 = EDGE_CURVE('',#8119,#8169,#8179,.T.);
#8181 = ORIENTED_EDGE('',*,*,#8180,.T.);
#8182 = CARTESIAN_POINT('',(11.0105,0.8504999999999999,5.));
#8183 = DIRECTION('',(-1.,0.,0.));
#8184 = DIRECTION('',(0.,0.,-1.));
#8185 = AXIS2_PLACEMENT_3D('',#8182,#8183,#8184);
#8186 = PLANE('',#8185);
#8187 = EDGE_LOOP('',(#8174,#8175,#8176,#8181));
#8188 = FACE_OUTER_BOUND('',#8187,.T.);
#8189 = ADVANCED_FACE('',(#8188),#8186,.T.);
#8190 = ORIENTED_EDGE('',*,*,#8153,.F.);
#8191 = ORIENTED_EDGE('',*,*,#8077,.F.);
#8192 = ORIENTED_EDGE('',*,*,#8173,.T.);
#8193 = DIRECTION('',(-1.,0.,0.));
#8194 = VECTOR('',#8193,1.);
#8195 = LINE('',#8168,#8194);
#8196 = EDGE_CURVE('',#8169,#8147,#8195,.T.);
#8197 = ORIENTED_EDGE('',*,*,#8196,.T.);
#8198 = CARTESIAN_POINT('',(9.3095,0.8504999999999999,5.));
#8199 = DIRECTION('',(0.,-1.,0.));
#8200 = DIRECTION('',(0.,0.,-1.));
#8201 = AXIS2_PLACEMENT_3D('',#8198,#8199,#8200);
#8202 = PLANE('',#8201);
#8203 = EDGE_LOOP('',(#8190,#8191,#8192,#8197));
#8204 = FACE_OUTER_BOUND('',#8203,.T.);
#8205 = ADVANCED_FACE('',(#8204),#8202,.T.);
#8206 = DIRECTION('',(0.,0.,1.));
#8207 = VECTOR('',#8206,1.);
#8208 = LINE('',#7944,#8207);
#8209 = EDGE_CURVE('',#7945,#8013,#8208,.T.);
#8210 = ORIENTED_EDGE('',*,*,#8209,.F.);
#8211 = ORIENTED_EDGE('',*,*,#7949,.T.);
#8212 = DIRECTION('',(0.,0.,1.));
#8213 = VECTOR('',#8212,1.);
#8214 = LINE('',#7916,#8213);
#8215 = EDGE_CURVE('',#7917,#8043,#8214,.T.);
#8216 = ORIENTED_EDGE('',*,*,#8215,.T.);
#8217 = ORIENTED_EDGE('',*,*,#8060,.F.);
#8218 = CARTESIAN_POINT('',(9.6875,-0.4725,4.385399999999999));
#8219 = DIRECTION('',(1.,0.,0.));
#8220 = DIRECTION('',(0.,0.,-1.));
#8221 = AXIS2_PLACEMENT_3D('',#8218,#8219,#8220);
#8222 = PLANE('',#8221);
#8223 = EDGE_LOOP('',(#8210,#8211,#8216,#8217));
#8224 = FACE_OUTER_BOUND('',#8223,.T.);
#8225 = ADVANCED_FACE('',(#8224),#8222,.T.);
#8226 = ORIENTED_EDGE('',*,*,#8108,.T.);
#8227 = DIRECTION('',(0.,0.,1.));
#8228 = VECTOR('',#8227,1.);
#8229 = LINE('',#7914,#8228);
#8230 = EDGE_CURVE('',#7915,#8073,#8229,.T.);
#8231 = ORIENTED_EDGE('',*,*,#8230,.F.);
#8232 = ORIENTED_EDGE('',*,*,#7977,.F.);
#8233 = DIRECTION('',(0.,0.,1.));
#8234 = VECTOR('',#8233,1.);
#8235 = LINE('',#7966,#8234);
#8236 = EDGE_CURVE('',#7967,#8011,#8235,.T.);
#8237 = ORIENTED_EDGE('',*,*,#8236,.T.);
#8238 = CARTESIAN_POINT('',(10.6325,-0.4725,4.385400000000001));
#8239 = DIRECTION('',(-1.,0.,0.));
#8240 = DIRECTION('',(0.,1.,0.));
#8241 = AXIS2_PLACEMENT_3D('',#8238,#8239,#8240);
#8242 = PLANE('',#8241);
#8243 = EDGE_LOOP('',(#8226,#8231,#8232,#8237));
#8244 = FACE_OUTER_BOUND('',#8243,.T.);
#8245 = ADVANCED_FACE('',(#8244),#8242,.T.);
#8246 = ORIENTED_EDGE('',*,*,#8236,.F.);
#8247 = ORIENTED_EDGE('',*,*,#7995,.T.);
#8248 = ORIENTED_EDGE('',*,*,#8209,.T.);
#8249 = ORIENTED_EDGE('',*,*,#8027,.F.);
#8250 = CARTESIAN_POINT('',(10.6325,-0.4725,4.385399999999999));
#8251 = DIRECTION('',(0.,1.,0.));
#8252 = DIRECTION('',(0.,0.,-1.));
#8253 = AXIS2_PLACEMENT_3D('',#8250,#8251,#8252);
#8254 = PLANE('',#8253);
#8255 = EDGE_LOOP('',(#8246,#8247,#8248,#8249));
#8256 = FACE_OUTER_BOUND('',#8255,.T.);
#8257 = ADVANCED_FACE('',(#8256),#8254,.T.);
#8258 = ORIENTED_EDGE('',*,*,#8215,.F.);
#8259 = ORIENTED_EDGE('',*,*,#7927,.F.);
#8260 = ORIENTED_EDGE('',*,*,#8230,.T.);
#8261 = ORIENTED_EDGE('',*,*,#8083,.T.);
#8262 = CARTESIAN_POINT('',(9.6875,0.4725,4.385400000000001));
#8263 = DIRECTION('',(0.,-1.,0.));
#8264 = DIRECTION('',(0.,0.,-1.));
#8265 = AXIS2_PLACEMENT_3D('',#8262,#8263,#8264);
#8266 = PLANE('',#8265);
#8267 = EDGE_LOOP('',(#8258,#8259,#8260,#8261));
#8268 = FACE_OUTER_BOUND('',#8267,.T.);
#8269 = ADVANCED_FACE('',(#8268),#8266,.T.);
#8270 = ORIENTED_EDGE('',*,*,#7780,.F.);
#8271 = DIRECTION('',(1.,0.,0.));
#8272 = VECTOR('',#8271,1.);
#8273 = LINE('',#7752,#8272);
#8274 = EDGE_CURVE('',#7753,#8147,#8273,.T.);
#8275 = ORIENTED_EDGE('',*,*,#8274,.T.);
#8276 = ORIENTED_EDGE('',*,*,#8196,.F.);
#8277 = DIRECTION('',(1.,0.,0.));
#8278 = VECTOR('',#8277,1.);
#8279 = LINE('',#8168,#8278);
#8280 = EDGE_CURVE('',#8169,#7821,#8279,.T.);
#8281 = ORIENTED_EDGE('',*,*,#8280,.T.);
#8282 = ORIENTED_EDGE('',*,*,#7849,.T.);
#8283 = ORIENTED_EDGE('',*,*,#7898,.T.);
#8284 = CARTESIAN_POINT('',(8.89,1.27,5.));
#8285 = DIRECTION('',(0.,0.,1.));
#8286 = DIRECTION('',(0.,-1.,0.));
#8287 = AXIS2_PLACEMENT_3D('',#8284,#8285,#8286);
#8288 = PLANE('',#8287);
#8289 = EDGE_LOOP('',(#8270,#8275,#8276,#8281,#8282,#8283));
#8290 = FACE_OUTER_BOUND('',#8289,.T.);
#8291 = ADVANCED_FACE('',(#8290),#8288,.T.);
#8292 = ORIENTED_EDGE('',*,*,#8180,.F.);
#8293 = DIRECTION('',(1.,0.,0.));
#8294 = VECTOR('',#8293,1.);
#8295 = LINE('',#8118,#8294);
#8296 = EDGE_CURVE('',#8119,#7823,#8295,.T.);
#8297 = ORIENTED_EDGE('',*,*,#8296,.T.);
#8298 = ORIENTED_EDGE('',*,*,#7854,.T.);
#8299 = ORIENTED_EDGE('',*,*,#8280,.F.);
#8300 = CARTESIAN_POINT('',(11.0105,0.8504999999999999,5.));
#8301 = DIRECTION('',(0.,0.,1.));
#8302 = DIRECTION('',(0.,-1.,0.));
#8303 = AXIS2_PLACEMENT_3D('',#8300,#8301,#8302);
#8304 = PLANE('',#8303);
#8305 = EDGE_LOOP('',(#8292,#8297,#8298,#8299));
#8306 = FACE_OUTER_BOUND('',#8305,.T.);
#8307 = ADVANCED_FACE('',(#8306),#8304,.T.);
#8308 = ORIENTED_EDGE('',*,*,#7775,.F.);
#8309 = DIRECTION('',(1.,0.,0.));
#8310 = VECTOR('',#8309,1.);
#8311 = LINE('',#7750,#8310);
#8312 = EDGE_CURVE('',#7751,#8121,#8311,.T.);
#8313 = ORIENTED_EDGE('',*,*,#8312,.T.);
#8314 = ORIENTED_EDGE('',*,*,#8158,.T.);
#8315 = ORIENTED_EDGE('',*,*,#8274,.F.);
#8316 = CARTESIAN_POINT('',(8.89,0.8504999999999999,5.));
#8317 = DIRECTION('',(0.,0.,1.));
#8318 = DIRECTION('',(0.,-1.,0.));
#8319 = AXIS2_PLACEMENT_3D('',#8316,#8317,#8318);
#8320 = PLANE('',#8319);
#8321 = EDGE_LOOP('',(#8308,#8313,#8314,#8315));
#8322 = FACE_OUTER_BOUND('',#8321,.T.);
#8323 = ADVANCED_FACE('',(#8322),#8320,.T.);
#8324 = ORIENTED_EDGE('',*,*,#7770,.T.);
#8325 = ORIENTED_EDGE('',*,*,#7883,.F.);
#8326 = ORIENTED_EDGE('',*,*,#7859,.F.);
#8327 = ORIENTED_EDGE('',*,*,#8296,.F.);
#8328 = ORIENTED_EDGE('',*,*,#8136,.T.);
#8329 = ORIENTED_EDGE('',*,*,#8312,.F.);
#8330 = CARTESIAN_POINT('',(8.89,-0.8504999999999999,5.));
#8331 = DIRECTION('',(0.,0.,1.));
#8332 = DIRECTION('',(0.,-1.,0.));
#8333 = AXIS2_PLACEMENT_3D('',#8330,#8331,#8332);
#8334 = PLANE('',#8333);
#8335 = EDGE_LOOP('',(#8324,#8325,#8326,#8327,#8328,#8329));
#8336 = FACE_OUTER_BOUND('',#8335,.T.);
#8337 = ADVANCED_FACE('',(#8336),#8334,.T.);
#8338 = CLOSED_SHELL('',(#7809,#7873,#7893,#7913,#7943,#7965,#7987,#8005,#8041,#8069,#8097,#8117,#8145,#8167,#8189,#8205,#8225,#8245,#8257,#8269,#8291,#8307,#8323,#8337));
#8339 = MANIFOLD_SOLID_BREP('',#8338);
#8340 = COLOUR_RGB('',0.10196078431372549,0.10196078431372549,0.10196078431372549);
#8341 = FILL_AREA_STYLE_COLOUR('',#8340);
#8342 = FILL_AREA_STYLE('',(#8341));
#8343 = SURFACE_STYLE_FILL_AREA(#8342);
#8344 = SURFACE_SIDE_STYLE('',(#8343));
#8345 = SURFACE_STYLE_USAGE(.BOTH.,#8344);
#8346 = PRESENTATION_STYLE_ASSIGNMENT((#8345));
#8347 = STYLED_ITEM('',(#8346),#8339);
#8348 = CARTESIAN_POINT('',(10.475,-0.315,0.));
#8349 = VERTEX_POINT('',#8348);
#8350 = CARTESIAN_POINT('',(9.845,-0.315,0.));
#8351 = VERTEX_POINT('',#8350);
#8352 = CARTESIAN_POINT('',(9.845,-0.315,-2.7));
#8353 = VERTEX_POINT('',#8352);
#8354 = CARTESIAN_POINT('',(10.475,-0.315,-2.7));
#8355 = VERTEX_POINT('',#8354);
#8356 = DIRECTION('',(-1.,0.,0.));
#8357 = VECTOR('',#8356,1.);
#8358 = LINE('',#8348,#8357);
#8359 = EDGE_CURVE('',#8349,#8351,#8358,.T.);
#8360 = ORIENTED_EDGE('',*,*,#8359,.T.);
#8361 = DIRECTION('',(0.,0.,1.));
#8362 = VECTOR('',#8361,1.);
#8363 = LINE('',#8352,#8362);
#8364 = EDGE_CURVE('',#8353,#8351,#8363,.T.);
#8365 = ORIENTED_EDGE('',*,*,#8364,.F.);
#8366 = DIRECTION('',(-1.,0.,0.));
#8367 = VECTOR('',#8366,1.);
#8368 = LINE('',#8354,#8367);
#8369 = EDGE_CURVE('',#8355,#8353,#8368,.T.);
#8370 = ORIENTED_EDGE('',*,*,#8369,.F.);
#8371 = DIRECTION('',(0.,0.,1.));
#8372 = VECTOR('',#8371,1.);
#8373 = LINE('',#8354,#8372);
#8374 = EDGE_CURVE('',#8355,#8349,#8373,.T.);
#8375 = ORIENTED_EDGE('',*,*,#8374,.T.);
#8376 = CARTESIAN_POINT('',(10.475,-0.315,0.));
#8377 = DIRECTION('',(0.,-1.,0.));
#8378 = DIRECTION('',(-1.,0.,0.));
#8379 = AXIS2_PLACEMENT_3D('',#8376,#8377,#8378);
#8380 = PLANE('',#8379);
#8381 = EDGE_LOOP('',(#8360,#8365,#8370,#8375));
#8382 = FACE_OUTER_BOUND('',#8381,.T.);
#8383 = ADVANCED_FACE('',(#8382),#8380,.T.);
#8384 = CARTESIAN_POINT('',(10.475,0.315,-2.7));
#8385 = VERTEX_POINT('',#8384);
#8386 = CARTESIAN_POINT('',(10.475,0.315,0.));
#8387 = VERTEX_POINT('',#8386);
#8388 = ORIENTED_EDGE('',*,*,#8374,.F.);
#8389 = DIRECTION('',(0.,1.,0.));
#8390 = VECTOR('',#8389,1.);
#8391 = LINE('',#8354,#8390);
#8392 = EDGE_CURVE('',#8355,#8385,#8391,.T.);
#8393 = ORIENTED_EDGE('',*,*,#8392,.T.);
#8394 = DIRECTION('',(0.,0.,1.));
#8395 = VECTOR('',#8394,1.);
#8396 = LINE('',#8384,#8395);
#8397 = EDGE_CURVE('',#8385,#8387,#8396,.T.);
#8398 = ORIENTED_EDGE('',*,*,#8397,.T.);
#8399 = DIRECTION('',(0.,1.,0.));
#8400 = VECTOR('',#8399,1.);
#8401 = LINE('',#8348,#8400);
#8402 = EDGE_CURVE('',#8349,#8387,#8401,.T.);
#8403 = ORIENTED_EDGE('',*,*,#8402,.F.);
#8404 = CARTESIAN_POINT('',(10.475,-0.315,0.));
#8405 = DIRECTION('',(1.,0.,0.));
#8406 = DIRECTION('',(0.,0.,-1.));
#8407 = AXIS2_PLACEMENT_3D('',#8404,#8405,#8406);
#8408 = PLANE('',#8407);
#8409 = EDGE_LOOP('',(#8388,#8393,#8398,#8403));
#8410 = FACE_OUTER_BOUND('',#8409,.T.);
#8411 = ADVANCED_FACE('',(#8410),#8408,.T.);
#8412 = CARTESIAN_POINT('',(10.335,-0.175,-3.));
#8413 = VERTEX_POINT('',#8412);
#8414 = CARTESIAN_POINT('',(9.985,-0.175,-3.));
#8415 = VERTEX_POINT('',#8414);
#8416 = DIRECTION('',(0.3894904188522574,-0.38949041885226077,0.8346223261119867));
#8417 = VECTOR('',#8416,1.);
#8418 = LINE('',#8412,#8417);
#8419 = EDGE_CURVE('',#8413,#8355,#8418,.T.);
#8420 = ORIENTED_EDGE('',*,*,#8419,.T.);
#8421 = ORIENTED_EDGE('',*,*,#8369,.T.);
#8422 = DIRECTION('',(0.3894904188522574,0.38949041885226077,-0.8346223261119867));
#8423 = VECTOR('',#8422,1.);
#8424 = LINE('',#8352,#8423);
#8425 = EDGE_CURVE('',#8353,#8415,#8424,.T.);
#8426 = ORIENTED_EDGE('',*,*,#8425,.T.);
#8427 = DIRECTION('',(-1.,0.,0.));
#8428 = VECTOR('',#8427,1.);
#8429 = LINE('',#8412,#8428);
#8430 = EDGE_CURVE('',#8413,#8415,#8429,.T.);
#8431 = ORIENTED_EDGE('',*,*,#8430,.F.);
#8432 = CARTESIAN_POINT('',(10.335,-0.175,-3.));
#8433 = DIRECTION('',(0.,-0.9061831399952658,-0.42288546533112326));
#8434 = DIRECTION('',(0.3894904188522574,-0.38949041885226077,0.8346223261119867));
#8435 = AXIS2_PLACEMENT_3D('',#8432,#8433,#8434);
#8436 = PLANE('',#8435);
#8437 = EDGE_LOOP('',(#8420,#8421,#8426,#8431));
#8438 = FACE_OUTER_BOUND('',#8437,.T.);
#8439 = ADVANCED_FACE('',(#8438),#8436,.T.);
#8440 = CARTESIAN_POINT('',(9.845,0.315,0.));
#8441 = VERTEX_POINT('',#8440);
#8442 = CARTESIAN_POINT('',(9.845,0.315,-2.7));
#8443 = VERTEX_POINT('',#8442);
#8444 = DIRECTION('',(-1.,0.,0.));
#8445 = VECTOR('',#8444,1.);
#8446 = LINE('',#8386,#8445);
#8447 = EDGE_CURVE('',#8387,#8441,#8446,.T.);
#8448 = ORIENTED_EDGE('',*,*,#8447,.F.);
#8449 = ORIENTED_EDGE('',*,*,#8397,.F.);
#8450 = DIRECTION('',(-1.,0.,0.));
#8451 = VECTOR('',#8450,1.);
#8452 = LINE('',#8384,#8451);
#8453 = EDGE_CURVE('',#8385,#8443,#8452,.T.);
#8454 = ORIENTED_EDGE('',*,*,#8453,.T.);
#8455 = DIRECTION('',(0.,0.,1.));
#8456 = VECTOR('',#8455,1.);
#8457 = LINE('',#8442,#8456);
#8458 = EDGE_CURVE('',#8443,#8441,#8457,.T.);
#8459 = ORIENTED_EDGE('',*,*,#8458,.T.);
#8460 = CARTESIAN_POINT('',(9.845,0.315,0.));
#8461 = DIRECTION('',(0.,1.,0.));
#8462 = DIRECTION('',(1.,0.,0.));
#8463 = AXIS2_PLACEMENT_3D('',#8460,#8461,#8462);
#8464 = PLANE('',#8463);
#8465 = EDGE_LOOP('',(#8448,#8449,#8454,#8459));
#8466 = FACE_OUTER_BOUND('',#8465,.T.);
#8467 = ADVANCED_FACE('',(#8466),#8464,.T.);
#8468 = ORIENTED_EDGE('',*,*,#8458,.F.);
#8469 = DIRECTION('',(0.,1.,0.));
#8470 = VECTOR('',#8469,1.);
#8471 = LINE('',#8352,#8470);
#8472 = EDGE_CURVE('',#8353,#8443,#8471,.T.);
#8473 = ORIENTED_EDGE('',*,*,#8472,.F.);
#8474 = ORIENTED_EDGE('',*,*,#8364,.T.);
#8475 = DIRECTION('',(0.,1.,0.));
#8476 = VECTOR('',#8475,1.);
#8477 = LINE('',#8350,#8476);
#8478 = EDGE_CURVE('',#8351,#8441,#8477,.T.);
#8479 = ORIENTED_EDGE('',*,*,#8478,.T.);
#8480 = CARTESIAN_POINT('',(9.845,0.315,0.));
#8481 = DIRECTION('',(-1.,0.,0.));
#8482 = DIRECTION('',(0.,0.,-1.));
#8483 = AXIS2_PLACEMENT_3D('',#8480,#8481,#8482);
#8484 = PLANE('',#8483);
#8485 = EDGE_LOOP('',(#8468,#8473,#8474,#8479));
#8486 = FACE_OUTER_BOUND('',#8485,.T.);
#8487 = ADVANCED_FACE('',(#8486),#8484,.T.);
#8488 = ORIENTED_EDGE('',*,*,#8478,.F.);
#8489 = ORIENTED_EDGE('',*,*,#8359,.F.);
#8490 = ORIENTED_EDGE('',*,*,#8402,.T.);
#8491 = ORIENTED_EDGE('',*,*,#8447,.T.);
#8492 = CARTESIAN_POINT('',(9.845,0.315,0.));
#8493 = DIRECTION('',(0.,0.,1.));
#8494 = DIRECTION('',(0.,-1.,0.));
#8495 = AXIS2_PLACEMENT_3D('',#8492,#8493,#8494);
#8496 = PLANE('',#8495);
#8497 = EDGE_LOOP('',(#8488,#8489,#8490,#8491));
#8498 = FACE_OUTER_BOUND('',#8497,.T.);
#8499 = ADVANCED_FACE('',(#8498),#8496,.T.);
#8500 = CARTESIAN_POINT('',(10.335,0.175,-3.));
#8501 = VERTEX_POINT('',#8500);
#8502 = DIRECTION('',(0.3894904188522574,0.38949041885226077,0.8346223261119867));
#8503 = VECTOR('',#8502,1.);
#8504 = LINE('',#8500,#8503);
#8505 = EDGE_CURVE('',#8501,#8385,#8504,.T.);
#8506 = ORIENTED_EDGE('',*,*,#8505,.T.);
#8507 = ORIENTED_EDGE('',*,*,#8392,.F.);
#8508 = ORIENTED_EDGE('',*,*,#8419,.F.);
#8509 = DIRECTION('',(0.,1.,0.));
#8510 = VECTOR('',#8509,1.);
#8511 = LINE('',#8412,#8510);
#8512 = EDGE_CURVE('',#8413,#8501,#8511,.T.);
#8513 = ORIENTED_EDGE('',*,*,#8512,.T.);
#8514 = CARTESIAN_POINT('',(10.335,0.175,-3.));
#8515 = DIRECTION('',(0.9061831399952666,0.,-0.42288546533112137));
#8516 = DIRECTION('',(0.3894904188522574,0.38949041885226077,0.8346223261119867));
#8517 = AXIS2_PLACEMENT_3D('',#8514,#8515,#8516);
#8518 = PLANE('',#8517);
#8519 = EDGE_LOOP('',(#8506,#8507,#8508,#8513));
#8520 = FACE_OUTER_BOUND('',#8519,.T.);
#8521 = ADVANCED_FACE('',(#8520),#8518,.T.);
#8522 = CARTESIAN_POINT('',(9.985,0.175,-3.));
#8523 = VERTEX_POINT('',#8522);
#8524 = DIRECTION('',(0.3894904188522574,-0.38949041885226077,-0.8346223261119867));
#8525 = VECTOR('',#8524,1.);
#8526 = LINE('',#8442,#8525);
#8527 = EDGE_CURVE('',#8443,#8523,#8526,.T.);
#8528 = ORIENTED_EDGE('',*,*,#8527,.F.);
#8529 = ORIENTED_EDGE('',*,*,#8453,.F.);
#8530 = ORIENTED_EDGE('',*,*,#8505,.F.);
#8531 = DIRECTION('',(-1.,0.,0.));
#8532 = VECTOR('',#8531,1.);
#8533 = LINE('',#8500,#8532);
#8534 = EDGE_CURVE('',#8501,#8523,#8533,.T.);
#8535 = ORIENTED_EDGE('',*,*,#8534,.T.);
#8536 = CARTESIAN_POINT('',(9.985,0.175,-3.));
#8537 = DIRECTION('',(0.,0.9061831399952658,-0.42288546533112326));
#8538 = DIRECTION('',(-0.3894904188522574,0.38949041885226077,0.8346223261119867));
#8539 = AXIS2_PLACEMENT_3D('',#8536,#8537,#8538);
#8540 = PLANE('',#8539);
#8541 = EDGE_LOOP('',(#8528,#8529,#8530,#8535));
#8542 = FACE_OUTER_BOUND('',#8541,.T.);
#8543 = ADVANCED_FACE('',(#8542),#8540,.T.);
#8544 = ORIENTED_EDGE('',*,*,#8534,.F.);
#8545 = ORIENTED_EDGE('',*,*,#8512,.F.);
#8546 = ORIENTED_EDGE('',*,*,#8430,.T.);
#8547 = DIRECTION('',(0.,1.,0.));
#8548 = VECTOR('',#8547,1.);
#8549 = LINE('',#8414,#8548);
#8550 = EDGE_CURVE('',#8415,#8523,#8549,.T.);
#8551 = ORIENTED_EDGE('',*,*,#8550,.T.);
#8552 = CARTESIAN_POINT('',(9.985,0.175,-3.));
#8553 = DIRECTION('',(0.,0.,-1.));
#8554 = DIRECTION('',(1.,0.,0.));
#8555 = AXIS2_PLACEMENT_3D('',#8552,#8553,#8554);
#8556 = PLANE('',#8555);
#8557 = EDGE_LOOP('',(#8544,#8545,#8546,#8551));
#8558 = FACE_OUTER_BOUND('',#8557,.T.);
#8559 = ADVANCED_FACE('',(#8558),#8556,.T.);
#8560 = ORIENTED_EDGE('',*,*,#8550,.F.);
#8561 = ORIENTED_EDGE('',*,*,#8425,.F.);
#8562 = ORIENTED_EDGE('',*,*,#8472,.T.);
#8563 = ORIENTED_EDGE('',*,*,#8527,.T.);
#8564 = CARTESIAN_POINT('',(9.985,0.175,-3.));
#8565 = DIRECTION('',(-0.9061831399952666,0.,-0.4228854653311212));
#8566 = DIRECTION('',(0.,-1.,0.));
#8567 = AXIS2_PLACEMENT_3D('',#8564,#8565,#8566);
#8568 = PLANE('',#8567);
#8569 = EDGE_LOOP('',(#8560,#8561,#8562,#8563));
#8570 = FACE_OUTER_BOUND('',#8569,.T.);
#8571 = ADVANCED_FACE('',(#8570),#8568,.T.);
#8572 = CLOSED_SHELL('',(#8383,#8411,#8439,#8467,#8487,#8499,#8521,#8543,#8559,#8571));
#8573 = MANIFOLD_SOLID_BREP('',#8572);
#8574 = CARTESIAN_POINT('',(9.656,-0.504,0.));
#8575 = VERTEX_POINT('',#8574);
#8576 = CARTESIAN_POINT('',(9.656,-0.504,0.504));
#8577 = VERTEX_POINT('',#8576);
#8578 = CARTESIAN_POINT('',(9.656,0.504,0.504));
#8579 = VERTEX_POINT('',#8578);
#8580 = CARTESIAN_POINT('',(9.656,0.504,0.));
#8581 = VERTEX_POINT('',#8580);
#8582 = DIRECTION('',(0.,0.,1.));
#8583 = VECTOR('',#8582,1.);
#8584 = LINE('',#8574,#8583);
#8585 = EDGE_CURVE('',#8575,#8577,#8584,.T.);
#8586 = ORIENTED_EDGE('',*,*,#8585,.T.);
#8587 = DIRECTION('',(0.,1.,0.));
#8588 = VECTOR('',#8587,1.);
#8589 = LINE('',#8576,#8588);
#8590 = EDGE_CURVE('',#8577,#8579,#8589,.T.);
#8591 = ORIENTED_EDGE('',*,*,#8590,.T.);
#8592 = DIRECTION('',(0.,0.,1.));
#8593 = VECTOR('',#8592,1.);
#8594 = LINE('',#8580,#8593);
#8595 = EDGE_CURVE('',#8581,#8579,#8594,.T.);
#8596 = ORIENTED_EDGE('',*,*,#8595,.F.);
#8597 = DIRECTION('',(0.,1.,0.));
#8598 = VECTOR('',#8597,1.);
#8599 = LINE('',#8574,#8598);
#8600 = EDGE_CURVE('',#8575,#8581,#8599,.T.);
#8601 = ORIENTED_EDGE('',*,*,#8600,.F.);
#8602 = CARTESIAN_POINT('',(9.656,-0.504,0.));
#8603 = DIRECTION('',(-1.,0.,0.));
#8604 = DIRECTION('',(0.,0.,1.));
#8605 = AXIS2_PLACEMENT_3D('',#8602,#8603,#8604);
#8606 = PLANE('',#8605);
#8607 = EDGE_LOOP('',(#8586,#8591,#8596,#8601));
#8608 = FACE_OUTER_BOUND('',#8607,.T.);
#8609 = ADVANCED_FACE('',(#8608),#8606,.T.);
#8610 = CARTESIAN_POINT('',(10.664,-0.504,0.));
#8611 = VERTEX_POINT('',#8610);
#8612 = CARTESIAN_POINT('',(10.664,0.504,0.));
#8613 = VERTEX_POINT('',#8612);
#8614 = CARTESIAN_POINT('',(10.664,0.504,0.504));
#8615 = VERTEX_POINT('',#8614);
#8616 = CARTESIAN_POINT('',(10.664,-0.504,0.504));
#8617 = VERTEX_POINT('',#8616);
#8618 = DIRECTION('',(0.,1.,0.));
#8619 = VECTOR('',#8618,1.);
#8620 = LINE('',#8610,#8619);
#8621 = EDGE_CURVE('',#8611,#8613,#8620,.T.);
#8622 = ORIENTED_EDGE('',*,*,#8621,.T.);
#8623 = DIRECTION('',(0.,0.,1.));
#8624 = VECTOR('',#8623,1.);
#8625 = LINE('',#8612,#8624);
#8626 = EDGE_CURVE('',#8613,#8615,#8625,.T.);
#8627 = ORIENTED_EDGE('',*,*,#8626,.T.);
#8628 = DIRECTION('',(0.,1.,0.));
#8629 = VECTOR('',#8628,1.);
#8630 = LINE('',#8616,#8629);
#8631 = EDGE_CURVE('',#8617,#8615,#8630,.T.);
#8632 = ORIENTED_EDGE('',*,*,#8631,.F.);
#8633 = DIRECTION('',(0.,0.,1.));
#8634 = VECTOR('',#8633,1.);
#8635 = LINE('',#8610,#8634);
#8636 = EDGE_CURVE('',#8611,#8617,#8635,.T.);
#8637 = ORIENTED_EDGE('',*,*,#8636,.F.);
#8638 = CARTESIAN_POINT('',(10.664,-0.504,0.));
#8639 = DIRECTION('',(1.,0.,0.));
#8640 = DIRECTION('',(0.,1.,0.));
#8641 = AXIS2_PLACEMENT_3D('',#8638,#8639,#8640);
#8642 = PLANE('',#8641);
#8643 = EDGE_LOOP('',(#8622,#8627,#8632,#8637));
#8644 = FACE_OUTER_BOUND('',#8643,.T.);
#8645 = ADVANCED_FACE('',(#8644),#8642,.T.);
#8646 = DIRECTION('',(-1.,0.,0.));
#8647 = VECTOR('',#8646,1.);
#8648 = LINE('',#8610,#8647);
#8649 = EDGE_CURVE('',#8611,#8575,#8648,.T.);
#8650 = ORIENTED_EDGE('',*,*,#8649,.F.);
#8651 = ORIENTED_EDGE('',*,*,#8636,.T.);
#8652 = DIRECTION('',(-1.,0.,0.));
#8653 = VECTOR('',#8652,1.);
#8654 = LINE('',#8616,#8653);
#8655 = EDGE_CURVE('',#8617,#8577,#8654,.T.);
#8656 = ORIENTED_EDGE('',*,*,#8655,.T.);
#8657 = ORIENTED_EDGE('',*,*,#8585,.F.);
#8658 = CARTESIAN_POINT('',(9.656,-0.504,0.));
#8659 = DIRECTION('',(0.,-1.,0.));
#8660 = DIRECTION('',(1.,0.,0.));
#8661 = AXIS2_PLACEMENT_3D('',#8658,#8659,#8660);
#8662 = PLANE('',#8661);
#8663 = EDGE_LOOP('',(#8650,#8651,#8656,#8657));
#8664 = FACE_OUTER_BOUND('',#8663,.T.);
#8665 = ADVANCED_FACE('',(#8664),#8662,.T.);
#8666 = ORIENTED_EDGE('',*,*,#8595,.T.);
#8667 = DIRECTION('',(-1.,0.,0.));
#8668 = VECTOR('',#8667,1.);
#8669 = LINE('',#8614,#8668);
#8670 = EDGE_CURVE('',#8615,#8579,#8669,.T.);
#8671 = ORIENTED_EDGE('',*,*,#8670,.F.);
#8672 = ORIENTED_EDGE('',*,*,#8626,.F.);
#8673 = DIRECTION('',(-1.,0.,0.));
#8674 = VECTOR('',#8673,1.);
#8675 = LINE('',#8612,#8674);
#8676 = EDGE_CURVE('',#8613,#8581,#8675,.T.);
#8677 = ORIENTED_EDGE('',*,*,#8676,.T.);
#8678 = CARTESIAN_POINT('',(9.656,0.504,0.));
#8679 = DIRECTION('',(0.,1.,0.));
#8680 = DIRECTION('',(0.,0.,1.));
#8681 = AXIS2_PLACEMENT_3D('',#8678,#8679,#8680);
#8682 = PLANE('',#8681);
#8683 = EDGE_LOOP('',(#8666,#8671,#8672,#8677));
#8684 = FACE_OUTER_BOUND('',#8683,.T.);
#8685 = ADVANCED_FACE('',(#8684),#8682,.T.);
#8686 = ORIENTED_EDGE('',*,*,#8600,.T.);
#8687 = ORIENTED_EDGE('',*,*,#8676,.F.);
#8688 = ORIENTED_EDGE('',*,*,#8621,.F.);
#8689 = ORIENTED_EDGE('',*,*,#8649,.T.);
#8690 = CARTESIAN_POINT('',(9.656,-0.504,0.));
#8691 = DIRECTION('',(0.,0.,-1.));
#8692 = DIRECTION('',(0.,1.,0.));
#8693 = AXIS2_PLACEMENT_3D('',#8690,#8691,#8692);
#8694 = PLANE('',#8693);
#8695 = EDGE_LOOP('',(#8686,#8687,#8688,#8689));
#8696 = FACE_OUTER_BOUND('',#8695,.T.);
#8697 = ADVANCED_FACE('',(#8696),#8694,.T.);
#8698 = ORIENTED_EDGE('',*,*,#8655,.F.);
#8699 = ORIENTED_EDGE('',*,*,#8631,.T.);
#8700 = ORIENTED_EDGE('',*,*,#8670,.T.);
#8701 = ORIENTED_EDGE('',*,*,#8590,.F.);
#8702 = CARTESIAN_POINT('',(9.656,-0.504,0.504));
#8703 = DIRECTION('',(0.,0.,1.));
#8704 = DIRECTION('',(1.,0.,0.));
#8705 = AXIS2_PLACEMENT_3D('',#8702,#8703,#8704);
#8706 = PLANE('',#8705);
#8707 = EDGE_LOOP('',(#8698,#8699,#8700,#8701));
#8708 = FACE_OUTER_BOUND('',#8707,.T.);
#8709 = ADVANCED_FACE('',(#8708),#8706,.T.);
#8710 = CLOSED_SHELL('',(#8609,#8645,#8665,#8685,#8697,#8709));
#8711 = MANIFOLD_SOLID_BREP('',#8710);
#8712 = ADVANCED_BREP_SHAPE_REPRESENTATION('',(#17,#611,#845,#983,#1577,#1811,#1949,#2543,#2777,#2915,#3509,#3743,#3881,#4475,#4709,#4847,#5441,#5675,#5813,#6407,#6641,#6779,#7373,#7607,#7745,#8339,#8573,#8711),#13);
#8713 = SHAPE_DEFINITION_REPRESENTATION(#8,#8712);
#8714 = MECHANICAL_DESIGN_GEOMETRIC_PRESENTATION_REPRESENTATION('',(#619,#1585,#2551,#3517,#4483,#5449,#6415,#7381,#8347),#13);
ENDSEC;
END-ISO-10303-21;